fidelity,repeat,node_error,edge_error,latency_s,sample_nodes
0.1,0,0.05488334781736747,0.05421507298182915,0.0006970669999972756,5129
0.1,1,0.020121665886757137,0.020256181114089826,0.0006763669999969579,5057
0.1,2,0.01998796711010094,0.02442657134346156,0.0006602630000003273,4913
0.1,3,0.00875726987098068,0.07238605898123297,0.000685810000000231,5059
0.1,4,0.01731399157697707,0.046767947572237255,0.0006726209999996513,4910
0.1,5,0.02065646099338191,0.12868632707774813,0.0006808829999940258,5048
0.1,6,0.0353633264255632,0.05421507298182915,0.0008141100000003121,4896
0.1,7,0.008623571094324487,0.08400357462019674,0.0006559870000018009,4978
0.1,8,0.004077812688013905,0.08728030980041677,0.0007038269999952718,5022
0.1,9,0.03817100073534327,0.05004468275245728,0.0006744840000010299,5033
0.1,10,0.01945317200347617,0.027703306523681723,0.0006660010000061334,5079
0.1,11,0.001270138378233839,0.14358057789693193,0.0007216229999968959,5089
0.1,12,0.012768233170666488,0.07238605898123297,0.0006959549999976389,4912
0.1,13,0.05622033558392941,0.19154006553470335,0.000710848000004205,5011
0.1,14,0.013436727053947457,0.10962168602919246,0.0007021649999998658,5021
0.1,15,0.025335918176348688,0.09889782543938054,0.0006434080000019549,4954
0.1,16,0.02399893040978675,0.13613345248734002,0.0006657810000021414,5013
0.1,17,0.018116184236914232,0.03515043193327362,0.0006673330000026567,5110
0.1,18,0.008623571094324487,0.012809055704497928,0.0006553360000012276,4944
0.1,19,0.007286583327762551,0.042597557342865515,0.0007148529999980724,4988
0.25,0,0.012367136840697908,0.0032767351802204347,0.0006726009999979965,12435
0.25,1,0.015308509927134166,0.023532916294310396,0.0006406239999989793,12563
0.25,2,0.029346881476034495,0.03485254691689008,0.0006868520000011813,12446
0.25,3,0.008489872317668293,0.022937146261543043,0.0006759960000053411,12554
0.25,4,0.03148606190253359,0.030086386654751267,0.0006634180000020251,12229
0.25,5,0.011163847850792165,0.05630026809651475,0.0006757660000005217,12467
0.25,6,0.04057757871515476,0.08370568960381293,0.0006852599999973563,12189
0.25,7,0.006618089444481583,0.030086386654751267,0.000671859000000552,12448
0.25,8,0.00020054816498429038,0.052129877867143286,0.0008341489999992291,12421
0.25,9,0.023330436526505783,0.11647304140601727,0.0006553550000063524,12584
0.25,10,0.02627180961294204,0.02710753649091451,0.00070572999999996,12611
0.25,11,0.015843305033758942,0.012809055704498064,0.0009003469999981917,12695
0.25,12,0.007821378434387325,0.02829907655644921,0.0006981490000015356,12406
0.25,13,0.03215455578581456,0.07596067917783736,0.0007965240000018525,12731
0.25,14,0.018517280566882812,0.039022937146261545,0.0006401529999990885,12620
0.25,15,0.030416471689284044,0.01459636580280012,0.0007104370000021731,12316
0.25,16,0.010896450297479779,0.019362526064938934,0.0006742140000000063,12508
0.25,17,0.0011364396015776455,0.029490616621983913,0.0006547840000052929,12621
0.25,18,0.016779196470352295,0.08966338993148644,0.0007463789999988535,12545
0.25,19,0.01357042583060365,0.02532022639261245,0.0006877229999986412,12550
0.5,0,0.006484390667825389,0.026511766458147155,0.0006803120000000717,24957
0.5,1,0.0035430175813891303,0.013404825737265416,0.0006840579999973784,25103
0.5,2,0.0007353432716090647,0.006255585344057194,0.0006707779999999275,25223
0.5,3,0.008222474764355905,0.012511170688114389,0.0006620759999975689,24862
0.5,4,0.01209973928738552,0.010723860589812333,0.0006346550000060347,24796
0.5,5,0.005147402901263453,0.02323503127792672,0.0008139689999993038,24989
0.5,6,0.006083294337856809,0.0038725052129877867,0.0007318780000034053,24792
0.5,7,0.010762751520823585,0.013106940720881739,0.0006966970000021888,24932
0.5,8,0.004211511464670099,0.0017873100983020554,0.0008972319999998035,24898
0.5,9,0.01691289524700849,0.03306523681858802,0.0006634880000007115,25142
0.5,10,0.007955077211043519,0.020554066130473638,0.000674994999997125,25109
0.5,11,0.006751788221137776,0.013106940720881739,0.000680682999998794,25106
0.5,12,0.003275620028076743,0.002978850163836759,0.0006997109999957729,24957
0.5,13,0.010361655190855005,0.012809055704498064,0.0007194999999953211,25093
0.5,14,0.005281101677919647,0.0002978850163836759,0.000700671999993574,25119
0.5,15,0.020121665886757137,0.014894250819183795,0.0006677539999984106,24795
0.5,16,0.007553980881074938,0.020554066130473638,0.0006367480000051273,24816
0.5,17,0.0038104151347015175,0.005659815311289842,0.0006967170000038436,25057
0.5,18,0.015308509927134166,0.01966041108132261,0.0006797519999963697,25027
0.5,19,0.007152884551106358,0.01757521596663688,0.0006631970000015031,25100
0.75,0,0.0004679457182966776,0.007778108761129375,0.0006380800000016507,37520
0.75,1,0.005191969160148811,0.007182338728362023,0.0006610639999991008,37418
0.75,2,0.004568041535753322,0.01300764571542047,0.0006554949999966198,37528
0.75,3,0.006083294337856809,0.0065203720252870676,0.0006629569999958562,37388
0.75,4,0.0005125119771820349,0.012941449045113,0.0006545950000003131,37465
0.75,5,0.00893553490652223,0.011021745606196008,0.000650507999999661,37458
0.75,6,0.004033246429128548,0.008572468804819133,0.0009302809999951478,37394
0.75,7,0.004434342759097128,0.010425975573428656,0.0007723479999981464,37489
0.75,8,0.0004233794594113203,0.01386820242941783,0.0009063649999987433,37532
0.75,9,0.004077812688013905,0.005527421970674905,0.0006479440000006775,37752
0.75,10,0.003275620028076743,0.0069837487174394825,0.0006828659999982278,37558
0.75,11,0.0011810058604630029,0.0022837851256081367,0.0006667629999981273,37523
0.75,12,0.002250596073712552,0.0010922450600734331,0.0006395630000000097,37351
0.75,13,0.006573523185596225,0.018634362691556643,0.0007848759999973254,37639
0.75,14,0.001270138378233839,0.0077119120908217716,0.0006902069999981109,37513
0.75,15,0.007242017068877194,0.004666865256677544,0.0007120289999988927,37353
0.75,16,0.004969137865721902,0.006189388673749726,0.0006531420000044363,37583
0.75,17,0.004880005347951066,0.01664846258233205,0.0006612839999959874,37583
0.75,18,0.003275620028076743,0.01002879555158371,0.0006550450000020192,37563
0.75,19,0.00964859504868868,0.025187833051997514,0.0007302160000008939,37376
1.0,0,0.0,0.0,0.0006474640000035947,50000
1.0,1,0.0,0.0,0.0006474640000035947,50000
1.0,2,0.0,0.0,0.0006474640000035947,50000
1.0,3,0.0,0.0,0.0006474640000035947,50000
1.0,4,0.0,0.0,0.0006474640000035947,50000
1.0,5,0.0,0.0,0.0006474640000035947,50000
1.0,6,0.0,0.0,0.0006474640000035947,50000
1.0,7,0.0,0.0,0.0006474640000035947,50000
1.0,8,0.0,0.0,0.0006474640000035947,50000
1.0,9,0.0,0.0,0.0006474640000035947,50000
1.0,10,0.0,0.0,0.0006474640000035947,50000
1.0,11,0.0,0.0,0.0006474640000035947,50000
1.0,12,0.0,0.0,0.0006474640000035947,50000
1.0,13,0.0,0.0,0.0006474640000035947,50000
1.0,14,0.0,0.0,0.0006474640000035947,50000
1.0,15,0.0,0.0,0.0006474640000035947,50000
1.0,16,0.0,0.0,0.0006474640000035947,50000
1.0,17,0.0,0.0,0.0006474640000035947,50000
1.0,18,0.0,0.0,0.0006474640000035947,50000
1.0,19,0.0,0.0,0.0006474640000035947,50000
