scenario,epoch,initial_sample_seed,mode,index,node_fidelity,edge_fidelity,node_error,edge_error,violation,candidate_violation,audited,audit_ms,quarantined,reason,state,timing_ratio,profile_epoch,online_ms,build_ms,count_calls
timing_fault,0,25200,exact,1,1.0,1.0,0.0,0.0,False,False,False,0.0,False,,active,,0,25.173599991830997,0.0,2
timing_fault,0,25200,exact,2,1.0,1.0,0.0,0.0,False,False,False,0.0,False,,active,,0,23.82999999099411,0.0,2
timing_fault,0,25200,exact,3,1.0,1.0,0.0,0.0,False,False,False,0.0,False,,active,,0,31.28100000321865,0.0,2
timing_fault,0,25200,exact,4,1.0,1.0,0.0,0.0,False,False,False,0.0,False,,active,,0,32.77210000669584,0.0,2
timing_fault,0,25200,exact,5,1.0,1.0,0.0,0.0,False,False,False,0.0,False,,active,,0,49.59229999803938,0.0,2
timing_fault,0,25200,exact,6,1.0,1.0,0.0,0.0,False,False,False,0.0,False,,active,,0,29.86320000491105,0.0,2
timing_fault,0,25200,exact,7,1.0,1.0,0.0,0.0,False,False,False,0.0,False,,active,,0,26.482200002647005,0.0,2
timing_fault,0,25200,exact,8,1.0,1.0,0.0,0.0,False,False,False,0.0,False,,active,,0,25.726899999426678,0.0,2
timing_fault,0,25200,exact,9,1.0,1.0,0.0,0.0,False,False,False,0.0,False,,active,,0,30.02540000306908,0.0,2
timing_fault,0,25200,exact,10,1.0,1.0,0.0,0.0,False,False,False,0.0,False,,active,,0,28.870499998447485,0.0,2
timing_fault,0,25200,exact,11,1.0,1.0,0.0,0.0,False,False,False,0.0,False,,active,,0,35.19280000182334,0.0,2
timing_fault,0,25200,exact,12,1.0,1.0,0.0,0.0,False,False,False,0.0,False,,active,,0,34.35950000130106,0.0,2
timing_fault,0,25200,exact,13,1.0,1.0,0.0,0.0,False,False,False,0.0,False,,active,,0,38.46729999349918,0.0,2
timing_fault,0,25200,exact,14,1.0,1.0,0.0,0.0,False,False,False,0.0,False,,active,,0,32.7872999914689,0.0,2
timing_fault,0,25200,exact,15,1.0,1.0,0.0,0.0,False,False,False,0.0,False,,active,,0,30.892700000549667,0.0,2
timing_fault,0,25200,exact,16,1.0,1.0,0.0,0.0,False,False,False,0.0,False,,active,,0,25.639800005592406,0.0,2
timing_fault,0,25200,exact,17,1.0,1.0,0.0,0.0,False,False,False,0.0,False,,active,,0,22.64919999288395,0.0,2
timing_fault,0,25200,exact,18,1.0,1.0,0.0,0.0,False,False,False,0.0,False,,active,,0,34.58849999879021,0.0,2
timing_fault,0,25200,exact,19,1.0,1.0,0.0,0.0,False,False,False,0.0,False,,active,,0,41.05379999964498,0.0,2
timing_fault,0,25200,exact,20,1.0,1.0,0.0,0.0,False,False,False,0.0,False,,active,,0,38.366000007954426,0.0,2
timing_fault,0,25200,exact,21,1.0,1.0,0.0,0.0,False,False,False,0.0,False,,active,,0,29.81010000803508,0.0,2
timing_fault,0,25200,exact,22,1.0,1.0,0.0,0.0,False,False,False,0.0,False,,active,,0,29.72450001107063,0.0,2
timing_fault,0,25200,exact,23,1.0,1.0,0.0,0.0,False,False,False,0.0,False,,active,,0,36.45749999850523,0.0,2
timing_fault,0,25200,exact,24,1.0,1.0,0.0,0.0,False,False,False,0.0,False,,active,,0,30.655400012619793,0.0,2
timing_fault,0,25200,exact,25,1.0,1.0,0.0,0.0,False,False,False,0.0,False,,active,,0,33.29880000092089,0.0,2
timing_fault,0,25200,exact,26,1.0,1.0,0.0,0.0,False,False,False,0.0,False,,active,,0,25.584000002709217,0.0,2
timing_fault,0,25200,exact,27,1.0,1.0,0.0,0.0,False,False,False,0.0,False,,active,,0,24.71220000006724,0.0,2
timing_fault,0,25200,exact,28,1.0,1.0,0.0,0.0,False,False,False,0.0,False,,active,,0,35.01479999977164,0.0,2
timing_fault,0,25200,exact,29,1.0,1.0,0.0,0.0,False,False,False,0.0,False,,active,,0,40.1994999992894,0.0,2
timing_fault,0,25200,exact,30,1.0,1.0,0.0,0.0,False,False,False,0.0,False,,active,,0,28.783200003090315,0.0,2
timing_fault,0,25200,exact,31,1.0,1.0,0.0,0.0,False,False,False,0.0,False,,active,,0,26.46820001245942,0.0,2
timing_fault,0,25200,exact,32,1.0,1.0,0.0,0.0,False,False,False,0.0,False,,active,,0,27.3736000090139,0.0,2
timing_fault,0,25200,exact,33,1.0,1.0,0.0,0.0,False,False,False,0.0,False,,active,,0,39.23090000171214,0.0,2
timing_fault,0,25200,exact,34,1.0,1.0,0.0,0.0,False,False,False,0.0,False,,active,,0,33.575600013136864,0.0,2
timing_fault,0,25200,exact,35,1.0,1.0,0.0,0.0,False,False,False,0.0,False,,active,,0,44.01009999855887,0.0,2
timing_fault,0,25200,exact,36,1.0,1.0,0.0,0.0,False,False,False,0.0,False,,active,,0,46.70069999701809,0.0,2
timing_fault,0,25200,exact,37,1.0,1.0,0.0,0.0,False,False,False,0.0,False,,active,,0,41.914599991287105,0.0,2
timing_fault,0,25200,exact,38,1.0,1.0,0.0,0.0,False,False,False,0.0,False,,active,,0,29.058700005407445,0.0,2
timing_fault,0,25200,exact,39,1.0,1.0,0.0,0.0,False,False,False,0.0,False,,active,,0,34.8253999982262,0.0,2
timing_fault,0,25200,exact,40,1.0,1.0,0.0,0.0,False,False,False,0.0,False,,active,,0,41.881800003466196,0.0,2
timing_fault,0,25200,exact,41,1.0,1.0,0.0,0.0,False,False,False,0.0,False,,active,,0,23.762800003169104,0.0,2
timing_fault,0,25200,exact,42,1.0,1.0,0.0,0.0,False,False,False,0.0,False,,active,,0,23.655900004087016,0.0,2
timing_fault,0,25200,exact,43,1.0,1.0,0.0,0.0,False,False,False,0.0,False,,active,,0,41.90379999636207,0.0,2
timing_fault,0,25200,exact,44,1.0,1.0,0.0,0.0,False,False,False,0.0,False,,active,,0,28.872700000647455,0.0,2
timing_fault,0,25200,exact,45,1.0,1.0,0.0,0.0,False,False,False,0.0,False,,active,,0,41.48759999952745,0.0,2
timing_fault,0,25200,exact,46,1.0,1.0,0.0,0.0,False,False,False,0.0,False,,active,,0,70.14529999287333,0.0,2
timing_fault,0,25200,exact,47,1.0,1.0,0.0,0.0,False,False,False,0.0,False,,active,,0,31.50990001449827,0.0,2
timing_fault,0,25200,exact,48,1.0,1.0,0.0,0.0,False,False,False,0.0,False,,active,,0,52.232999994885176,0.0,2
timing_fault,0,25200,exact,49,1.0,1.0,0.0,0.0,False,False,False,0.0,False,,active,,0,34.374599999864586,0.0,2
timing_fault,0,25200,exact,50,1.0,1.0,0.0,0.0,False,False,False,0.0,False,,active,,0,42.91070000908803,0.0,2
timing_fault,0,25200,exact,51,1.0,1.0,0.0,0.0,False,False,False,0.0,False,,active,,0,30.852199997752905,0.0,2
timing_fault,0,25200,exact,52,1.0,1.0,0.0,0.0,False,False,False,0.0,False,,active,,0,22.197400001459755,0.0,2
timing_fault,0,25200,exact,53,1.0,1.0,0.0,0.0,False,False,False,0.0,False,,active,,0,25.40519999456592,0.0,2
timing_fault,0,25200,exact,54,1.0,1.0,0.0,0.0,False,False,False,0.0,False,,active,,0,37.12670000095386,0.0,2
timing_fault,0,25200,exact,55,1.0,1.0,0.0,0.0,False,False,False,0.0,False,,active,,0,24.46349999809172,0.0,2
timing_fault,0,25200,exact,56,1.0,1.0,0.0,0.0,False,False,False,0.0,False,,active,,0,33.7370000052033,0.0,2
timing_fault,0,25200,exact,57,1.0,1.0,0.0,0.0,False,False,False,0.0,False,,active,,0,23.271400001249276,0.0,2
timing_fault,0,25200,exact,58,1.0,1.0,0.0,0.0,False,False,False,0.0,False,,active,,0,22.922299991478212,0.0,2
timing_fault,0,25200,exact,59,1.0,1.0,0.0,0.0,False,False,False,0.0,False,,active,,0,22.282899997662753,0.0,2
timing_fault,0,25200,exact,60,1.0,1.0,0.0,0.0,False,False,False,0.0,False,,active,,0,27.98379999876488,0.0,2
timing_fault,0,25200,unaudited,1,1.0,0.5,0.0,0.0017195992089922012,False,False,False,0.0,False,,active,,0,3391.437699989183,3354.2872999969404,4
timing_fault,0,25200,unaudited,2,1.0,0.5,0.0,0.0017195992089922012,False,False,False,0.0,False,,active,,0,31.54940000968054,0.0,2
timing_fault,0,25200,unaudited,3,1.0,0.5,0.0,0.0017195992089922012,False,False,False,0.0,False,,active,,0,30.442300005233847,0.0,2
timing_fault,0,25200,unaudited,4,1.0,0.5,0.0,0.0017195992089922012,False,False,False,0.0,False,,active,,0,16.564600009587593,0.0,2
timing_fault,0,25200,unaudited,5,1.0,0.5,0.0,0.0017195992089922012,False,False,False,0.0,False,,active,,0,26.356600006693043,0.0,2
timing_fault,0,25200,unaudited,6,1.0,0.5,0.0,0.0017195992089922012,False,False,False,0.0,False,,active,,0,38.5153000097489,0.0,2
timing_fault,0,25200,unaudited,7,1.0,0.5,0.0,0.0017195992089922012,False,False,False,0.0,False,,active,,0,55.80609999014996,0.0,2
timing_fault,0,25200,unaudited,8,1.0,0.5,0.0,0.0017195992089922012,False,False,False,0.0,False,,active,,0,27.656599995680153,0.0,2
timing_fault,0,25200,unaudited,9,1.0,0.5,0.0,0.0017195992089922012,False,False,False,0.0,False,,active,,0,16.509099994436838,0.0,2
timing_fault,0,25200,unaudited,10,1.0,0.5,0.0,0.0017195992089922012,False,False,False,0.0,False,,active,,0,15.810899989446625,0.0,2
timing_fault,0,25200,unaudited,11,1.0,0.5,0.0,0.0017195992089922012,False,False,False,0.0,False,,active,,0,16.920399997616187,0.0,2
timing_fault,0,25200,unaudited,12,1.0,0.5,0.0,0.0017195992089922012,False,False,False,0.0,False,,active,,0,15.873600001214072,0.0,2
timing_fault,0,25200,unaudited,13,1.0,0.5,0.0,0.0017195992089922012,False,False,False,0.0,False,,active,,0,15.309800000977702,0.0,2
timing_fault,0,25200,unaudited,14,1.0,0.5,0.0,0.0017195992089922012,False,False,False,0.0,False,,active,,0,14.956500002881512,0.0,2
timing_fault,0,25200,unaudited,15,1.0,0.5,0.0,0.0017195992089922012,False,False,False,0.0,False,,active,,0,17.573300006915815,0.0,2
timing_fault,0,25200,unaudited,16,1.0,0.5,0.0,0.0017195992089922012,False,False,False,0.0,False,,active,,0,14.937400002963841,0.0,2
timing_fault,0,25200,unaudited,17,1.0,0.5,0.0,0.0017195992089922012,False,False,False,0.0,False,,active,,0,15.642600003047846,0.0,2
timing_fault,0,25200,unaudited,18,1.0,0.5,0.0,0.0017195992089922012,False,False,False,0.0,False,,active,,0,22.91539999714587,0.0,2
timing_fault,0,25200,unaudited,19,1.0,0.5,0.0,0.0017195992089922012,False,False,False,0.0,False,,active,,0,15.428500002599321,0.0,2
timing_fault,0,25200,unaudited,20,1.0,0.5,0.0,0.0017195992089922012,False,False,False,0.0,False,,active,,0,16.779500001575798,0.0,2
timing_fault,0,25200,unaudited,21,1.0,0.5,0.0,0.0017195992089922012,False,False,False,0.0,False,,active,,0,22.00759999686852,0.0,2
timing_fault,0,25200,unaudited,22,1.0,0.5,0.0,0.0017195992089922012,False,False,False,0.0,False,,active,,0,23.168100000475533,0.0,2
timing_fault,0,25200,unaudited,23,1.0,0.5,0.0,0.0017195992089922012,False,False,False,0.0,False,,active,,0,14.517500007059425,0.0,2
timing_fault,0,25200,unaudited,24,1.0,0.5,0.0,0.0017195992089922012,False,False,False,0.0,False,,active,,0,15.321699989726767,0.0,2
timing_fault,0,25200,unaudited,25,1.0,0.5,0.0,0.0017195992089922012,False,False,False,0.0,False,,active,,0,15.299299993785098,0.0,2
timing_fault,0,25200,unaudited,26,1.0,0.5,0.0,0.0017195992089922012,False,False,False,0.0,False,,active,,0,14.784700004383922,0.0,2
timing_fault,0,25200,unaudited,27,1.0,0.5,0.0,0.0017195992089922012,False,False,False,0.0,False,,active,,0,15.78709999739658,0.0,2
timing_fault,0,25200,unaudited,28,1.0,0.5,0.0,0.0017195992089922012,False,False,False,0.0,False,,active,,0,14.380299995536916,0.0,2
timing_fault,0,25200,unaudited,29,1.0,0.5,0.0,0.0017195992089922012,False,False,False,0.0,False,,active,,0,15.831299999263138,0.0,2
timing_fault,0,25200,unaudited,30,1.0,0.5,0.0,0.0017195992089922012,False,False,False,0.0,False,,active,,0,16.348399993148632,0.0,2
timing_fault,0,25200,unaudited,31,1.0,0.5,0.0,0.0017195992089922012,False,False,False,0.0,False,,active,,0,15.457900008186698,0.0,2
timing_fault,0,25200,unaudited,32,1.0,0.5,0.0,0.0017195992089922012,False,False,False,0.0,False,,active,,0,19.537599990144372,0.0,2
timing_fault,0,25200,unaudited,33,1.0,0.5,0.0,0.0017195992089922012,False,False,False,0.0,False,,active,,0,15.69990000280086,0.0,2
timing_fault,0,25200,unaudited,34,1.0,0.5,0.0,0.0017195992089922012,False,False,False,0.0,False,,active,,0,17.300000006798655,0.0,2
timing_fault,0,25200,unaudited,35,1.0,0.5,0.0,0.0017195992089922012,False,False,False,0.0,False,,active,,0,17.796599990106188,0.0,2
timing_fault,0,25200,unaudited,36,1.0,0.5,0.0,0.0017195992089922012,False,False,False,0.0,False,,active,,0,17.388099993695505,0.0,2
timing_fault,0,25200,unaudited,37,1.0,0.5,0.0,0.0017195992089922012,False,False,False,0.0,False,,active,,0,18.546299994341098,0.0,2
timing_fault,0,25200,unaudited,38,1.0,0.5,0.0,0.0017195992089922012,False,False,False,0.0,False,,active,,0,19.27419999265112,0.0,2
timing_fault,0,25200,unaudited,39,1.0,0.5,0.0,0.0017195992089922012,False,False,False,0.0,False,,active,,0,15.35600000352133,0.0,2
timing_fault,0,25200,unaudited,40,1.0,0.5,0.0,0.0017195992089922012,False,False,False,0.0,False,,active,,0,20.238999990397133,0.0,2
timing_fault,0,25200,unaudited,41,1.0,0.5,0.0,0.0017195992089922012,False,False,False,0.0,False,,active,,0,25.39519999118056,0.0,2
timing_fault,0,25200,unaudited,42,1.0,0.5,0.0,0.0017195992089922012,False,False,False,0.0,False,,active,,0,22.80199999222532,0.0,2
timing_fault,0,25200,unaudited,43,1.0,0.5,0.0,0.0017195992089922012,False,False,False,0.0,False,,active,,0,22.940199996810406,0.0,2
timing_fault,0,25200,unaudited,44,1.0,0.5,0.0,0.0017195992089922012,False,False,False,0.0,False,,active,,0,17.0460999943316,0.0,2
timing_fault,0,25200,unaudited,45,1.0,0.5,0.0,0.0017195992089922012,False,False,False,0.0,False,,active,,0,32.48749999329448,0.0,2
timing_fault,0,25200,unaudited,46,1.0,0.5,0.0,0.0017195992089922012,False,False,False,0.0,False,,active,,0,29.03869999863673,0.0,2
timing_fault,0,25200,unaudited,47,1.0,0.5,0.0,0.0017195992089922012,False,False,False,0.0,False,,active,,0,16.25520001107361,0.0,2
timing_fault,0,25200,unaudited,48,1.0,0.5,0.0,0.0017195992089922012,False,False,False,0.0,False,,active,,0,27.210400003241375,0.0,2
timing_fault,0,25200,unaudited,49,1.0,0.5,0.0,0.0017195992089922012,False,False,False,0.0,False,,active,,0,20.843399994191714,0.0,2
timing_fault,0,25200,unaudited,50,1.0,0.5,0.0,0.0017195992089922012,False,False,False,0.0,False,,active,,0,22.838200005935505,0.0,2
timing_fault,0,25200,unaudited,51,1.0,0.5,0.0,0.0017195992089922012,False,False,False,0.0,False,,active,,0,20.867100000032224,0.0,2
timing_fault,0,25200,unaudited,52,1.0,0.5,0.0,0.0017195992089922012,False,False,False,0.0,False,,active,,0,37.484000000404194,0.0,2
timing_fault,0,25200,unaudited,53,1.0,0.5,0.0,0.0017195992089922012,False,False,False,0.0,False,,active,,0,37.297899994882755,0.0,2
timing_fault,0,25200,unaudited,54,1.0,0.5,0.0,0.0017195992089922012,False,False,False,0.0,False,,active,,0,27.53570000641048,0.0,2
timing_fault,0,25200,unaudited,55,1.0,0.5,0.0,0.0017195992089922012,False,False,False,0.0,False,,active,,0,37.0379999949364,0.0,2
timing_fault,0,25200,unaudited,56,1.0,0.5,0.0,0.0017195992089922012,False,False,False,0.0,False,,active,,0,34.55260000191629,0.0,2
timing_fault,0,25200,unaudited,57,1.0,0.5,0.0,0.0017195992089922012,False,False,False,0.0,False,,active,,0,30.07209999486804,0.0,2
timing_fault,0,25200,unaudited,58,1.0,0.5,0.0,0.0017195992089922012,False,False,False,0.0,False,,active,,0,26.973100000759587,0.0,2
timing_fault,0,25200,unaudited,59,1.0,0.5,0.0,0.0017195992089922012,False,False,False,0.0,False,,active,,0,30.067199986660853,0.0,2
timing_fault,0,25200,unaudited,60,1.0,0.5,0.0,0.0017195992089922012,False,False,False,0.0,False,,active,,0,44.17700000340119,0.0,2
timing_fault,0,25200,audited,1,1.0,0.5,0.0,0.0017195992089922012,False,False,True,42.93429999961518,False,,active,0.8793428839679682,0,2358.3757000014884,2278.0292999959784,6
timing_fault,0,25200,audited,2,1.0,0.5,0.0,0.0017195992089922012,False,False,False,0.0,False,,active,1.1865727320665715,0,35.08269999292679,0.0,2
timing_fault,0,25200,audited,3,1.0,0.5,0.0,0.0017195992089922012,False,False,False,0.0,False,,active,0.624272238556892,0,18.537699987064116,0.0,2
timing_fault,0,25200,audited,4,1.0,0.5,0.0,0.0017195992089922012,False,False,False,0.0,False,,active,0.6398171271593592,0,18.905700009781867,0.0,2
timing_fault,0,25200,audited,5,1.0,0.5,0.0,0.0017195992089922012,False,False,False,0.0,False,,active,0.8977300986792127,0,26.7184999975143,0.0,2
timing_fault,0,25200,audited,6,1.0,0.5,0.0,0.0017195992089922012,False,False,False,0.0,False,,active,64.96284966161981,0,19.262200003140606,0.0,2
timing_fault,0,25200,audited,7,1.0,0.5,0.0,0.0017195992089922012,False,False,False,0.0,False,,active,138.61114613509034,0,40.804800009937026,0.0,2
timing_fault,0,25200,audited,8,1.0,1.0,0.0,0.0,False,False,False,23.533300001872703,True,timing_drift,quarantined,57.771252029095756,0,40.604000008897856,0.0,4
timing_fault,0,25200,audited,9,1.0,1.0,0.0,0.0,False,False,False,0.0,True,timing_drift,quarantined,,0,21.222600000328384,0.0,2
timing_fault,0,25200,audited,10,1.0,1.0,0.0,0.0,False,False,False,0.0,True,timing_drift,quarantined,,0,22.784499989938922,0.0,2
timing_fault,0,25200,audited,11,1.0,1.0,0.0,0.0,False,False,False,0.0,True,timing_drift,quarantined,,0,30.69300000788644,0.0,2
timing_fault,0,25200,audited,12,1.0,1.0,0.0,0.0,False,False,False,0.0,True,timing_drift,quarantined,,0,37.05550001177471,0.0,2
timing_fault,0,25200,audited,13,1.0,1.0,0.0,0.0,False,False,False,0.0,True,timing_drift,quarantined,,0,39.19460000179242,0.0,2
timing_fault,0,25200,audited,14,1.0,1.0,0.0,0.0,False,False,False,0.0,True,timing_drift,quarantined,,0,24.684599993634038,0.0,2
timing_fault,0,25200,audited,15,1.0,1.0,0.0,0.0,False,False,False,0.0,True,timing_drift,quarantined,,0,24.10119998967275,0.0,2
timing_fault,0,25200,audited,16,1.0,1.0,0.0,0.0,False,False,False,0.0,True,timing_drift,quarantined,,0,21.36610000161454,0.0,2
timing_fault,0,25200,audited,17,1.0,1.0,0.0,0.0,False,False,False,0.0,True,timing_drift,quarantined,,0,22.637600006419234,0.0,2
timing_fault,0,25200,audited,18,1.0,1.0,0.0,0.0,False,False,False,0.0,True,timing_drift,quarantined,,0,20.989600001485087,0.0,2
timing_fault,0,25200,audited,19,1.0,1.0,0.0,0.0,False,False,False,0.0,True,timing_drift,quarantined,,0,21.491799998329952,0.0,2
timing_fault,0,25200,audited,20,1.0,1.0,0.0,0.0,False,False,False,0.0,True,timing_drift,quarantined,,0,23.823700001230463,0.0,2
timing_fault,0,25200,audited,21,1.0,1.0,0.0,0.0,False,False,False,0.0,True,timing_drift,quarantined,,0,26.618899995810352,0.0,2
timing_fault,0,25200,audited,22,1.0,1.0,0.0,0.0,False,False,False,0.0,True,timing_drift,quarantined,,0,24.116599990520626,0.0,2
timing_fault,0,25200,audited,23,1.0,1.0,0.0,0.0,False,False,False,0.0,True,timing_drift,quarantined,,0,24.3077000050107,0.0,2
timing_fault,0,25200,audited,24,1.0,1.0,0.0,0.0,False,False,False,0.0,True,timing_drift,quarantined,,0,26.549700007308275,0.0,2
timing_fault,0,25200,audited,25,1.0,1.0,0.0,0.0,False,False,False,0.0,True,timing_drift,quarantined,,0,27.854499989189208,0.0,2
timing_fault,0,25200,audited,26,1.0,1.0,0.0,0.0,False,False,False,0.0,True,timing_drift,quarantined,,0,24.040700009209104,0.0,2
timing_fault,0,25200,audited,27,1.0,1.0,0.0,0.0,False,False,False,0.0,True,timing_drift,quarantined,,0,21.57519999309443,0.0,2
timing_fault,0,25200,audited,28,1.0,1.0,0.0,0.0,False,False,False,0.0,True,timing_drift,quarantined,,0,22.386600001482293,0.0,2
timing_fault,0,25200,audited,29,1.0,1.0,0.0,0.0,False,False,False,0.0,True,timing_drift,quarantined,,0,20.53189999423921,0.0,2
timing_fault,0,25200,audited,30,1.0,1.0,0.0,0.0,False,False,False,0.0,True,timing_drift,quarantined,,0,22.402200003853068,0.0,2
timing_fault,0,25200,audited,31,1.0,0.5,0.0,0.0034171774132446464,False,False,True,49.05929999949876,False,,active,3.2970104980699726,1,3228.1782000063686,3116.2913000007393,6
timing_fault,0,25200,audited,32,1.0,0.5,0.0,0.0034171774132446464,False,False,False,0.0,False,,active,2.532198866767158,1,33.53100000822451,0.0,2
timing_fault,0,25200,audited,33,1.0,0.5,0.0,0.0034171774132446464,False,False,False,0.0,False,,active,2.5836379358266663,1,34.15960000711493,0.0,2
timing_fault,0,25200,audited,34,1.0,0.5,0.0,0.0034171774132446464,False,False,False,0.0,False,,active,2.694617614051266,1,35.65600000729319,0.0,2
timing_fault,0,25200,audited,35,1.0,0.5,0.0,0.0034171774132446464,False,False,False,0.0,False,,active,3.3536721301458368,1,44.317199994111434,0.0,2
timing_fault,0,25200,audited,36,1.0,0.5,0.0,0.0034171774132446464,False,False,False,0.0,False,,active,2.4170429023884257,1,32.001799991121516,0.0,2
timing_fault,0,25200,audited,37,1.0,0.5,0.0,0.0034171774132446464,False,False,False,0.0,False,,active,1.2604169451575402,1,16.68799998878967,0.0,2
timing_fault,0,25200,audited,38,1.0,0.5,0.0,0.0034171774132446464,False,False,False,0.0,False,,active,1.2265045859842296,1,16.228499996941537,0.0,2
timing_fault,0,25200,audited,39,1.0,0.5,0.0,0.0034171774132446464,False,False,False,0.0,False,,active,1.2400147584879795,1,16.420100000686944,0.0,2
timing_fault,0,25200,audited,40,1.0,0.5,0.0,0.0034171774132446464,False,False,True,25.63479999662377,False,,active,1.9254886612956792,1,51.09229999652598,0.0,4
timing_fault,0,25200,audited,41,1.0,0.5,0.0,0.0034171774132446464,False,False,False,0.0,False,,active,1.178389810367849,1,15.611499999067746,0.0,2
timing_fault,0,25200,audited,42,1.0,0.5,0.0,0.0034171774132446464,False,False,False,0.0,False,,active,1.2494247162083871,1,16.53670000087004,0.0,2
timing_fault,0,25200,audited,43,1.0,0.5,0.0,0.0034171774132446464,False,False,False,0.0,False,,active,1.1547394016259516,1,15.285200002836064,0.0,2
timing_fault,0,25200,audited,44,1.0,0.5,0.0,0.0034171774132446464,False,False,False,0.0,False,,active,1.3986071457096414,1,18.520899990107864,0.0,2
timing_fault,0,25200,audited,45,1.0,0.5,0.0,0.0034171774132446464,False,False,False,0.0,False,,active,1.9978776275735166,1,26.41010000661481,0.0,2
timing_fault,0,25200,audited,46,1.0,0.5,0.0,0.0034171774132446464,False,False,False,0.0,False,,active,2.3859071283234257,1,31.489900007727556,0.0,2
timing_fault,0,25200,audited,47,1.0,0.5,0.0,0.0034171774132446464,False,False,False,0.0,False,,active,1.7230186417084026,1,22.79610000550747,0.0,2
timing_fault,0,25200,audited,48,1.0,0.5,0.0,0.0034171774132446464,False,False,False,0.0,False,,active,1.6210609616410794,1,21.43229999637697,0.0,2
timing_fault,0,25200,audited,49,1.0,0.5,0.0,0.0034171774132446464,False,False,False,0.0,False,,active,1.4765949217056475,1,19.538000007742085,0.0,2
timing_fault,0,25200,audited,50,1.0,0.5,0.0,0.0034171774132446464,False,False,True,32.54210000159219,False,,active,2.016385650394089,1,59.25740000384394,0.0,4
timing_fault,0,25200,audited,51,1.0,0.5,0.0,0.0034171774132446464,False,False,False,0.0,False,,active,1.7428655129060673,1,23.150100008933805,0.0,2
timing_fault,0,25200,audited,52,1.0,0.5,0.0,0.0034171774132446464,False,False,False,0.0,False,,active,3.1332798328651763,1,41.376200009835884,0.0,2
timing_fault,0,25200,audited,53,1.0,0.5,0.0,0.0034171774132446464,False,False,False,0.0,False,,active,1.601487945164311,1,21.205200013355352,0.0,2
timing_fault,0,25200,audited,54,1.0,0.5,0.0,0.0034171774132446464,False,False,False,0.0,False,,active,1.5859466836650757,1,20.982400004868396,0.0,2
timing_fault,0,25200,audited,55,1.0,0.5,0.0,0.0034171774132446464,False,False,False,0.0,False,,active,2.1390041597916625,1,28.30579999135807,0.0,2
timing_fault,0,25200,audited,56,1.0,0.5,0.0,0.0034171774132446464,False,False,False,0.0,False,,active,1.5190424222631718,1,20.087800003238954,0.0,2
timing_fault,0,25200,audited,57,1.0,0.5,0.0,0.0034171774132446464,False,False,False,0.0,False,,active,1.198746354214935,1,15.869800001382828,0.0,2
timing_fault,0,25200,audited,58,1.0,0.5,0.0,0.0034171774132446464,False,False,False,0.0,False,,active,1.4864993378013187,1,19.65560000098776,0.0,2
timing_fault,0,25200,audited,59,1.0,0.5,0.0,0.0034171774132446464,False,False,False,0.0,False,,active,1.1497111216538372,1,15.218000000459142,0.0,2
timing_fault,0,25200,audited,60,1.0,0.5,0.0,0.0034171774132446464,False,False,True,21.39069999975618,False,,active,1.107263621096313,1,36.05369999422692,0.0,4
timing_fault,1,25201,unaudited,1,1.0,0.5,0.0,0.06428410403261488,False,False,False,0.0,False,,active,,0,3460.810299991863,3395.422800007509,4
timing_fault,1,25201,unaudited,2,1.0,0.5,0.0,0.06428410403261488,False,False,False,0.0,False,,active,,0,41.1547999974573,0.0,2
timing_fault,1,25201,unaudited,3,1.0,0.5,0.0,0.06428410403261488,False,False,False,0.0,False,,active,,0,44.156799995107576,0.0,2
timing_fault,1,25201,unaudited,4,1.0,0.5,0.0,0.06428410403261488,False,False,False,0.0,False,,active,,0,40.43049999745563,0.0,2
timing_fault,1,25201,unaudited,5,1.0,0.5,0.0,0.06428410403261488,False,False,False,0.0,False,,active,,0,38.57639999478124,0.0,2
timing_fault,1,25201,unaudited,6,1.0,0.5,0.0,0.06428410403261488,False,False,False,0.0,False,,active,,0,36.21900000143796,0.0,2
timing_fault,1,25201,unaudited,7,1.0,0.5,0.0,0.06428410403261488,False,False,False,0.0,False,,active,,0,23.886800001491793,0.0,2
timing_fault,1,25201,unaudited,8,1.0,0.5,0.0,0.06428410403261488,False,False,False,0.0,False,,active,,0,27.874099992914125,0.0,2
timing_fault,1,25201,unaudited,9,1.0,0.5,0.0,0.06428410403261488,False,False,False,0.0,False,,active,,0,18.907100005890243,0.0,2
timing_fault,1,25201,unaudited,10,1.0,0.5,0.0,0.06428410403261488,False,False,False,0.0,False,,active,,0,26.91179999965243,0.0,2
timing_fault,1,25201,unaudited,11,1.0,0.5,0.0,0.06428410403261488,False,False,False,0.0,False,,active,,0,25.51089999906253,0.0,2
timing_fault,1,25201,unaudited,12,1.0,0.5,0.0,0.06428410403261488,False,False,False,0.0,False,,active,,0,20.39229999354575,0.0,2
timing_fault,1,25201,unaudited,13,1.0,0.5,0.0,0.06428410403261488,False,False,False,0.0,False,,active,,0,18.062600007397123,0.0,2
timing_fault,1,25201,unaudited,14,1.0,0.5,0.0,0.06428410403261488,False,False,False,0.0,False,,active,,0,23.012600009678863,0.0,2
timing_fault,1,25201,unaudited,15,1.0,0.5,0.0,0.06428410403261488,False,False,False,0.0,False,,active,,0,60.68400001095142,0.0,2
timing_fault,1,25201,unaudited,16,1.0,0.5,0.0,0.06428410403261488,False,False,False,0.0,False,,active,,0,37.7435999980662,0.0,2
timing_fault,1,25201,unaudited,17,1.0,0.5,0.0,0.06428410403261488,False,False,False,0.0,False,,active,,0,28.985699987970293,0.0,2
timing_fault,1,25201,unaudited,18,1.0,0.5,0.0,0.06428410403261488,False,False,False,0.0,False,,active,,0,19.69259999168571,0.0,2
timing_fault,1,25201,unaudited,19,1.0,0.5,0.0,0.06428410403261488,False,False,False,0.0,False,,active,,0,20.928699988871813,0.0,2
timing_fault,1,25201,unaudited,20,1.0,0.5,0.0,0.06428410403261488,False,False,False,0.0,False,,active,,0,24.480700012645684,0.0,2
timing_fault,1,25201,unaudited,21,1.0,0.5,0.0,0.06428410403261488,False,False,False,0.0,False,,active,,0,24.35669999977108,0.0,2
timing_fault,1,25201,unaudited,22,1.0,0.5,0.0,0.06428410403261488,False,False,False,0.0,False,,active,,0,33.70780000113882,0.0,2
timing_fault,1,25201,unaudited,23,1.0,0.5,0.0,0.06428410403261488,False,False,False,0.0,False,,active,,0,33.70979998726398,0.0,2
timing_fault,1,25201,unaudited,24,1.0,0.5,0.0,0.06428410403261488,False,False,False,0.0,False,,active,,0,32.87409999757074,0.0,2
timing_fault,1,25201,unaudited,25,1.0,0.5,0.0,0.06428410403261488,False,False,False,0.0,False,,active,,0,39.10739999264479,0.0,2
timing_fault,1,25201,unaudited,26,1.0,0.5,0.0,0.06428410403261488,False,False,False,0.0,False,,active,,0,38.65099999529775,0.0,2
timing_fault,1,25201,unaudited,27,1.0,0.5,0.0,0.06428410403261488,False,False,False,0.0,False,,active,,0,26.41120000043884,0.0,2
timing_fault,1,25201,unaudited,28,1.0,0.5,0.0,0.06428410403261488,False,False,False,0.0,False,,active,,0,16.82089999667369,0.0,2
timing_fault,1,25201,unaudited,29,1.0,0.5,0.0,0.06428410403261488,False,False,False,0.0,False,,active,,0,30.697499998495914,0.0,2
timing_fault,1,25201,unaudited,30,1.0,0.5,0.0,0.06428410403261488,False,False,False,0.0,False,,active,,0,18.004800003836863,0.0,2
timing_fault,1,25201,unaudited,31,1.0,0.5,0.0,0.06428410403261488,False,False,False,0.0,False,,active,,0,40.533099992899224,0.0,2
timing_fault,1,25201,unaudited,32,1.0,0.5,0.0,0.06428410403261488,False,False,False,0.0,False,,active,,0,21.85210000607185,0.0,2
timing_fault,1,25201,unaudited,33,1.0,0.5,0.0,0.06428410403261488,False,False,False,0.0,False,,active,,0,17.05049999873154,0.0,2
timing_fault,1,25201,unaudited,34,1.0,0.5,0.0,0.06428410403261488,False,False,False,0.0,False,,active,,0,17.80529999814462,0.0,2
timing_fault,1,25201,unaudited,35,1.0,0.5,0.0,0.06428410403261488,False,False,False,0.0,False,,active,,0,31.14120000100229,0.0,2
timing_fault,1,25201,unaudited,36,1.0,0.5,0.0,0.06428410403261488,False,False,False,0.0,False,,active,,0,32.43960000691004,0.0,2
timing_fault,1,25201,unaudited,37,1.0,0.5,0.0,0.06428410403261488,False,False,False,0.0,False,,active,,0,25.68819999578409,0.0,2
timing_fault,1,25201,unaudited,38,1.0,0.5,0.0,0.06428410403261488,False,False,False,0.0,False,,active,,0,23.34409998729825,0.0,2
timing_fault,1,25201,unaudited,39,1.0,0.5,0.0,0.06428410403261488,False,False,False,0.0,False,,active,,0,27.91319999960251,0.0,2
timing_fault,1,25201,unaudited,40,1.0,0.5,0.0,0.06428410403261488,False,False,False,0.0,False,,active,,0,19.530799996573478,0.0,2
timing_fault,1,25201,unaudited,41,1.0,0.5,0.0,0.06428410403261488,False,False,False,0.0,False,,active,,0,21.074300006148405,0.0,2
timing_fault,1,25201,unaudited,42,1.0,0.5,0.0,0.06428410403261488,False,False,False,0.0,False,,active,,0,28.9928999991389,0.0,2
timing_fault,1,25201,unaudited,43,1.0,0.5,0.0,0.06428410403261488,False,False,False,0.0,False,,active,,0,33.782099999370985,0.0,2
timing_fault,1,25201,unaudited,44,1.0,0.5,0.0,0.06428410403261488,False,False,False,0.0,False,,active,,0,33.86359999421984,0.0,2
timing_fault,1,25201,unaudited,45,1.0,0.5,0.0,0.06428410403261488,False,False,False,0.0,False,,active,,0,34.16830000060145,0.0,2
timing_fault,1,25201,unaudited,46,1.0,0.5,0.0,0.06428410403261488,False,False,False,0.0,False,,active,,0,36.89829999348149,0.0,2
timing_fault,1,25201,unaudited,47,1.0,0.5,0.0,0.06428410403261488,False,False,False,0.0,False,,active,,0,16.70649999869056,0.0,2
timing_fault,1,25201,unaudited,48,1.0,0.5,0.0,0.06428410403261488,False,False,False,0.0,False,,active,,0,18.950999990920536,0.0,2
timing_fault,1,25201,unaudited,49,1.0,0.5,0.0,0.06428410403261488,False,False,False,0.0,False,,active,,0,17.498100001830608,0.0,2
timing_fault,1,25201,unaudited,50,1.0,0.5,0.0,0.06428410403261488,False,False,False,0.0,False,,active,,0,14.445100008742884,0.0,2
timing_fault,1,25201,unaudited,51,1.0,0.5,0.0,0.06428410403261488,False,False,False,0.0,False,,active,,0,15.634900002623908,0.0,2
timing_fault,1,25201,unaudited,52,1.0,0.5,0.0,0.06428410403261488,False,False,False,0.0,False,,active,,0,15.916299991658889,0.0,2
timing_fault,1,25201,unaudited,53,1.0,0.5,0.0,0.06428410403261488,False,False,False,0.0,False,,active,,0,16.594499989878386,0.0,2
timing_fault,1,25201,unaudited,54,1.0,0.5,0.0,0.06428410403261488,False,False,False,0.0,False,,active,,0,15.061700003570877,0.0,2
timing_fault,1,25201,unaudited,55,1.0,0.5,0.0,0.06428410403261488,False,False,False,0.0,False,,active,,0,15.795300001627766,0.0,2
timing_fault,1,25201,unaudited,56,1.0,0.5,0.0,0.06428410403261488,False,False,False,0.0,False,,active,,0,15.729100006865337,0.0,2
timing_fault,1,25201,unaudited,57,1.0,0.5,0.0,0.06428410403261488,False,False,False,0.0,False,,active,,0,16.401699991547503,0.0,2
timing_fault,1,25201,unaudited,58,1.0,0.5,0.0,0.06428410403261488,False,False,False,0.0,False,,active,,0,17.447700010961853,0.0,2
timing_fault,1,25201,unaudited,59,1.0,0.5,0.0,0.06428410403261488,False,False,False,0.0,False,,active,,0,20.497399993473664,0.0,2
timing_fault,1,25201,unaudited,60,1.0,0.5,0.0,0.06428410403261488,False,False,False,0.0,False,,active,,0,17.44680000410881,0.0,2
timing_fault,1,25201,exact,1,1.0,1.0,0.0,0.0,False,False,False,0.0,False,,active,,0,24.364900004002266,0.0,2
timing_fault,1,25201,exact,2,1.0,1.0,0.0,0.0,False,False,False,0.0,False,,active,,0,27.876399995875545,0.0,2
timing_fault,1,25201,exact,3,1.0,1.0,0.0,0.0,False,False,False,0.0,False,,active,,0,28.778199994121678,0.0,2
timing_fault,1,25201,exact,4,1.0,1.0,0.0,0.0,False,False,False,0.0,False,,active,,0,23.71909999055788,0.0,2
timing_fault,1,25201,exact,5,1.0,1.0,0.0,0.0,False,False,False,0.0,False,,active,,0,27.9663000110304,0.0,2
timing_fault,1,25201,exact,6,1.0,1.0,0.0,0.0,False,False,False,0.0,False,,active,,0,27.164300001459196,0.0,2
timing_fault,1,25201,exact,7,1.0,1.0,0.0,0.0,False,False,False,0.0,False,,active,,0,22.723000001860783,0.0,2
timing_fault,1,25201,exact,8,1.0,1.0,0.0,0.0,False,False,False,0.0,False,,active,,0,21.5543000085745,0.0,2
timing_fault,1,25201,exact,9,1.0,1.0,0.0,0.0,False,False,False,0.0,False,,active,,0,23.114899988286197,0.0,2
timing_fault,1,25201,exact,10,1.0,1.0,0.0,0.0,False,False,False,0.0,False,,active,,0,22.023700003046542,0.0,2
timing_fault,1,25201,exact,11,1.0,1.0,0.0,0.0,False,False,False,0.0,False,,active,,0,27.12529999553226,0.0,2
timing_fault,1,25201,exact,12,1.0,1.0,0.0,0.0,False,False,False,0.0,False,,active,,0,25.17920000536833,0.0,2
timing_fault,1,25201,exact,13,1.0,1.0,0.0,0.0,False,False,False,0.0,False,,active,,0,21.290100004989654,0.0,2
timing_fault,1,25201,exact,14,1.0,1.0,0.0,0.0,False,False,False,0.0,False,,active,,0,21.61290000367444,0.0,2
timing_fault,1,25201,exact,15,1.0,1.0,0.0,0.0,False,False,False,0.0,False,,active,,0,38.94199999922421,0.0,2
timing_fault,1,25201,exact,16,1.0,1.0,0.0,0.0,False,False,False,0.0,False,,active,,0,42.4081999954069,0.0,2
timing_fault,1,25201,exact,17,1.0,1.0,0.0,0.0,False,False,False,0.0,False,,active,,0,46.22180000296794,0.0,2
timing_fault,1,25201,exact,18,1.0,1.0,0.0,0.0,False,False,False,0.0,False,,active,,0,30.377799994312227,0.0,2
timing_fault,1,25201,exact,19,1.0,1.0,0.0,0.0,False,False,False,0.0,False,,active,,0,26.080600000568666,0.0,2
timing_fault,1,25201,exact,20,1.0,1.0,0.0,0.0,False,False,False,0.0,False,,active,,0,24.509099996066652,0.0,2
timing_fault,1,25201,exact,21,1.0,1.0,0.0,0.0,False,False,False,0.0,False,,active,,0,26.191900004050694,0.0,2
timing_fault,1,25201,exact,22,1.0,1.0,0.0,0.0,False,False,False,0.0,False,,active,,0,26.90430000075139,0.0,2
timing_fault,1,25201,exact,23,1.0,1.0,0.0,0.0,False,False,False,0.0,False,,active,,0,31.9106999959331,0.0,2
timing_fault,1,25201,exact,24,1.0,1.0,0.0,0.0,False,False,False,0.0,False,,active,,0,26.3864000007743,0.0,2
timing_fault,1,25201,exact,25,1.0,1.0,0.0,0.0,False,False,False,0.0,False,,active,,0,18.41650001006201,0.0,2
timing_fault,1,25201,exact,26,1.0,1.0,0.0,0.0,False,False,False,0.0,False,,active,,0,38.016299993614666,0.0,2
timing_fault,1,25201,exact,27,1.0,1.0,0.0,0.0,False,False,False,0.0,False,,active,,0,25.336599996080622,0.0,2
timing_fault,1,25201,exact,28,1.0,1.0,0.0,0.0,False,False,False,0.0,False,,active,,0,23.809799997252412,0.0,2
timing_fault,1,25201,exact,29,1.0,1.0,0.0,0.0,False,False,False,0.0,False,,active,,0,27.716399999917485,0.0,2
timing_fault,1,25201,exact,30,1.0,1.0,0.0,0.0,False,False,False,0.0,False,,active,,0,26.614900009008124,0.0,2
timing_fault,1,25201,exact,31,1.0,1.0,0.0,0.0,False,False,False,0.0,False,,active,,0,24.313399990205653,0.0,2
timing_fault,1,25201,exact,32,1.0,1.0,0.0,0.0,False,False,False,0.0,False,,active,,0,24.271999995107763,0.0,2
timing_fault,1,25201,exact,33,1.0,1.0,0.0,0.0,False,False,False,0.0,False,,active,,0,25.149399996735156,0.0,2
timing_fault,1,25201,exact,34,1.0,1.0,0.0,0.0,False,False,False,0.0,False,,active,,0,27.169799999683164,0.0,2
timing_fault,1,25201,exact,35,1.0,1.0,0.0,0.0,False,False,False,0.0,False,,active,,0,24.667599995154887,0.0,2
timing_fault,1,25201,exact,36,1.0,1.0,0.0,0.0,False,False,False,0.0,False,,active,,0,24.909300002036616,0.0,2
timing_fault,1,25201,exact,37,1.0,1.0,0.0,0.0,False,False,False,0.0,False,,active,,0,28.630799992242828,0.0,2
timing_fault,1,25201,exact,38,1.0,1.0,0.0,0.0,False,False,False,0.0,False,,active,,0,28.544200002215803,0.0,2
timing_fault,1,25201,exact,39,1.0,1.0,0.0,0.0,False,False,False,0.0,False,,active,,0,28.77950000402052,0.0,2
timing_fault,1,25201,exact,40,1.0,1.0,0.0,0.0,False,False,False,0.0,False,,active,,0,30.80329998920206,0.0,2
timing_fault,1,25201,exact,41,1.0,1.0,0.0,0.0,False,False,False,0.0,False,,active,,0,25.974799995310605,0.0,2
timing_fault,1,25201,exact,42,1.0,1.0,0.0,0.0,False,False,False,0.0,False,,active,,0,34.563399996841326,0.0,2
timing_fault,1,25201,exact,43,1.0,1.0,0.0,0.0,False,False,False,0.0,False,,active,,0,27.451600006315857,0.0,2
timing_fault,1,25201,exact,44,1.0,1.0,0.0,0.0,False,False,False,0.0,False,,active,,0,41.28810000838712,0.0,2
timing_fault,1,25201,exact,45,1.0,1.0,0.0,0.0,False,False,False,0.0,False,,active,,0,28.116100002080202,0.0,2
timing_fault,1,25201,exact,46,1.0,1.0,0.0,0.0,False,False,False,0.0,False,,active,,0,35.67849998944439,0.0,2
timing_fault,1,25201,exact,47,1.0,1.0,0.0,0.0,False,False,False,0.0,False,,active,,0,28.485000002547167,0.0,2
timing_fault,1,25201,exact,48,1.0,1.0,0.0,0.0,False,False,False,0.0,False,,active,,0,30.379999996512197,0.0,2
timing_fault,1,25201,exact,49,1.0,1.0,0.0,0.0,False,False,False,0.0,False,,active,,0,27.89399999892339,0.0,2
timing_fault,1,25201,exact,50,1.0,1.0,0.0,0.0,False,False,False,0.0,False,,active,,0,33.39589999814052,0.0,2
timing_fault,1,25201,exact,51,1.0,1.0,0.0,0.0,False,False,False,0.0,False,,active,,0,30.36410000640899,0.0,2
timing_fault,1,25201,exact,52,1.0,1.0,0.0,0.0,False,False,False,0.0,False,,active,,0,42.89060000155587,0.0,2
timing_fault,1,25201,exact,53,1.0,1.0,0.0,0.0,False,False,False,0.0,False,,active,,0,35.317700006999075,0.0,2
timing_fault,1,25201,exact,54,1.0,1.0,0.0,0.0,False,False,False,0.0,False,,active,,0,29.695799996261485,0.0,2
timing_fault,1,25201,exact,55,1.0,1.0,0.0,0.0,False,False,False,0.0,False,,active,,0,41.99040000094101,0.0,2
timing_fault,1,25201,exact,56,1.0,1.0,0.0,0.0,False,False,False,0.0,False,,active,,0,38.31039999204222,0.0,2
timing_fault,1,25201,exact,57,1.0,1.0,0.0,0.0,False,False,False,0.0,False,,active,,0,38.60279999207705,0.0,2
timing_fault,1,25201,exact,58,1.0,1.0,0.0,0.0,False,False,False,0.0,False,,active,,0,26.72799999709241,0.0,2
timing_fault,1,25201,exact,59,1.0,1.0,0.0,0.0,False,False,False,0.0,False,,active,,0,25.26120000402443,0.0,2
timing_fault,1,25201,exact,60,1.0,1.0,0.0,0.0,False,False,False,0.0,False,,active,,0,23.697900003753603,0.0,2
timing_fault,1,25201,audited,1,1.0,0.5,0.0,0.06428410403261488,False,False,True,49.861699997563846,False,,active,1.2822276816090128,0,2504.9444000032963,2400.585900002625,6
timing_fault,1,25201,audited,2,1.0,0.5,0.0,0.06428410403261488,False,False,False,0.0,False,,active,1.070618014249886,0,31.66829999827314,0.0,2
timing_fault,1,25201,audited,3,1.0,0.5,0.0,0.06428410403261488,False,False,False,0.0,False,,active,0.753884518526996,0,22.28829999512527,0.0,2
timing_fault,1,25201,audited,4,1.0,0.5,0.0,0.06428410403261488,False,False,False,0.0,False,,active,1.2132576132952098,0,35.83960000833031,0.0,2
timing_fault,1,25201,audited,5,1.0,0.5,0.0,0.06428410403261488,False,False,False,0.0,False,,active,1.2259919532288357,0,36.17130000202451,0.0,2
timing_fault,1,25201,audited,6,1.0,0.5,0.0,0.06428410403261488,False,False,False,0.0,False,,active,89.4626571364521,0,26.40879999671597,0.0,2
timing_fault,1,25201,audited,7,1.0,0.5,0.0,0.06428410403261488,False,False,False,0.0,False,,active,62.66773867719379,0,18.51609999721404,0.0,2
timing_fault,1,25201,audited,8,1.0,1.0,0.0,0.0,False,False,False,24.434400009340607,True,timing_drift,quarantined,68.356970350795,0,44.62890001013875,0.0,4
timing_fault,1,25201,audited,9,1.0,1.0,0.0,0.0,False,False,False,0.0,True,timing_drift,quarantined,,0,23.80039999843575,0.0,2
timing_fault,1,25201,audited,10,1.0,1.0,0.0,0.0,False,False,False,0.0,True,timing_drift,quarantined,,0,48.4232000017073,0.0,2
timing_fault,1,25201,audited,11,1.0,1.0,0.0,0.0,False,False,False,0.0,True,timing_drift,quarantined,,0,36.65950000868179,0.0,2
timing_fault,1,25201,audited,12,1.0,1.0,0.0,0.0,False,False,False,0.0,True,timing_drift,quarantined,,0,64.84180000552442,0.0,2
timing_fault,1,25201,audited,13,1.0,1.0,0.0,0.0,False,False,False,0.0,True,timing_drift,quarantined,,0,26.832999996258877,0.0,2
timing_fault,1,25201,audited,14,1.0,1.0,0.0,0.0,False,False,False,0.0,True,timing_drift,quarantined,,0,32.46149999904446,0.0,2
timing_fault,1,25201,audited,15,1.0,1.0,0.0,0.0,False,False,False,0.0,True,timing_drift,quarantined,,0,23.994700008188374,0.0,2
timing_fault,1,25201,audited,16,1.0,1.0,0.0,0.0,False,False,False,0.0,True,timing_drift,quarantined,,0,23.51549999730196,0.0,2
timing_fault,1,25201,audited,17,1.0,1.0,0.0,0.0,False,False,False,0.0,True,timing_drift,quarantined,,0,21.94459999736864,0.0,2
timing_fault,1,25201,audited,18,1.0,1.0,0.0,0.0,False,False,False,0.0,True,timing_drift,quarantined,,0,37.62280000955798,0.0,2
timing_fault,1,25201,audited,19,1.0,1.0,0.0,0.0,False,False,False,0.0,True,timing_drift,quarantined,,0,33.459900005254894,0.0,2
timing_fault,1,25201,audited,20,1.0,1.0,0.0,0.0,False,False,False,0.0,True,timing_drift,quarantined,,0,27.90689999528695,0.0,2
timing_fault,1,25201,audited,21,1.0,1.0,0.0,0.0,False,False,False,0.0,True,timing_drift,quarantined,,0,35.84119999140967,0.0,2
timing_fault,1,25201,audited,22,1.0,1.0,0.0,0.0,False,False,False,0.0,True,timing_drift,quarantined,,0,42.090900009498,0.0,2
timing_fault,1,25201,audited,23,1.0,1.0,0.0,0.0,False,False,False,0.0,True,timing_drift,quarantined,,0,24.91189999273047,0.0,2
timing_fault,1,25201,audited,24,1.0,1.0,0.0,0.0,False,False,False,0.0,True,timing_drift,quarantined,,0,23.377800011076033,0.0,2
timing_fault,1,25201,audited,25,1.0,1.0,0.0,0.0,False,False,False,0.0,True,timing_drift,quarantined,,0,26.821099992957897,0.0,2
timing_fault,1,25201,audited,26,1.0,1.0,0.0,0.0,False,False,False,0.0,True,timing_drift,quarantined,,0,25.68279999832157,0.0,2
timing_fault,1,25201,audited,27,1.0,1.0,0.0,0.0,False,False,False,0.0,True,timing_drift,quarantined,,0,28.927099992870353,0.0,2
timing_fault,1,25201,audited,28,1.0,1.0,0.0,0.0,False,False,False,0.0,True,timing_drift,quarantined,,0,38.371200003894046,0.0,2
timing_fault,1,25201,audited,29,1.0,1.0,0.0,0.0,False,False,False,0.0,True,timing_drift,quarantined,,0,40.7981999887852,0.0,2
timing_fault,1,25201,audited,30,1.0,1.0,0.0,0.0,False,False,False,0.0,True,timing_drift,quarantined,,0,42.412299997522496,0.0,2
timing_fault,1,25201,audited,31,1.0,0.5,0.0,0.021443924640846556,False,False,True,25.936399993952364,False,,active,0.9588984235666518,1,3175.6079999904614,3112.948399997549,6
timing_fault,1,25201,audited,32,1.0,0.5,0.0,0.021443924640846556,False,False,False,0.0,False,,active,0.6704619068363782,1,17.916600001626648,0.0,2
timing_fault,1,25201,audited,33,1.0,0.5,0.0,0.021443924640846556,False,False,False,0.0,False,,active,0.5692333189665406,1,15.225099996314384,0.0,2
timing_fault,1,25201,audited,34,1.0,0.5,0.0,0.021443924640846556,False,False,False,0.0,False,,active,0.8103672961379197,1,21.646699999109842,0.0,2
timing_fault,1,25201,audited,35,1.0,0.5,0.0,0.021443924640846556,False,False,False,0.0,False,,active,1.0154533948335778,1,27.07850000297185,0.0,2
timing_fault,1,25201,audited,36,1.0,0.5,0.0,0.021443924640846556,False,False,False,0.0,False,,active,0.6973612844756362,1,18.660899993847124,0.0,2
timing_fault,1,25201,audited,37,1.0,0.5,0.0,0.021443924640846556,False,False,False,0.0,False,,active,0.6470878461411229,1,17.28509999520611,0.0,2
timing_fault,1,25201,audited,38,1.0,0.5,0.0,0.021443924640846556,False,False,False,0.0,False,,active,0.5713537826319682,1,15.272400007233955,0.0,2
timing_fault,1,25201,audited,39,1.0,0.5,0.0,0.021443924640846556,False,False,False,0.0,False,,active,1.0659528151359021,1,28.441900009056553,0.0,2
timing_fault,1,25201,audited,40,1.0,0.5,0.0,0.021443924640846556,False,False,True,38.83309999946505,False,,active,1.0870708225465808,1,67.90619999810588,0.0,4
timing_fault,1,25201,audited,41,1.0,0.5,0.0,0.021443924640846556,False,False,False,0.0,False,,active,0.7709786518090539,1,20.634000000427477,0.0,2
timing_fault,1,25201,audited,42,1.0,0.5,0.0,0.021443924640846556,False,False,False,0.0,False,,active,0.9726976215410631,1,26.008000000729226,0.0,2
timing_fault,1,25201,audited,43,1.0,0.5,0.0,0.021443924640846556,False,False,False,0.0,False,,active,0.911313406685013,1,24.337899987585843,0.0,2
timing_fault,1,25201,audited,44,1.0,0.5,0.0,0.021443924640846556,False,False,False,0.0,False,,active,0.7090935109975948,1,18.960100002004765,0.0,2
timing_fault,1,25201,audited,45,1.0,0.5,0.0,0.021443924640846556,False,False,False,0.0,False,,active,0.607043855914263,1,16.235400005825795,0.0,2
timing_fault,1,25201,audited,46,1.0,0.5,0.0,0.021443924640846556,False,False,False,0.0,False,,active,0.7708204649248565,1,20.60679999704007,0.0,2
timing_fault,1,25201,audited,47,1.0,0.5,0.0,0.021443924640846556,False,False,False,0.0,False,,active,0.9688596955779651,1,25.85319998615887,0.0,2
timing_fault,1,25201,audited,48,1.0,0.5,0.0,0.021443924640846556,False,False,False,0.0,False,,active,0.9729462007739222,1,26.041100005386397,0.0,2
timing_fault,1,25201,audited,49,1.0,0.5,0.0,0.021443924640846556,False,False,False,0.0,False,,active,0.6866422106893325,1,18.354199986788444,0.0,2
timing_fault,1,25201,audited,50,1.0,0.5,0.0,0.021443924640846556,False,False,True,22.668200006592087,False,,active,0.5970592222901694,1,38.632800002233125,0.0,4
timing_fault,1,25201,audited,51,1.0,0.5,0.0,0.021443924640846556,False,False,False,0.0,False,,active,1.0229032647919627,1,27.28690000367351,0.0,2
timing_fault,1,25201,audited,52,1.0,0.5,0.0,0.021443924640846556,False,False,False,0.0,False,,active,0.5926224441397759,1,15.843599991058,0.0,2
timing_fault,1,25201,audited,53,1.0,0.5,0.0,0.021443924640846556,False,False,False,0.0,False,,active,1.1825255735229852,1,31.509599997662008,0.0,2
timing_fault,1,25201,audited,54,1.0,0.5,0.0,0.021443924640846556,False,False,False,0.0,False,,active,0.6492045439610946,1,17.346799999359064,0.0,2
timing_fault,1,25201,audited,55,1.0,0.5,0.0,0.021443924640846556,False,False,False,0.0,False,,active,0.5979104206519363,1,15.986400001565926,0.0,2
timing_fault,1,25201,audited,56,1.0,0.5,0.0,0.021443924640846556,False,False,False,0.0,False,,active,0.960498365509346,1,25.630300006014295,0.0,2
timing_fault,1,25201,audited,57,1.0,0.5,0.0,0.021443924640846556,False,False,False,0.0,False,,active,1.308555674275936,1,34.95169999951031,0.0,2
timing_fault,1,25201,audited,58,1.0,0.5,0.0,0.021443924640846556,False,False,False,0.0,False,,active,1.3927640596597328,1,37.18519999529235,0.0,2
timing_fault,1,25201,audited,59,1.0,0.5,0.0,0.021443924640846556,False,False,False,0.0,False,,active,0.8327658674847829,1,22.260199999436736,0.0,2
timing_fault,1,25201,audited,60,1.0,0.5,0.0,0.021443924640846556,False,False,True,33.62770000239834,False,,active,0.6153110261445298,1,50.08480000833515,0.0,4
timing_fault,2,25202,audited,1,1.0,0.5,0.0,0.033344024373477624,False,False,True,22.99880000646226,False,,active,1.0956585668293823,0,4170.689399994444,4101.165700005367,6
timing_fault,2,25202,audited,2,1.0,0.5,0.0,0.033344024373477624,False,False,False,0.0,False,,active,0.6078041267431441,0,17.977700001210906,0.0,2
timing_fault,2,25202,audited,3,1.0,0.5,0.0,0.033344024373477624,False,False,False,0.0,False,,active,0.5617826712479386,0,16.672199999447912,0.0,2
timing_fault,2,25202,audited,4,1.0,0.5,0.0,0.033344024373477624,False,False,False,0.0,False,,active,0.6915584747942014,0,20.489200003794394,0.0,2
timing_fault,2,25202,audited,5,1.0,0.5,0.0,0.033344024373477624,False,False,False,0.0,False,,active,0.7969523432776766,0,23.54320000449661,0.0,2
timing_fault,2,25202,audited,6,1.0,0.5,0.0,0.033344024373477624,False,False,False,0.0,False,,active,65.60638011172266,0,19.40439999452792,0.0,2
timing_fault,2,25202,audited,7,1.0,0.5,0.0,0.033344024373477624,False,False,False,0.0,False,,active,49.60430877971123,0,14.667900002677925,0.0,2
timing_fault,2,25202,audited,8,1.0,1.0,0.0,0.0,False,False,False,24.065899997367524,True,timing_drift,quarantined,49.09602537259018,0,38.589000003412366,0.0,4
timing_fault,2,25202,audited,9,1.0,1.0,0.0,0.0,False,False,False,0.0,True,timing_drift,quarantined,,0,29.093499993905425,0.0,2
timing_fault,2,25202,audited,10,1.0,1.0,0.0,0.0,False,False,False,0.0,True,timing_drift,quarantined,,0,32.485100004123524,0.0,2
timing_fault,2,25202,audited,11,1.0,1.0,0.0,0.0,False,False,False,0.0,True,timing_drift,quarantined,,0,36.409699998330325,0.0,2
timing_fault,2,25202,audited,12,1.0,1.0,0.0,0.0,False,False,False,0.0,True,timing_drift,quarantined,,0,33.14820000377949,0.0,2
timing_fault,2,25202,audited,13,1.0,1.0,0.0,0.0,False,False,False,0.0,True,timing_drift,quarantined,,0,28.890000001410954,0.0,2
timing_fault,2,25202,audited,14,1.0,1.0,0.0,0.0,False,False,False,0.0,True,timing_drift,quarantined,,0,32.19810000155121,0.0,2
timing_fault,2,25202,audited,15,1.0,1.0,0.0,0.0,False,False,False,0.0,True,timing_drift,quarantined,,0,53.78849999397062,0.0,2
timing_fault,2,25202,audited,16,1.0,1.0,0.0,0.0,False,False,False,0.0,True,timing_drift,quarantined,,0,52.136099999188446,0.0,2
timing_fault,2,25202,audited,17,1.0,1.0,0.0,0.0,False,False,False,0.0,True,timing_drift,quarantined,,0,52.91870000655763,0.0,2
timing_fault,2,25202,audited,18,1.0,1.0,0.0,0.0,False,False,False,0.0,True,timing_drift,quarantined,,0,49.07100000127684,0.0,2
timing_fault,2,25202,audited,19,1.0,1.0,0.0,0.0,False,False,False,0.0,True,timing_drift,quarantined,,0,38.83710000081919,0.0,2
timing_fault,2,25202,audited,20,1.0,1.0,0.0,0.0,False,False,False,0.0,True,timing_drift,quarantined,,0,42.90310000942554,0.0,2
timing_fault,2,25202,audited,21,1.0,1.0,0.0,0.0,False,False,False,0.0,True,timing_drift,quarantined,,0,38.819000008516014,0.0,2
timing_fault,2,25202,audited,22,1.0,1.0,0.0,0.0,False,False,False,0.0,True,timing_drift,quarantined,,0,38.949900001171045,0.0,2
timing_fault,2,25202,audited,23,1.0,1.0,0.0,0.0,False,False,False,0.0,True,timing_drift,quarantined,,0,50.924199997098185,0.0,2
timing_fault,2,25202,audited,24,1.0,1.0,0.0,0.0,False,False,False,0.0,True,timing_drift,quarantined,,0,30.528399991453625,0.0,2
timing_fault,2,25202,audited,25,1.0,1.0,0.0,0.0,False,False,False,0.0,True,timing_drift,quarantined,,0,23.60719999705907,0.0,2
timing_fault,2,25202,audited,26,1.0,1.0,0.0,0.0,False,False,False,0.0,True,timing_drift,quarantined,,0,28.101100004278123,0.0,2
timing_fault,2,25202,audited,27,1.0,1.0,0.0,0.0,False,False,False,0.0,True,timing_drift,quarantined,,0,31.40989999519661,0.0,2
timing_fault,2,25202,audited,28,1.0,1.0,0.0,0.0,False,False,False,0.0,True,timing_drift,quarantined,,0,35.144599998602644,0.0,2
timing_fault,2,25202,audited,29,1.0,1.0,0.0,0.0,False,False,False,0.0,True,timing_drift,quarantined,,0,50.35610000777524,0.0,2
timing_fault,2,25202,audited,30,1.0,1.0,0.0,0.0,False,False,False,0.0,True,timing_drift,quarantined,,0,59.057400008896366,0.0,2
timing_fault,2,25202,audited,31,1.0,0.5,0.0,0.02079552322072127,False,False,True,31.024500000057742,False,,active,0.5438677321109529,1,4109.105099996668,4059.1525999916485,6
timing_fault,2,25202,audited,32,1.0,0.5,0.0,0.02079552322072127,False,False,False,0.0,False,,active,2.083232051582814,1,35.79579999495763,0.0,2
timing_fault,2,25202,audited,33,1.0,0.5,0.0,0.02079552322072127,False,False,False,0.0,False,,active,1.6762091647935293,1,28.81770000385586,0.0,2
timing_fault,2,25202,audited,34,1.0,0.5,0.0,0.02079552322072127,False,False,False,0.0,False,,active,1.8467733678299036,1,31.707299989648163,0.0,2
timing_fault,2,25202,audited,35,1.0,0.5,0.0,0.02079552322072127,False,False,False,0.0,False,,active,1.5864345238786959,1,27.2009999898728,0.0,2
timing_fault,2,25202,audited,36,1.0,0.5,0.0,0.02079552322072127,False,False,False,0.0,False,,active,1.5973056490216586,1,27.44249999523163,0.0,2
timing_fault,2,25202,audited,37,1.0,0.5,0.0,0.02079552322072127,False,False,False,0.0,False,,active,1.2040591000823722,1,20.746399997733533,0.0,2
timing_fault,2,25202,audited,38,1.0,0.5,0.0,0.02079552322072127,False,False,False,0.0,False,,active,1.5700575486088264,1,26.92429999297019,0.0,2
timing_fault,2,25202,audited,39,1.0,0.5,0.0,0.02079552322072127,False,False,False,0.0,False,,active,1.0296056585630067,1,17.745900011505,0.0,2
timing_fault,2,25202,audited,40,1.0,0.5,0.0,0.02079552322072127,False,False,True,26.98870000313036,False,,active,1.0117585049442197,1,44.38320000190288,0.0,4
timing_fault,2,25202,audited,41,1.0,0.5,0.0,0.02079552322072127,False,False,False,0.0,False,,active,1.185538358420678,1,20.37929999642074,0.0,2
timing_fault,2,25202,audited,42,1.0,0.5,0.0,0.02079552322072127,False,False,False,0.0,False,,active,1.2461202801073574,1,21.422899997560307,0.0,2
timing_fault,2,25202,audited,43,1.0,0.5,0.0,0.02079552322072127,False,False,False,0.0,False,,active,1.1273637822044724,1,19.39289999427274,0.0,2
timing_fault,2,25202,audited,44,1.0,0.5,0.0,0.02079552322072127,False,False,False,0.0,False,,active,1.0655049715612306,1,18.391499994322658,0.0,2
timing_fault,2,25202,audited,45,1.0,0.5,0.0,0.02079552322072127,False,False,False,0.0,False,,active,1.0387371689466027,1,17.85309999831952,0.0,2
timing_fault,2,25202,audited,46,1.0,0.5,0.0,0.02079552322072127,False,False,False,0.0,False,,active,1.1945000070344236,1,20.520899997791275,0.0,2
timing_fault,2,25202,audited,47,1.0,0.5,0.0,0.02079552322072127,False,False,False,0.0,False,,active,0.9676941327859131,1,16.62429999851156,0.0,2
timing_fault,2,25202,audited,48,1.0,0.5,0.0,0.02079552322072127,False,False,False,0.0,False,,active,1.0924660644205615,1,18.755799988866784,0.0,2
timing_fault,2,25202,audited,49,1.0,0.5,0.0,0.02079552322072127,False,False,False,0.0,False,,active,1.5644286953664686,1,26.83110001089517,0.0,2
timing_fault,2,25202,audited,50,1.0,0.5,0.0,0.02079552322072127,False,False,True,32.2197000059532,False,,active,1.682605321682898,1,61.131800001021475,0.0,4
timing_fault,2,25202,audited,51,1.0,0.5,0.0,0.02079552322072127,False,False,False,0.0,False,,active,1.5359681374992207,1,26.3664000085555,0.0,2
timing_fault,2,25202,audited,52,1.0,0.5,0.0,0.02079552322072127,False,False,False,0.0,False,,active,1.5938322776870726,1,27.353700003004633,0.0,2
timing_fault,2,25202,audited,53,1.0,0.5,0.0,0.02079552322072127,False,False,False,0.0,False,,active,1.3858985815988618,1,23.80280000215862,0.0,2
timing_fault,2,25202,audited,54,1.0,0.5,0.0,0.02079552322072127,False,False,False,0.0,False,,active,2.5115813223619665,1,43.118400004459545,0.0,2
timing_fault,2,25202,audited,55,1.0,0.5,0.0,0.02079552322072127,False,False,False,0.0,False,,active,3.8998521054405026,1,66.80319999577478,0.0,2
timing_fault,2,25202,audited,56,1.0,0.5,0.0,0.02079552322072127,False,False,False,0.0,False,,active,2.3122051232550436,1,39.65640001115389,0.0,2
timing_fault,2,25202,audited,57,1.0,0.5,0.0,0.02079552322072127,False,False,False,0.0,False,,active,1.2636862843567904,1,21.69290000165347,0.0,2
timing_fault,2,25202,audited,58,1.0,0.5,0.0,0.02079552322072127,False,False,False,0.0,False,,active,2.8206235086060834,1,48.3096999960253,0.0,2
timing_fault,2,25202,audited,59,1.0,0.5,0.0,0.02079552322072127,False,False,False,0.0,False,,active,1.929361117176463,1,33.18589999980759,0.0,2
timing_fault,2,25202,audited,60,1.0,0.5,0.0,0.02079552322072127,False,False,True,53.91839999356307,False,,active,1.550822217581626,1,80.56799999030773,0.0,4
timing_fault,2,25202,unaudited,1,1.0,0.5,0.0,0.033344024373477624,False,False,False,0.0,False,,active,,0,3905.4432999982964,3857.6804000040283,4
timing_fault,2,25202,unaudited,2,1.0,0.5,0.0,0.033344024373477624,False,False,False,0.0,False,,active,,0,38.43159999814816,0.0,2
timing_fault,2,25202,unaudited,3,1.0,0.5,0.0,0.033344024373477624,False,False,False,0.0,False,,active,,0,35.57880000153091,0.0,2
timing_fault,2,25202,unaudited,4,1.0,0.5,0.0,0.033344024373477624,False,False,False,0.0,False,,active,,0,30.56030000152532,0.0,2
timing_fault,2,25202,unaudited,5,1.0,0.5,0.0,0.033344024373477624,False,False,False,0.0,False,,active,,0,31.367100003990345,0.0,2
timing_fault,2,25202,unaudited,6,1.0,0.5,0.0,0.033344024373477624,False,False,False,0.0,False,,active,,0,32.905500003835186,0.0,2
timing_fault,2,25202,unaudited,7,1.0,0.5,0.0,0.033344024373477624,False,False,False,0.0,False,,active,,0,30.517800012603402,0.0,2
timing_fault,2,25202,unaudited,8,1.0,0.5,0.0,0.033344024373477624,False,False,False,0.0,False,,active,,0,43.077000009361655,0.0,2
timing_fault,2,25202,unaudited,9,1.0,0.5,0.0,0.033344024373477624,False,False,False,0.0,False,,active,,0,35.533999995095655,0.0,2
timing_fault,2,25202,unaudited,10,1.0,0.5,0.0,0.033344024373477624,False,False,False,0.0,False,,active,,0,31.825400001253,0.0,2
timing_fault,2,25202,unaudited,11,1.0,0.5,0.0,0.033344024373477624,False,False,False,0.0,False,,active,,0,28.472800011513755,0.0,2
timing_fault,2,25202,unaudited,12,1.0,0.5,0.0,0.033344024373477624,False,False,False,0.0,False,,active,,0,35.654899998917244,0.0,2
timing_fault,2,25202,unaudited,13,1.0,0.5,0.0,0.033344024373477624,False,False,False,0.0,False,,active,,0,33.51989999646321,0.0,2
timing_fault,2,25202,unaudited,14,1.0,0.5,0.0,0.033344024373477624,False,False,False,0.0,False,,active,,0,25.90599999530241,0.0,2
timing_fault,2,25202,unaudited,15,1.0,0.5,0.0,0.033344024373477624,False,False,False,0.0,False,,active,,0,18.82810000097379,0.0,2
timing_fault,2,25202,unaudited,16,1.0,0.5,0.0,0.033344024373477624,False,False,False,0.0,False,,active,,0,19.5495999942068,0.0,2
timing_fault,2,25202,unaudited,17,1.0,0.5,0.0,0.033344024373477624,False,False,False,0.0,False,,active,,0,17.663000005995855,0.0,2
timing_fault,2,25202,unaudited,18,1.0,0.5,0.0,0.033344024373477624,False,False,False,0.0,False,,active,,0,18.993999998201616,0.0,2
timing_fault,2,25202,unaudited,19,1.0,0.5,0.0,0.033344024373477624,False,False,False,0.0,False,,active,,0,18.680299996049143,0.0,2
timing_fault,2,25202,unaudited,20,1.0,0.5,0.0,0.033344024373477624,False,False,False,0.0,False,,active,,0,16.184700012672693,0.0,2
timing_fault,2,25202,unaudited,21,1.0,0.5,0.0,0.033344024373477624,False,False,False,0.0,False,,active,,0,16.667000003508292,0.0,2
timing_fault,2,25202,unaudited,22,1.0,0.5,0.0,0.033344024373477624,False,False,False,0.0,False,,active,,0,15.604999993229285,0.0,2
timing_fault,2,25202,unaudited,23,1.0,0.5,0.0,0.033344024373477624,False,False,False,0.0,False,,active,,0,15.313299998524599,0.0,2
timing_fault,2,25202,unaudited,24,1.0,0.5,0.0,0.033344024373477624,False,False,False,0.0,False,,active,,0,18.746800007647835,0.0,2
timing_fault,2,25202,unaudited,25,1.0,0.5,0.0,0.033344024373477624,False,False,False,0.0,False,,active,,0,16.496300013386644,0.0,2
timing_fault,2,25202,unaudited,26,1.0,0.5,0.0,0.033344024373477624,False,False,False,0.0,False,,active,,0,17.63639999262523,0.0,2
timing_fault,2,25202,unaudited,27,1.0,0.5,0.0,0.033344024373477624,False,False,False,0.0,False,,active,,0,20.25549999962095,0.0,2
timing_fault,2,25202,unaudited,28,1.0,0.5,0.0,0.033344024373477624,False,False,False,0.0,False,,active,,0,20.759799997904338,0.0,2
timing_fault,2,25202,unaudited,29,1.0,0.5,0.0,0.033344024373477624,False,False,False,0.0,False,,active,,0,15.47009999922011,0.0,2
timing_fault,2,25202,unaudited,30,1.0,0.5,0.0,0.033344024373477624,False,False,False,0.0,False,,active,,0,15.77019999967888,0.0,2
timing_fault,2,25202,unaudited,31,1.0,0.5,0.0,0.033344024373477624,False,False,False,0.0,False,,active,,0,15.409200001158752,0.0,2
timing_fault,2,25202,unaudited,32,1.0,0.5,0.0,0.033344024373477624,False,False,False,0.0,False,,active,,0,16.511800000444055,0.0,2
timing_fault,2,25202,unaudited,33,1.0,0.5,0.0,0.033344024373477624,False,False,False,0.0,False,,active,,0,19.146299993735738,0.0,2
timing_fault,2,25202,unaudited,34,1.0,0.5,0.0,0.033344024373477624,False,False,False,0.0,False,,active,,0,23.218699992867187,0.0,2
timing_fault,2,25202,unaudited,35,1.0,0.5,0.0,0.033344024373477624,False,False,False,0.0,False,,active,,0,29.683400003705174,0.0,2
timing_fault,2,25202,unaudited,36,1.0,0.5,0.0,0.033344024373477624,False,False,False,0.0,False,,active,,0,32.00829999695998,0.0,2
timing_fault,2,25202,unaudited,37,1.0,0.5,0.0,0.033344024373477624,False,False,False,0.0,False,,active,,0,28.36169999500271,0.0,2
timing_fault,2,25202,unaudited,38,1.0,0.5,0.0,0.033344024373477624,False,False,False,0.0,False,,active,,0,38.501600007293746,0.0,2
timing_fault,2,25202,unaudited,39,1.0,0.5,0.0,0.033344024373477624,False,False,False,0.0,False,,active,,0,25.69969999603927,0.0,2
timing_fault,2,25202,unaudited,40,1.0,0.5,0.0,0.033344024373477624,False,False,False,0.0,False,,active,,0,25.321100009023212,0.0,2
timing_fault,2,25202,unaudited,41,1.0,0.5,0.0,0.033344024373477624,False,False,False,0.0,False,,active,,0,24.81479999551084,0.0,2
timing_fault,2,25202,unaudited,42,1.0,0.5,0.0,0.033344024373477624,False,False,False,0.0,False,,active,,0,18.982299996423535,0.0,2
timing_fault,2,25202,unaudited,43,1.0,0.5,0.0,0.033344024373477624,False,False,False,0.0,False,,active,,0,16.552800007048063,0.0,2
timing_fault,2,25202,unaudited,44,1.0,0.5,0.0,0.033344024373477624,False,False,False,0.0,False,,active,,0,17.95480000146199,0.0,2
timing_fault,2,25202,unaudited,45,1.0,0.5,0.0,0.033344024373477624,False,False,False,0.0,False,,active,,0,17.37249999132473,0.0,2
timing_fault,2,25202,unaudited,46,1.0,0.5,0.0,0.033344024373477624,False,False,False,0.0,False,,active,,0,19.120099997962825,0.0,2
timing_fault,2,25202,unaudited,47,1.0,0.5,0.0,0.033344024373477624,False,False,False,0.0,False,,active,,0,17.793999999412335,0.0,2
timing_fault,2,25202,unaudited,48,1.0,0.5,0.0,0.033344024373477624,False,False,False,0.0,False,,active,,0,20.53179999347776,0.0,2
timing_fault,2,25202,unaudited,49,1.0,0.5,0.0,0.033344024373477624,False,False,False,0.0,False,,active,,0,17.985099999350496,0.0,2
timing_fault,2,25202,unaudited,50,1.0,0.5,0.0,0.033344024373477624,False,False,False,0.0,False,,active,,0,18.810900000971742,0.0,2
timing_fault,2,25202,unaudited,51,1.0,0.5,0.0,0.033344024373477624,False,False,False,0.0,False,,active,,0,17.449299994041212,0.0,2
timing_fault,2,25202,unaudited,52,1.0,0.5,0.0,0.033344024373477624,False,False,False,0.0,False,,active,,0,18.747000009170733,0.0,2
timing_fault,2,25202,unaudited,53,1.0,0.5,0.0,0.033344024373477624,False,False,False,0.0,False,,active,,0,18.665299998247065,0.0,2
timing_fault,2,25202,unaudited,54,1.0,0.5,0.0,0.033344024373477624,False,False,False,0.0,False,,active,,0,20.130100005189888,0.0,2
timing_fault,2,25202,unaudited,55,1.0,0.5,0.0,0.033344024373477624,False,False,False,0.0,False,,active,,0,17.979700001887977,0.0,2
timing_fault,2,25202,unaudited,56,1.0,0.5,0.0,0.033344024373477624,False,False,False,0.0,False,,active,,0,18.45540000067558,0.0,2
timing_fault,2,25202,unaudited,57,1.0,0.5,0.0,0.033344024373477624,False,False,False,0.0,False,,active,,0,17.41250000486616,0.0,2
timing_fault,2,25202,unaudited,58,1.0,0.5,0.0,0.033344024373477624,False,False,False,0.0,False,,active,,0,18.901500006904826,0.0,2
timing_fault,2,25202,unaudited,59,1.0,0.5,0.0,0.033344024373477624,False,False,False,0.0,False,,active,,0,20.98600000317674,0.0,2
timing_fault,2,25202,unaudited,60,1.0,0.5,0.0,0.033344024373477624,False,False,False,0.0,False,,active,,0,17.66160000988748,0.0,2
timing_fault,2,25202,exact,1,1.0,1.0,0.0,0.0,False,False,False,0.0,False,,active,,0,26.647700011380948,0.0,2
timing_fault,2,25202,exact,2,1.0,1.0,0.0,0.0,False,False,False,0.0,False,,active,,0,23.681199993006885,0.0,2
timing_fault,2,25202,exact,3,1.0,1.0,0.0,0.0,False,False,False,0.0,False,,active,,0,26.06730000115931,0.0,2
timing_fault,2,25202,exact,4,1.0,1.0,0.0,0.0,False,False,False,0.0,False,,active,,0,25.57300000626128,0.0,2
timing_fault,2,25202,exact,5,1.0,1.0,0.0,0.0,False,False,False,0.0,False,,active,,0,24.045500002102926,0.0,2
timing_fault,2,25202,exact,6,1.0,1.0,0.0,0.0,False,False,False,0.0,False,,active,,0,24.382999996305443,0.0,2
timing_fault,2,25202,exact,7,1.0,1.0,0.0,0.0,False,False,False,0.0,False,,active,,0,29.595400003017858,0.0,2
timing_fault,2,25202,exact,8,1.0,1.0,0.0,0.0,False,False,False,0.0,False,,active,,0,25.713199996971525,0.0,2
timing_fault,2,25202,exact,9,1.0,1.0,0.0,0.0,False,False,False,0.0,False,,active,,0,24.70259999972768,0.0,2
timing_fault,2,25202,exact,10,1.0,1.0,0.0,0.0,False,False,False,0.0,False,,active,,0,28.26150000328198,0.0,2
timing_fault,2,25202,exact,11,1.0,1.0,0.0,0.0,False,False,False,0.0,False,,active,,0,28.914399998029694,0.0,2
timing_fault,2,25202,exact,12,1.0,1.0,0.0,0.0,False,False,False,0.0,False,,active,,0,28.83029999793507,0.0,2
timing_fault,2,25202,exact,13,1.0,1.0,0.0,0.0,False,False,False,0.0,False,,active,,0,28.759199994965456,0.0,2
timing_fault,2,25202,exact,14,1.0,1.0,0.0,0.0,False,False,False,0.0,False,,active,,0,33.01119999377988,0.0,2
timing_fault,2,25202,exact,15,1.0,1.0,0.0,0.0,False,False,False,0.0,False,,active,,0,26.966200006427243,0.0,2
timing_fault,2,25202,exact,16,1.0,1.0,0.0,0.0,False,False,False,0.0,False,,active,,0,26.458499996806495,0.0,2
timing_fault,2,25202,exact,17,1.0,1.0,0.0,0.0,False,False,False,0.0,False,,active,,0,28.442099996027537,0.0,2
timing_fault,2,25202,exact,18,1.0,1.0,0.0,0.0,False,False,False,0.0,False,,active,,0,26.381799994851463,0.0,2
timing_fault,2,25202,exact,19,1.0,1.0,0.0,0.0,False,False,False,0.0,False,,active,,0,33.963499998208135,0.0,2
timing_fault,2,25202,exact,20,1.0,1.0,0.0,0.0,False,False,False,0.0,False,,active,,0,25.099299993598834,0.0,2
timing_fault,2,25202,exact,21,1.0,1.0,0.0,0.0,False,False,False,0.0,False,,active,,0,29.163500003051013,0.0,2
timing_fault,2,25202,exact,22,1.0,1.0,0.0,0.0,False,False,False,0.0,False,,active,,0,31.29540001100395,0.0,2
timing_fault,2,25202,exact,23,1.0,1.0,0.0,0.0,False,False,False,0.0,False,,active,,0,28.95130000251811,0.0,2
timing_fault,2,25202,exact,24,1.0,1.0,0.0,0.0,False,False,False,0.0,False,,active,,0,28.814899997087196,0.0,2
timing_fault,2,25202,exact,25,1.0,1.0,0.0,0.0,False,False,False,0.0,False,,active,,0,28.150099999038503,0.0,2
timing_fault,2,25202,exact,26,1.0,1.0,0.0,0.0,False,False,False,0.0,False,,active,,0,27.0613000029698,0.0,2
timing_fault,2,25202,exact,27,1.0,1.0,0.0,0.0,False,False,False,0.0,False,,active,,0,28.071900000213645,0.0,2
timing_fault,2,25202,exact,28,1.0,1.0,0.0,0.0,False,False,False,0.0,False,,active,,0,32.08820000872947,0.0,2
timing_fault,2,25202,exact,29,1.0,1.0,0.0,0.0,False,False,False,0.0,False,,active,,0,30.00610000162851,0.0,2
timing_fault,2,25202,exact,30,1.0,1.0,0.0,0.0,False,False,False,0.0,False,,active,,0,33.74909999547526,0.0,2
timing_fault,2,25202,exact,31,1.0,1.0,0.0,0.0,False,False,False,0.0,False,,active,,0,42.31659999641124,0.0,2
timing_fault,2,25202,exact,32,1.0,1.0,0.0,0.0,False,False,False,0.0,False,,active,,0,68.91960000211839,0.0,2
timing_fault,2,25202,exact,33,1.0,1.0,0.0,0.0,False,False,False,0.0,False,,active,,0,54.66130000422709,0.0,2
timing_fault,2,25202,exact,34,1.0,1.0,0.0,0.0,False,False,False,0.0,False,,active,,0,37.83819999080151,0.0,2
timing_fault,2,25202,exact,35,1.0,1.0,0.0,0.0,False,False,False,0.0,False,,active,,0,34.07809999771416,0.0,2
timing_fault,2,25202,exact,36,1.0,1.0,0.0,0.0,False,False,False,0.0,False,,active,,0,34.63999999803491,0.0,2
timing_fault,2,25202,exact,37,1.0,1.0,0.0,0.0,False,False,False,0.0,False,,active,,0,40.10849999031052,0.0,2
timing_fault,2,25202,exact,38,1.0,1.0,0.0,0.0,False,False,False,0.0,False,,active,,0,56.00100000447128,0.0,2
timing_fault,2,25202,exact,39,1.0,1.0,0.0,0.0,False,False,False,0.0,False,,active,,0,41.424800001550466,0.0,2
timing_fault,2,25202,exact,40,1.0,1.0,0.0,0.0,False,False,False,0.0,False,,active,,0,44.02259999187663,0.0,2
timing_fault,2,25202,exact,41,1.0,1.0,0.0,0.0,False,False,False,0.0,False,,active,,0,30.64529999392107,0.0,2
timing_fault,2,25202,exact,42,1.0,1.0,0.0,0.0,False,False,False,0.0,False,,active,,0,44.535500011988916,0.0,2
timing_fault,2,25202,exact,43,1.0,1.0,0.0,0.0,False,False,False,0.0,False,,active,,0,54.891100007807836,0.0,2
timing_fault,2,25202,exact,44,1.0,1.0,0.0,0.0,False,False,False,0.0,False,,active,,0,58.07329999515787,0.0,2
timing_fault,2,25202,exact,45,1.0,1.0,0.0,0.0,False,False,False,0.0,False,,active,,0,45.88050000893418,0.0,2
timing_fault,2,25202,exact,46,1.0,1.0,0.0,0.0,False,False,False,0.0,False,,active,,0,35.478499994496815,0.0,2
timing_fault,2,25202,exact,47,1.0,1.0,0.0,0.0,False,False,False,0.0,False,,active,,0,34.93449999950826,0.0,2
timing_fault,2,25202,exact,48,1.0,1.0,0.0,0.0,False,False,False,0.0,False,,active,,0,36.503100011032075,0.0,2
timing_fault,2,25202,exact,49,1.0,1.0,0.0,0.0,False,False,False,0.0,False,,active,,0,40.6477999931667,0.0,2
timing_fault,2,25202,exact,50,1.0,1.0,0.0,0.0,False,False,False,0.0,False,,active,,0,41.53829999268055,0.0,2
timing_fault,2,25202,exact,51,1.0,1.0,0.0,0.0,False,False,False,0.0,False,,active,,0,42.35240000707563,0.0,2
timing_fault,2,25202,exact,52,1.0,1.0,0.0,0.0,False,False,False,0.0,False,,active,,0,34.10740000254009,0.0,2
timing_fault,2,25202,exact,53,1.0,1.0,0.0,0.0,False,False,False,0.0,False,,active,,0,36.97479999391362,0.0,2
timing_fault,2,25202,exact,54,1.0,1.0,0.0,0.0,False,False,False,0.0,False,,active,,0,27.89409999968484,0.0,2
timing_fault,2,25202,exact,55,1.0,1.0,0.0,0.0,False,False,False,0.0,False,,active,,0,25.24890001222957,0.0,2
timing_fault,2,25202,exact,56,1.0,1.0,0.0,0.0,False,False,False,0.0,False,,active,,0,26.54800000891555,0.0,2
timing_fault,2,25202,exact,57,1.0,1.0,0.0,0.0,False,False,False,0.0,False,,active,,0,39.905500001623295,0.0,2
timing_fault,2,25202,exact,58,1.0,1.0,0.0,0.0,False,False,False,0.0,False,,active,,0,42.64910001074895,0.0,2
timing_fault,2,25202,exact,59,1.0,1.0,0.0,0.0,False,False,False,0.0,False,,active,,0,39.1166999907,0.0,2
timing_fault,2,25202,exact,60,1.0,1.0,0.0,0.0,False,False,False,0.0,False,,active,,0,36.75509999447968,0.0,2
