scenario,epoch,mode,online_ms_per_request,recovery_ms,audit_ms,build_ms,served_violations,candidate_violations,audits,first_detection,recovered
healthy,0,exact,36.81664666679959,0.0,0.0,0.0,0,0,0,,False
healthy,0,audited,105.56845833416446,0.0,214.3320000031963,4583.241200001794,0,0,7,,False
healthy,0,unaudited,73.2670266678421,0.0,0.0,3146.8037000013283,0,0,0,,False
healthy,1,exact,37.57634500046455,0.0,0.0,0.0,0,0,0,,False
healthy,1,unaudited,80.22739500011085,0.0,0.0,3414.659499991103,0,0,0,,False
healthy,1,audited,71.17681666592641,0.0,219.82959999877494,2758.1377000024077,0,0,7,,False
healthy,2,exact,32.49383666552603,0.0,0.0,0.0,0,0,0,,False
healthy,2,audited,82.8813099998418,0.0,211.36659997864626,3442.7790000045206,0,0,7,,False
healthy,2,unaudited,61.975436667125905,0.0,0.0,2404.338199994527,0,0,0,,False
gain_fault,0,exact,34.491008334589424,0.0,0.0,0.0,0,0,0,,False
gain_fault,0,audited,294.01357500052353,9374.413399986224,192.34590000996832,6510.563500007265,4,5,6,10,True
gain_fault,0,unaudited,76.75651000026846,0.0,0.0,3391.846099999384,55,55,0,,False
gain_fault,1,audited,297.18211499857716,9536.959999997634,213.0705000308808,6543.846099986695,4,5,6,10,True
gain_fault,1,exact,28.899580000143033,0.0,0.0,0.0,0,0,0,,False
gain_fault,1,unaudited,65.88343000063712,0.0,0.0,2759.0519999939715,55,55,0,,False
gain_fault,2,unaudited,78.1622449993544,0.0,0.0,3243.1668000062928,55,55,0,,False
gain_fault,2,exact,29.81504833320893,0.0,0.0,0.0,0,0,0,,False
gain_fault,2,audited,284.3775550010226,9604.824299996835,202.58490000560414,5631.392900002538,4,5,6,10,True
timing_fault,0,exact,36.79185166668807,0.0,0.0,0.0,0,0,0,,False
timing_fault,0,unaudited,74.11810999983572,0.0,0.0,3280.479299995932,0,0,0,,False
timing_fault,0,audited,272.56069000213756,8714.660400000867,157.81669996795245,5912.668800010579,0,0,5,8,True
timing_fault,1,unaudited,72.80387833428297,0.0,0.0,3170.7239000097616,0,0,0,,False
timing_fault,1,exact,30.365268334329205,0.0,0.0,0.0,0,0,0,,False
timing_fault,1,audited,297.44648333338165,9730.962699992233,198.8831000344362,6261.333099988406,0,0,5,8,True
timing_fault,2,audited,314.81439166600467,9460.122000004048,204.3153999693459,7637.7619999984745,0,0,5,8,True
timing_fault,2,unaudited,89.17774166596548,0.0,0.0,3750.005499998224,0,0,0,,False
timing_fault,2,exact,23.751995000687504,0.0,0.0,0.0,0,0,0,,False
