scenario,mode,streams,online_ms_per_request,served_violations,audits,recovery_ms_mean,recovered_streams
healthy,exact,3,35.62894277759673,0,0,0.0,0
healthy,unaudited,3,71.82328611169295,0,0,0.0,0
healthy,audited,3,86.54219499997755,0,21,0.0,0
gain_fault,exact,3,31.068545555980464,0,0,0.0,0
gain_fault,unaudited,3,73.60072833342,165,0,0.0,0
gain_fault,audited,3,291.85774833337445,12,18,9505.399233326898,3
timing_fault,exact,3,30.303038333901593,0,0,0.0,0
timing_fault,unaudited,3,78.69991000002805,0,0,0.0,0
timing_fault,audited,3,294.9405216671746,0,15,9301.915033332383,3
