phase,process,samples,min_rss_bytes,max_rss_bytes,mean_rss_bytes
baseline,client,1,118501376,118501376,118501376.0
baseline,server,1,1214898176,1214898176,1214898176.0
correction_calibration,client,50,120143872,120184832,120165580.8
correction_calibration,server,50,1214849024,1214898176,1214872616.96
evaluation_build,client,146,129855488,132280320,130713796.38356164
evaluation_build,server,146,1219002368,1221464064,1219839803.6164384
import,client,191,121344000,159068160,153541926.86910996
import,server,191,1214849024,1215377408,1215304816.5863874
optimization,client,106,129855488,129855488,129855488.0
optimization,server,106,1219002368,1219002368,1219002368.0
query_adaptive,client,144,129855488,132411392,130830563.55555555
query_adaptive,server,144,1219313664,1221505024,1220122453.3333333
query_exact,client,138,129855488,132411392,130802406.0289855
query_exact,server,138,1219313664,1221480448,1220084008.8115942
query_exhaustive,client,132,129855488,132411392,130756856.24242425
query_exhaustive,server,132,1219313664,1221500928,1220054481.4545455
query_fixed10,client,51,129794048,132411392,130755483.60784313
query_fixed10,server,51,1219313664,1221505024,1220126117.6470587
query_fixed25,client,73,129855488,132411392,130787748.8219178
query_fixed25,server,73,1219313664,1221521408,1220127196.9315069
query_fixed50,client,101,129855488,132411392,130781630.0990099
query_fixed50,server,101,1219313664,1221505024,1220090930.6930692
query_fixed75,client,133,129855488,132411392,130905942.61654136
query_fixed75,server,133,1219313664,1221505024,1220136621.2330828
query_nsga2,client,144,129855488,132411392,130697614.22222222
query_nsga2,server,144,1219313664,1221505024,1220008248.8888888
timing_build,client,95,129851392,137191424,132239403.11578947
timing_build,server,95,1215348736,1218994176,1217451924.2105262
timing_queries,client,133,129851392,129851392,129851392.0
timing_queries,server,133,1215422464,1221939200,1218451902.556391
warmup,client,47,129855488,132280320,130760529.70212767
warmup,server,47,1219031040,1221468160,1219865665.3617022
