predicate,seed,final_front_recall,unique_evaluations,objective_requests,reference_front_size,maximum_recall_at_population_size
DE,0,1.0,63,992,8,1.0
DE,1,1.0,64,992,8,1.0
DE,2,1.0,63,992,8,1.0
DE,3,1.0,64,992,8,1.0
DE,4,1.0,62,992,8,1.0
DE,5,1.0,63,992,8,1.0
DE,6,0.875,63,992,8,1.0
DE,7,0.875,62,992,8,1.0
DE,8,0.875,61,992,8,1.0
DE,9,1.0,63,992,8,1.0
ES,0,1.0,64,992,14,1.0
ES,1,1.0,64,992,14,1.0
ES,2,1.0,63,992,14,1.0
ES,3,1.0,63,992,14,1.0
ES,4,1.0,63,992,14,1.0
ES,5,1.0,61,992,14,1.0
ES,6,1.0,60,992,14,1.0
ES,7,1.0,64,992,14,1.0
ES,8,1.0,63,992,14,1.0
ES,9,0.9285714285714286,63,992,14,1.0
FR,0,0.75,62,992,24,1.0
FR,1,0.7083333333333334,63,992,24,1.0
FR,2,0.8333333333333334,62,992,24,1.0
FR,3,0.9166666666666666,62,992,24,1.0
FR,4,0.8333333333333334,62,992,24,1.0
FR,5,0.75,62,992,24,1.0
FR,6,0.75,63,992,24,1.0
FR,7,0.7916666666666666,64,992,24,1.0
FR,8,0.75,59,992,24,1.0
FR,9,0.75,61,992,24,1.0
IT,0,0.75,58,992,8,1.0
IT,1,1.0,62,992,8,1.0
IT,2,1.0,61,992,8,1.0
IT,3,1.0,62,992,8,1.0
IT,4,1.0,63,992,8,1.0
IT,5,1.0,62,992,8,1.0
IT,6,0.75,61,992,8,1.0
IT,7,0.875,62,992,8,1.0
IT,8,1.0,64,992,8,1.0
IT,9,1.0,62,992,8,1.0
NL,0,1.0,62,992,6,1.0
NL,1,1.0,63,992,6,1.0
NL,2,0.8333333333333334,62,992,6,1.0
NL,3,1.0,62,992,6,1.0
NL,4,1.0,61,992,6,1.0
NL,5,1.0,59,992,6,1.0
NL,6,1.0,64,992,6,1.0
NL,7,1.0,60,992,6,1.0
NL,8,0.8333333333333334,60,992,6,1.0
NL,9,1.0,63,992,6,1.0
