epoch,predicate,kind,fidelity,repeat,count,query_ms,state_check_ms,request_ms
0,DE,node,0.25,0,2425,2.584100002422929,1.8102000030921772,4.400100006023422
0,DE,node,0.15,0,1456,2.877999999327585,1.3885999942431226,4.2710999987320974
0,DE,node,1.0,0,9855,3.4485000069253147,0.000100000761449337,3.4512999991420656
0,DE,node,0.35,0,3429,2.388499997323379,1.4272999978857115,3.8194999942788854
0,DE,edge,0.5,0,1469,19.11929999187123,1.43420000676997,20.558600008371286
0,DE,edge,0.05,0,11,3.232900009606965,2.046000008704141,5.285500010359101
0,DE,edge,0.75,0,3277,23.407100001350045,1.6002000047592446,25.011799996718764
0,DE,node,0.75,0,7339,20.73970000492409,2.1456999966176227,22.891100001288578
0,DE,edge,0.15,0,114,10.821699994266964,7.56579999870155,18.39579999796115
0,DE,node,0.1,0,982,2.3342999920714647,2.0385999960126355,4.378099998575635
0,DE,node,0.5,0,4900,6.476699985796586,2.1932000090600923,8.677100006025285
0,DE,edge,1.0,0,5833,37.39250000216998,0.000400003045797348,37.39750001113862
0,DE,edge,0.1,0,48,4.67229999776464,2.063399995677173,6.740700002410449
0,DE,edge,0.35,0,728,15.822300003492273,1.7527000018162653,17.580300002009608
0,DE,node,0.05,0,475,5.883999998332001,2.118799995514564,8.00810000509955
0,DE,edge,0.25,0,361,12.639799999305978,2.031399999395944,14.676499995402992
0,DE,edge,0.5,1,1469,17.587300011655316,1.9406000064918771,19.53279999725055
0,DE,node,0.15,1,1456,2.5387999921804294,2.4317999923368916,4.975599993485957
0,DE,node,0.5,1,4900,2.969900000607595,1.7952000052900985,4.770500003360212
0,DE,edge,0.05,1,11,3.0393000051844865,1.3424000062514096,4.3858000135514885
0,DE,edge,0.25,1,361,13.380000003962778,1.6525999963050708,15.037299992400222
0,DE,node,0.1,1,982,2.8750000055879354,2.0461999956751242,4.925699991872534
0,DE,edge,0.35,1,728,13.831200005370192,1.690499993856065,15.526999995927326
0,DE,node,0.05,1,475,1.8917999987024814,1.5941000019665807,3.4900000027846545
0,DE,node,0.35,1,3429,2.1911999938311055,1.2534000125015154,3.4482000046409667
0,DE,edge,0.75,1,3277,21.589500000118278,1.209300011396408,22.802999999839813
0,DE,node,1.0,1,9855,4.161499993642792,0.000200001522898674,4.165199992712587
0,DE,node,0.75,1,7339,13.93659999303054,1.4522999990731478,15.394100002595223
0,DE,edge,0.15,1,114,6.626999995205551,1.800300000468269,8.43180000083521
0,DE,edge,1.0,1,5833,40.69649998564273,0.00029998773243278265,40.70109999156557
0,DE,node,0.25,1,2425,4.220200004056096,2.2065999946789816,6.4316999923903495
0,DE,edge,0.1,1,48,7.98810001288075,2.001500004553236,9.994499996537343
0,DE,node,0.05,2,475,1.6704000008758157,1.5144000062718987,3.188600006978959
0,DE,edge,0.25,2,361,27.343200010363944,3.4248000010848045,30.774099999689497
0,DE,edge,0.75,2,3277,23.931500007165596,2.60990000970196,26.54820001043845
0,DE,node,0.35,2,3429,2.545700001064688,2.2402000031434,4.7916000039549544
0,DE,node,0.1,2,982,1.9537000043783337,1.299100011237897,3.256900003179908
0,DE,edge,0.5,2,1469,23.709400004008785,1.4467000000877306,25.161400000797585
0,DE,edge,0.35,2,728,13.61660000111442,1.9229000026825815,15.544800000498071
0,DE,edge,0.05,2,11,5.7111999922199175,3.9795000047888607,9.69700000132434
0,DE,node,0.5,2,4900,2.771800005575642,1.5596000012010336,4.335499994340353
0,DE,node,0.25,2,2425,2.1874999947613105,1.2794000067515299,3.471100004389882
0,DE,node,0.15,2,1456,2.3670999944442883,1.454500001273118,3.8254999963101
0,DE,edge,0.15,2,114,6.003899994539097,2.222099996288307,8.229700004449114
0,DE,edge,1.0,2,5833,26.93829999770969,0.000300002284348011,26.943300006678328
0,DE,edge,0.1,2,48,4.855299994233064,1.9401000026846305,6.799700000556186
0,DE,node,0.75,2,7339,3.2833000004757196,1.5880999999353662,4.8753000010037795
0,DE,node,1.0,2,9855,3.343400006997399,0.000100000761449337,3.3462999999755993
0,ES,node,0.25,0,2229,4.615499987266958,3.753800003323704,8.37780001165811
0,ES,node,0.15,0,1370,6.9965000002412125,3.1989999988581985,10.203900004853494
0,ES,node,1.0,0,9093,9.009299988974817,0.000500003807246685,9.016399999381974
0,ES,node,0.35,0,3138,4.938399986713193,3.1570999999530613,8.106999986921437
0,ES,edge,0.5,0,1197,28.137400004197843,3.3393000048818067,31.487500004004687
0,ES,edge,0.05,0,20,5.22560000536032,3.535700001521036,8.769799998844974
0,ES,edge,0.75,0,2765,19.610999996075407,2.031900003203191,21.648900001309812
0,ES,node,0.75,0,6835,3.6118999996688217,1.6158999933395535,5.2321999974083155
0,ES,edge,0.15,0,118,10.130200011190027,2.7683999942382798,12.908099990454502
0,ES,node,0.1,0,916,3.8877999904798344,4.187200000160374,8.08359999791719
0,ES,node,0.5,0,4506,8.285200005047955,4.449500003829598,12.744200008455664
0,ES,edge,1.0,0,4960,41.743600013433024,0.000400003045797348,41.7507999954978
0,ES,edge,0.1,0,56,9.886299987556413,3.968299992266111,13.866699999198318
0,ES,edge,0.35,0,600,19.618300008005463,5.109099991386756,24.73769999051001
0,ES,node,0.05,0,456,4.440100005012937,4.176400005235337,8.627200004411861
0,ES,edge,0.25,0,313,20.631100007449277,2.049700007773936,22.69140000862535
0,ES,edge,0.5,1,1197,25.97780000360217,4.207500009215437,30.19640001002699
0,ES,node,0.15,1,1370,4.25300000642892,3.3618000015849248,7.625500002177432
0,ES,node,0.5,1,4506,6.972999995923601,3.5293999972054735,10.51059999736026
0,ES,edge,0.05,1,20,5.8357999951113015,3.497199999401346,9.342400007881224
0,ES,edge,0.25,1,313,13.111000007484108,3.6522000009426847,16.77410000411328
0,ES,node,0.1,1,916,3.5272999957669526,3.3777999924495816,6.9121999986236915
0,ES,edge,0.35,1,600,18.53040000423789,3.2039000070653856,21.74310000555124
0,ES,node,0.05,1,456,3.8478000060422346,3.554800001438707,7.411300000967458
0,ES,node,0.35,1,3138,6.081300001824275,3.2315999997081235,9.323000005679205
0,ES,edge,0.75,1,2765,30.26500000851229,3.1097000028239563,33.38219999568537
0,ES,node,1.0,1,9093,4.01590000547003,0.000300002284348011,4.019400003016926
0,ES,node,0.75,1,6835,2.9394000011961907,1.5138000017032027,4.457899995031767
0,ES,edge,0.15,1,118,4.755699992529117,1.734499994199723,6.4947000064421445
0,ES,edge,1.0,1,4960,21.73419999598991,0.000200001522898674,21.7389000026742
0,ES,node,0.25,1,2229,4.5190999953774735,2.267899995786138,6.792199987103231
0,ES,edge,0.1,1,56,3.791299997828901,3.0353999900398776,6.830799989984371
0,ES,node,0.05,2,456,4.490399995120242,1.54899999324698,6.043099987437017
0,ES,edge,0.25,2,313,15.017300000181422,2.531599995563738,17.554200006998144
0,ES,edge,0.75,2,2765,20.47060000768397,1.737800004775636,22.215099990717135
0,ES,node,0.35,2,3138,5.549599998630583,3.4182999952463433,8.974900003522635
0,ES,node,0.1,2,916,2.0037999929627404,1.9315999961690977,3.9400999958161265
0,ES,edge,0.5,2,1197,37.61060000397265,6.081200001062825,43.70090000156779
0,ES,edge,0.35,2,600,14.705399997183122,4.759500006912276,19.47410000138916
0,ES,edge,0.05,2,20,7.153600003221072,2.5091999996220693,9.671799998614006
0,ES,node,0.5,2,4506,5.160000000614673,3.606199999921955,8.775099995546043
0,ES,node,0.25,2,2229,5.772699994849972,3.1310000049415976,8.911500000976957
0,ES,node,0.15,2,1370,3.79659999452997,3.067800003918819,6.873999998788349
0,ES,edge,0.15,2,118,9.254999997210689,3.01949999993667,12.283100004424341
0,ES,edge,1.0,2,4960,44.35310000553727,0.000500003807246685,44.362400003592484
0,ES,edge,0.1,2,56,11.342700003297068,4.293999998481013,15.649299995857291
0,ES,node,0.75,2,6835,10.842799994861707,3.906999991158955,14.758599994820543
0,ES,node,1.0,2,9093,7.805200002621859,0.000500003807246685,7.81319999077823
0,FR,node,0.25,0,3822,3.1039000023156404,2.1613999997498468,5.273499991744757
0,FR,node,0.15,0,2262,2.2589000000152737,2.3188999912235886,4.582099994877353
0,FR,node,1.0,0,14959,3.964899995480664,0.000200001522898674,3.967699987697415
0,FR,node,0.35,0,5327,3.7262999976519495,1.4552999928127974,5.186399997910485
0,FR,edge,0.5,0,3492,22.897799994098023,2.7125999913550913,25.616599989007227
0,FR,edge,0.05,0,34,3.966000003856607,1.9648000015877187,5.934999993769452
0,FR,edge,0.75,0,7588,29.598299995996058,1.865299986093305,31.468999994103797
0,FR,node,0.75,0,11180,5.995600004098378,1.8056999979307875,7.806599998730235
0,FR,edge,0.15,0,312,17.346000007819384,2.41650000680238,19.772700004978105
0,FR,node,0.1,0,1525,4.403700004331768,3.813799994532019,8.227300000726245
0,FR,node,0.5,0,7555,7.269599998835474,2.9972999909659848,10.276200002408586
0,FR,edge,1.0,0,13428,62.621600009151734,0.0007999915396794677,62.6302000018768
0,FR,edge,0.1,0,126,9.499499996309169,3.656899993075058,13.165299998945557
0,FR,edge,0.35,0,1788,22.49669999582693,2.2692000056849793,24.772100005066022
0,FR,node,0.05,0,789,2.655599993886426,2.5594999897293746,5.2211000001989305
0,FR,edge,0.25,0,869,21.65439999953378,2.124899998307228,23.786400008248165
0,FR,edge,0.5,1,3492,47.1873000060441,3.652999992482364,50.84969999734312
0,FR,node,0.15,1,2262,2.5612000026740134,2.6114999927813187,5.178399995202199
0,FR,node,0.5,1,7555,5.28640000266023,2.2037000017007813,7.495900004869327
0,FR,edge,0.05,1,34,6.795399996917695,2.635899989400059,9.440599998924881
0,FR,edge,0.25,1,869,27.246100013144314,4.263099996023811,31.522999997832812
0,FR,node,0.1,1,1525,4.4021999929100275,3.8813999999547377,8.292799990158528
0,FR,edge,0.35,1,1788,26.29339999111835,3.0115999979898334,29.312600003322586
0,FR,node,0.05,1,789,2.6983999996446073,3.035499990801327,5.7410000008530915
0,FR,node,0.35,1,5327,4.2489999905228615,2.0886000129394233,6.344700013869442
0,FR,edge,0.75,1,7588,67.15909999911673,3.1066999945323914,70.27680000464898
0,FR,node,1.0,1,14959,8.312100006151013,0.00029998773243278265,8.317899992107414
0,FR,node,0.75,1,11180,4.845200004638173,2.892499993322417,7.743099995423108
0,FR,edge,0.15,1,312,18.280999996932223,1.9086000102106482,20.195700009935535
0,FR,edge,1.0,1,13428,61.1843999940902,0.000400003045797348,61.19010000838898
0,FR,node,0.25,1,3822,3.0839999963063747,2.6871000009123236,5.777400001534261
0,FR,edge,0.1,1,126,10.418799996841699,4.337200007284991,14.763800005312078
0,FR,node,0.05,2,789,3.223399995476939,3.0165000061970204,6.24870001047384
0,FR,edge,0.25,2,869,27.07389999704901,2.842200003215112,29.923399997642264
0,FR,edge,0.75,2,7588,54.33139999513514,3.3408000017516315,57.679000005009584
0,FR,node,0.35,2,5327,2.7587999938987195,4.5144000032451,7.277400000020862
0,FR,node,0.1,2,1525,1.669899997068569,3.737500010174699,5.411000005551614
0,FR,edge,0.5,2,3492,34.0147000097204,1.305300000240095,35.32580001046881
0,FR,edge,0.35,2,1788,14.01679999253247,1.9191999890608713,15.94059998751618
0,FR,edge,0.05,2,34,3.2971000036923215,1.5400999982375652,4.841300004045479
0,FR,node,0.5,2,7555,2.9783000063616782,1.8017000111285597,4.784100005053915
0,FR,node,0.25,2,3822,2.171300002373755,1.3141999952495098,3.4897000005003065
0,FR,node,0.15,2,2262,2.3867999989306554,1.5358999953605235,3.9276999887079
0,FR,edge,0.15,2,312,12.443699990399182,1.7564000008860603,14.206899999408051
0,FR,edge,1.0,2,13428,70.03960000292864,0.0004999892553314567,70.04659999802243
0,FR,edge,0.1,2,126,13.224499998614192,3.1037000007927418,16.33850000507664
0,FR,node,0.75,2,11180,8.521700001438148,4.4901000073878095,13.023599996813573
0,FR,node,1.0,2,14959,7.870700006606057,0.000500003807246685,7.876899995608255
0,IT,node,0.25,0,2138,2.007000002777204,1.3693999935640022,3.3801999961724505
0,IT,node,0.15,0,1284,2.4807000008877367,1.2051000085193664,3.68920000619255
0,IT,node,1.0,0,8664,2.8362000011838973,0.000200001522898674,2.8387999918777496
0,IT,node,0.35,0,3016,2.0145000016782433,1.3961000076960772,3.4140000061597675
0,IT,edge,0.5,0,1144,11.858600002597086,1.4174000098137185,13.279699996928684
0,IT,edge,0.05,0,13,3.2848000118974596,1.6287000034935772,4.918499995255843
0,IT,edge,0.75,0,2505,30.777700012549758,2.1810000034747645,32.96470000350382
0,IT,node,0.75,0,6452,5.192700002226047,3.596000009565614,8.79630001145415
0,IT,edge,0.15,0,100,19.104899998637848,2.678899996681139,21.790700004203245
0,IT,node,0.1,0,874,7.927300001028925,2.5658999948063865,10.499799987883307
0,IT,node,0.5,0,4342,4.7660999989602715,14.023600000655279,18.798499993863516
0,IT,edge,1.0,0,4587,27.561999988392927,0.000400003045797348,27.567199998884462
0,IT,edge,0.1,0,55,7.648600003449246,2.5144999963231385,10.17189999402035
0,IT,edge,0.35,0,556,16.543399993679486,3.326500009279698,19.879400002537295
0,IT,node,0.05,0,431,3.6660999903688207,3.09880000713747,6.773400004021823
0,IT,edge,0.25,0,288,16.966200011665933,3.248600012739189,20.222000006469898
0,IT,edge,0.5,1,1144,15.492400008952245,2.4000999983400106,17.898200007039122
0,IT,node,0.15,1,1284,2.158999996026978,2.1689999994123355,4.3329999898560345
0,IT,node,0.5,1,4342,3.915300010703504,2.549400000134483,6.470899999840185
0,IT,edge,0.05,1,13,5.92490000417456,2.945699990959838,8.87779999175109
0,IT,edge,0.25,1,288,16.4982999995118,2.059000005829148,18.56250000128057
0,IT,node,0.1,1,874,1.9503000075928867,1.5497999993385747,3.504399996018037
0,IT,edge,0.35,1,556,19.499000001815148,1.549900000100024,21.055300006992184
0,IT,node,0.05,1,431,5.972200000542216,3.3284999954048544,9.308599997893907
0,IT,node,0.35,1,3016,3.063500000280328,2.6898999931290746,5.758800005423836
0,IT,edge,0.75,1,2505,31.586600001901388,2.926000001025386,34.51970001333393
0,IT,node,1.0,1,8664,7.453800004441291,0.0006999907782301307,7.46209999488201
0,IT,node,0.75,1,6452,7.032699999399483,3.703700000187382,10.746699990704656
0,IT,edge,0.15,1,100,9.116700006416067,3.199200000381097,12.326699987170286
0,IT,edge,1.0,1,4587,37.87690000899602,0.0005999900167807937,37.883999990299344
0,IT,node,0.25,1,2138,3.401599999051541,1.6317999979946762,5.039399999077432
0,IT,edge,0.1,1,55,5.773199998657219,2.443000004859641,8.227400001487695
0,IT,node,0.05,2,431,3.7157999904593453,3.9366000128211454,7.6616000005742535
0,IT,edge,0.25,2,288,12.9424999904586,2.5000999885378405,15.450699997018091
0,IT,edge,0.75,2,2505,18.18160001130309,2.1785999997518957,20.365099990158342
0,IT,node,0.35,2,3016,5.967399993096478,2.7064000023528934,8.6829000065336
0,IT,node,0.1,2,874,2.1533999970415607,1.824299994041212,3.9825999992899597
0,IT,edge,0.5,2,1144,13.490299999830313,2.700099998037331,16.19609999761451
0,IT,edge,0.35,2,556,9.076899994397536,1.7298000020673499,10.813000000780448
0,IT,edge,0.05,2,13,3.2039000070653856,2.126400009728968,5.33519999589771
0,IT,node,0.5,2,4342,4.175499998382293,1.995999991777353,6.17969999439083
0,IT,node,0.25,2,2138,1.9840000022668391,1.485000000684522,3.4727000020211563
0,IT,node,0.15,2,1284,1.9648999877972528,1.2592999992193654,3.22769999911543
0,IT,edge,0.15,2,100,6.004700000630692,1.930400001583621,7.940800001961179
0,IT,edge,1.0,2,4587,32.995899993693456,0.000300002284348011,32.99999999580905
0,IT,edge,0.1,2,55,4.0145000093616545,3.083799994783476,7.104899996193126
0,IT,node,0.75,2,6452,3.123700007563457,1.8399000109639019,4.968400011421181
0,IT,node,1.0,2,8664,4.315600002883002,0.000200001522898674,4.318999999668449
0,NL,node,0.25,0,1869,3.0663000070489943,1.9709999905899167,5.043899989686906
0,NL,node,0.15,0,1136,4.6172000002115965,4.636199999367818,9.263100000680424
0,NL,node,1.0,0,7429,6.536300003062934,0.000500003807246685,6.543600000441074
0,NL,node,0.35,0,2615,5.504799992195331,3.4379999997327104,8.951600000727922
0,NL,edge,0.5,0,905,20.56530000118073,3.176099999109283,23.7522999959765
0,NL,edge,0.05,0,12,6.295500003034249,3.422499998123385,9.730099991429597
0,NL,edge,0.75,0,1889,28.07580000080634,3.4263999987160787,31.510699991486035
0,NL,node,0.75,0,5631,3.39209999947343,2.964100000099279,6.364300003042445
0,NL,edge,0.15,0,72,9.5422000013059,2.897700003813952,12.44990000850521
0,NL,node,0.1,0,773,5.4106000025058165,4.07729999278672,9.498899991740473
0,NL,node,0.5,0,3758,5.39379999099765,3.2804999937070534,8.686300003319047
0,NL,edge,1.0,0,3350,33.8839000032749,0.000400003045797348,33.89140000217594
0,NL,edge,0.1,0,28,8.21039998845663,4.431299996213056,12.697699989075772
0,NL,edge,0.35,0,430,16.869600003701635,4.431900000781752,21.31280000321567
0,NL,node,0.05,0,382,4.590600001392886,3.5398999898461625,8.140299993101507
0,NL,edge,0.25,0,217,16.124100002343766,3.7281999975675717,19.863299996359274
0,NL,edge,0.5,1,905,24.201499996706843,3.5279000003356487,27.740400008042343
0,NL,node,0.15,1,1136,4.709800006821752,3.4699999960139394,8.189300002413802
0,NL,node,0.5,1,3758,5.509700000402518,3.492399991955608,9.011100002680905
0,NL,edge,0.05,1,12,6.434700000681914,3.4641000092960894,9.906400009640492
0,NL,edge,0.25,1,217,12.28830000036396,2.500400005374104,14.796599993132986
0,NL,node,0.1,1,773,5.102499999338761,4.213300009723753,9.324900005594827
0,NL,edge,0.35,1,430,15.373600006569177,1.9164000113960356,17.294500008574687
0,NL,node,0.05,1,382,1.7568000039318576,1.4923999988241121,3.253200004110113
0,NL,node,0.35,1,2615,2.289199997903779,3.2192000071518123,5.513099997187965
0,NL,edge,0.75,1,1889,17.371099995216355,1.4489000022877008,18.824300001142547
0,NL,node,1.0,1,7429,3.3838000090327114,0.000200001522898674,3.3873000065796077
0,NL,node,0.75,1,5631,3.7115999875823036,2.493699998012744,6.212799999048002
0,NL,edge,0.15,1,72,6.947000001673587,1.2983999913558364,8.250500002759509
0,NL,edge,1.0,1,3350,26.490000003832392,0.00029998773243278265,26.49530000053346
0,NL,node,0.25,1,1869,4.983599996194243,5.259199999272823,10.251499988953583
0,NL,edge,0.1,1,28,7.284899998921901,9.24440000380855,16.538600000785664
0,NL,node,0.05,2,382,3.875999987940304,2.954600000521168,6.839200010290369
0,NL,edge,0.25,2,217,10.68469999881927,2.4766999995335937,13.167900004191324
0,NL,edge,0.75,2,1889,29.709300011745654,1.5917999990051612,31.307199998991564
0,NL,node,0.35,2,2615,3.911099993274547,3.2821000058902428,7.199700005003251
0,NL,node,0.1,2,773,2.451200009090826,2.355899996473454,4.812699989997782
0,NL,edge,0.5,2,905,17.336699995212257,1.7112999921664596,19.05429999169428
0,NL,edge,0.35,2,430,8.501299991621636,1.9948999979533255,10.505099999136291
0,NL,edge,0.05,2,12,4.0102000057231635,2.9983000131323934,7.015100010903552
0,NL,node,0.5,2,3758,3.610700005083345,2.569099990068935,6.18650000251364
0,NL,node,0.25,2,1869,2.802299990435131,1.9578999927034602,4.7651999921072274
0,NL,node,0.15,2,1136,2.616400000988506,2.209800004493445,4.831700003705919
0,NL,edge,0.15,2,72,10.681299987481907,2.514300009352155,13.203400012571365
0,NL,edge,1.0,2,3350,32.89410000434145,0.000500003807246685,32.90160000324249
0,NL,edge,0.1,2,28,7.508299997425638,2.993600006448105,10.511000000406057
0,NL,node,0.75,2,5631,10.763199999928474,2.9701000021304935,13.741699993261136
0,NL,node,1.0,2,7429,5.3352000104496256,0.000300002284348011,5.3404999925987795
1,DE,edge,0.5,0,1468,28.195399994729087,1.970099998288788,30.173899998771958
1,DE,node,0.15,0,1474,4.131299996515736,4.012500008684583,8.19039999623783
1,DE,node,0.5,0,4930,9.326500003226101,4.732000001240522,14.082199995755218
1,DE,edge,0.05,0,17,4.377899997052737,2.764100005151704,7.149400000344031
1,DE,edge,0.25,0,363,10.597900007269345,2.219999994849786,12.82329999958165
1,DE,node,0.1,0,990,4.375599994091317,1.6280999989248812,6.008099997416139
1,DE,edge,0.35,0,721,11.313800001516938,1.5501000016229227,12.868199992226437
1,DE,node,0.05,0,497,1.8421999993734062,1.9869999960064888,3.8340000028256327
1,DE,node,0.35,0,3453,2.111999987391755,1.305900004808791,3.4214000042993575
1,DE,edge,0.75,0,3289,17.185399992740713,1.3453999999910593,18.534899994847365
1,DE,node,1.0,0,9855,3.5352999984752387,0.000200001522898674,3.5386999952606857
1,DE,node,0.75,0,7378,3.0470000056084245,1.4349999983096495,4.485800003749318
1,DE,edge,0.15,0,133,6.5663999994285405,1.2378000101307407,7.819000005838461
1,DE,edge,1.0,0,5833,46.281000002636574,0.000300002284348011,46.28720000619069
1,DE,node,0.25,0,2464,4.7408999962499365,3.1922000052873045,7.941500007291324
1,DE,edge,0.1,0,53,7.3641000053612515,3.2537000079173595,10.625499999150634
1,DE,node,0.05,1,497,3.2943999976851046,3.7775999953737482,7.080199997290038
1,DE,edge,0.25,1,363,13.223500005551614,2.3832000006223097,15.615199998137541
1,DE,edge,0.75,1,3289,21.091799993882887,2.911800009314902,24.01069999905303
1,DE,node,0.35,1,3453,2.3541999980807304,1.9918000034522265,4.3507999944267794
1,DE,node,0.1,1,990,1.852300003520213,1.3541999942390248,3.2105999998748302
1,DE,edge,0.5,1,1468,17.97950000036508,1.2428000045474619,19.226100004743785
1,DE,edge,0.35,1,721,9.860799997113645,1.9012999982805923,11.766399999032728
1,DE,edge,0.05,1,17,3.1639999942854047,1.6312999941874295,4.80039999820292
1,DE,node,0.5,1,4930,4.785299999639392,2.424799997243099,7.217199992737733
1,DE,node,0.25,1,2464,4.481199997826479,2.576799990492873,7.06499999796506
1,DE,node,0.15,1,1474,3.4697999944910407,3.085599993937649,6.563200004165992
1,DE,edge,0.15,1,133,9.09779999346938,2.844499991624616,11.951099993893877
1,DE,edge,1.0,1,5833,43.65249999682419,0.000500003807246685,43.65959999267943
1,DE,edge,0.1,1,53,8.201800010283478,4.239500005496666,12.451300004613586
1,DE,node,0.75,1,7378,6.932500007678755,4.371300005004741,11.313800001516938
1,DE,node,1.0,1,9855,7.008100001257844,0.0004999892553314567,7.014899994828738
1,DE,node,0.25,2,2464,5.020600001444109,3.6170999956084415,8.647900001960807
1,DE,edge,0.75,2,3289,40.26280000107363,3.995599996414967,44.26940000848845
1,DE,edge,0.35,2,721,40.98050000902731,4.298999992897734,45.291899994481355
1,DE,edge,0.15,2,133,13.583699997980148,4.62780000816565,18.222700004116632
1,DE,edge,0.05,2,17,8.74519998615142,4.101900005480275,12.8573999973014
1,DE,edge,0.1,2,53,8.22449999395758,3.2707000063965097,11.505899994517677
1,DE,node,0.05,2,497,5.1146999903721735,3.627099998993799,8.7511000019731
1,DE,node,0.1,2,990,4.392499991809018,3.5813000140478835,7.982600000104867
1,DE,node,0.5,2,4930,6.426300009479746,3.057599999010563,9.49409999884665
1,DE,edge,0.25,2,363,16.60410000476986,3.5241000005044043,20.13710000028368
1,DE,node,0.15,2,1474,5.811099996208213,2.877699997043237,8.69859999511391
1,DE,node,0.35,2,3453,5.42929999937769,3.4834999969461933,8.92220000969246
1,DE,node,0.75,2,7378,3.873400011798367,3.404300005058758,7.284000006620772
1,DE,edge,1.0,2,5833,56.75560000236146,0.0007999915396794677,56.765499990433455
1,DE,edge,0.5,2,1468,21.70869999099523,4.116900003282353,25.836600005277433
1,DE,node,1.0,2,9855,6.18350000877399,0.000600004568696022,6.190500003867783
1,ES,edge,0.5,0,1264,26.82020000065677,2.437499992083758,29.267699996125884
1,ES,node,0.15,0,1407,5.417299995315261,3.792299990891479,9.220099993399344
1,ES,node,0.5,0,4648,5.293199996231124,3.4054999996442348,8.708800000022165
1,ES,edge,0.05,0,6,5.624199999147095,3.4331000060774386,9.067200007848442
1,ES,edge,0.25,0,321,15.556199999991804,4.204299999400973,19.771299994317815
1,ES,node,0.1,0,944,4.849200005992316,3.7942000053590164,8.653199998661876
1,ES,edge,0.35,0,635,24.16780000203289,4.418500000610948,28.597600001376122
1,ES,node,0.05,0,443,5.478799997945316,4.872099991189316,10.361099994042888
1,ES,node,0.35,0,3307,5.72420000389684,2.9630000062752515,8.696200005942956
1,ES,edge,0.75,0,2779,42.74589999113232,3.2492000027559698,46.005500000319444
1,ES,node,1.0,0,9093,3.8345999928424135,0.000300002284348011,3.8395000010496005
1,ES,node,0.75,0,6865,4.363699990790337,2.6837000041268766,7.055599999148399
1,ES,edge,0.15,0,96,11.511600008816458,3.061600000364706,14.583000011043623
1,ES,edge,1.0,0,4960,52.005699995788746,0.000600004568696022,52.014700006111525
1,ES,node,0.25,0,2358,6.0649999941233546,5.137299987836741,11.213899997528642
1,ES,edge,0.1,0,40,9.402099996805191,3.944600000977516,13.357299991184846
1,ES,node,0.05,1,443,5.41230000089854,3.3313000021735206,8.751500005018897
1,ES,edge,0.25,1,321,16.008400009013712,4.097700002603233,20.113300008233637
1,ES,edge,0.75,1,2779,21.63529999961611,2.2878000017954037,23.92890000191983
1,ES,node,0.35,1,3307,3.859300006297417,1.836699986597523,5.700599998817779
1,ES,node,0.1,1,944,2.0970999903511256,1.6423000051872805,3.7432000099215657
1,ES,edge,0.5,1,1264,17.06309999281075,3.2651000074110925,20.332400003098883
1,ES,edge,0.35,1,635,11.847400004626252,1.9203999981982633,13.774299994111061
1,ES,edge,0.05,1,6,4.23739998950623,6.982699997024611,11.226399990846403
1,ES,node,0.5,1,4648,2.653900010045618,5.041800002800301,7.700100002693944
1,ES,node,0.25,1,2358,2.0843999955104664,1.2873999949079007,3.3755000040400773
1,ES,node,0.15,1,1407,2.947500004665926,1.203499996336177,4.154599999310449
1,ES,edge,0.15,1,96,4.727200008346699,2.1142999903531745,6.845299998531118
1,ES,edge,1.0,1,4960,38.06800000893418,0.000200001522898674,38.072199997259304
1,ES,edge,0.1,1,40,6.929800001671538,2.279899999848567,9.216999998898245
1,ES,node,0.75,1,6865,5.999200002406724,2.4095999979181215,8.416500000748783
1,ES,node,1.0,1,9093,6.0064999997848645,0.000300002284348011,6.012600002577528
1,ES,node,0.25,2,2358,65.22439999389462,3.0273000011220574,68.26260000525508
1,ES,edge,0.75,2,2779,19.770400002016686,2.863899993826635,22.641399991698563
1,ES,edge,0.35,2,635,10.388000009697862,2.2413999977288768,12.635599996428937
1,ES,edge,0.15,2,96,5.152599987923168,2.020900006755255,7.17840000288561
1,ES,edge,0.05,2,6,3.578700008802116,1.8628999969223514,5.446699986350723
1,ES,edge,0.1,2,40,4.706499996245839,1.9855999998981133,6.697300006635487
1,ES,node,0.05,2,443,2.2871999972267076,1.8864000012399629,4.1775999998208135
1,ES,node,0.1,2,944,1.967999996850267,1.5706999984104186,3.5446999972919
1,ES,node,0.5,2,4648,3.234899995732121,1.500999991549179,4.7396999871125445
1,ES,edge,0.25,2,321,7.983400006196462,1.5810000040801242,9.570299996994436
1,ES,node,0.15,2,1407,2.3170000058598816,1.9268000032752752,4.248400000506081
1,ES,node,0.35,2,3307,3.2521999964956194,1.7194999963976443,4.976500000339001
1,ES,node,0.75,2,6865,4.5086000027367845,1.9297999970149249,6.444400001782924
1,ES,edge,1.0,2,4960,21.236700005829334,0.000300002284348011,21.241399997961707
1,ES,edge,0.5,2,1264,94.60670000407845,2.116800009389408,96.7298000032315
1,ES,node,1.0,2,9093,4.153200003202073,0.000300002284348011,4.157200004556216
1,FR,edge,0.5,0,3462,24.31619999697432,1.837500007241033,26.159500004723668
1,FR,node,0.15,0,2273,2.669100009370595,1.8703999958233908,4.544199997326359
1,FR,node,0.5,0,7539,3.436300001339987,1.6451999981654808,5.085400000098161
1,FR,edge,0.05,0,36,6.332699995255098,1.6644999996060506,8.002200003829785
1,FR,edge,0.25,0,842,13.480100009473972,2.9437000048346817,16.429199997219257
1,FR,node,0.1,0,1521,2.4815999931888655,1.9890999974450096,4.47669999266509
1,FR,edge,0.35,0,1697,19.515199994202703,1.9674999930430204,21.487999998498708
1,FR,node,0.05,0,757,2.8292000060901046,2.3098999954527244,5.1441999967209995
1,FR,node,0.35,0,5237,3.1457000004593283,1.638499990804121,4.7879999910946935
1,FR,edge,0.75,0,7650,34.47199999936856,1.5020999999251217,35.979299995233305
1,FR,node,1.0,0,14959,5.008899999666028,0.000300002284348011,5.012800000258721
1,FR,node,0.75,0,11225,9.88159999542404,2.269400007207878,12.15740000770893
1,FR,edge,0.15,0,312,9.032999994815327,1.6696999955456704,10.708000001613982
1,FR,edge,1.0,0,13428,37.14100000797771,0.000300002284348011,37.14630000467878
1,FR,node,0.25,0,3766,3.0947999912314117,2.2806999913882464,5.380699993111193
1,FR,edge,0.1,0,137,8.707200002390891,1.932600003783591,10.646200011251494
1,FR,node,0.05,1,757,2.3609999916516244,2.2200999956112355,4.586199996992946
1,FR,edge,0.25,1,842,14.083699992625043,1.7309999966528267,15.82060000509955
1,FR,edge,0.75,1,7650,38.84229999675881,2.176200010580942,41.02440000860952
1,FR,node,0.35,1,5237,3.3944000024348497,2.131900007952936,5.531300004804507
1,FR,node,0.1,1,1521,2.0262000034563243,1.7573000077391043,3.787599998759106
1,FR,edge,0.5,1,3462,27.37929999420885,1.8396000086795539,29.226300001027994
1,FR,edge,0.35,1,1697,20.2385000011418,1.9154000037815422,22.167300005094148
1,FR,edge,0.05,1,36,4.942899991874583,1.6280999989248812,6.575599996722303
1,FR,node,0.5,1,7539,3.746100002899766,2.166400008718483,5.916499998420477
1,FR,node,0.25,1,3766,3.0327999993460253,1.863400000729598,4.900500003714114
1,FR,node,0.15,1,2273,1.8808000022545457,1.4280000032158569,3.3128999930340797
1,FR,edge,0.15,1,312,17.935199997737072,1.2338000087765977,19.17340001091361
1,FR,edge,1.0,1,13428,38.8669999956619,0.000300002284348011,38.87150000082329
1,FR,edge,0.1,1,137,6.994299998041242,1.5776999935042113,8.576099993661046
1,FR,node,0.75,1,11225,4.115499992622063,2.1249999990686774,6.24569998763036
1,FR,node,1.0,1,14959,4.200499999569729,0.000200001522898674,4.203399992547929
1,FR,node,0.25,2,3766,5.418999993707985,2.081800004816614,7.504499997594394
1,FR,edge,0.75,2,7650,45.42940000828821,1.772000003256835,47.20790000283159
1,FR,edge,0.35,2,1697,18.455199999152683,1.7324999935226515,20.194299999275245
1,FR,edge,0.15,2,312,14.120099993306212,2.7378999948268756,16.865999990841374
1,FR,edge,0.05,2,36,4.24850000126753,2.195999986724928,6.449599997722544
1,FR,edge,0.1,2,137,7.66950000252109,2.780499999062158,10.456000003614463
1,FR,node,0.05,2,757,2.2514000011142343,2.644100008183159,4.901099993730895
1,FR,node,0.1,2,1521,2.7375000063329935,1.8164999928558245,4.558300002827309
1,FR,node,0.5,2,7539,9.541399995214306,1.9511000136844814,11.497500003315508
1,FR,edge,0.25,2,842,14.600199996493757,1.7073000053642318,16.312400010065176
1,FR,node,0.15,2,2273,2.4330000014742836,1.812600006815046,4.2505000019446015
1,FR,node,0.35,2,5237,4.612299992004409,1.6573999891988933,6.276599990087561
1,FR,node,0.75,2,11225,5.027499995776452,1.7963000136660412,6.829000005382113
1,FR,edge,1.0,2,13428,74.36330000928137,0.000300002284348011,74.3676999991294
1,FR,edge,0.5,2,3462,41.72850000031758,2.542900008847937,44.28020000341348
1,FR,node,1.0,2,14959,10.653299992554821,0.000500003807246685,10.661100008292124
1,IT,edge,0.5,0,1109,29.243199998745695,4.749499988975003,34.0035999979591
1,IT,node,0.15,0,1340,4.534699997748248,3.652600003988482,8.196399998269044
1,IT,node,0.5,0,4290,3.7195000040810555,4.042999993544072,7.767899995087646
1,IT,edge,0.05,0,11,7.419000001391396,2.0178999984636903,9.4431000034092
1,IT,edge,0.25,0,319,7.342299999436364,2.4597000010544434,9.80669999262318
1,IT,node,0.1,0,894,1.9146999984513968,3.7419000000227243,5.660599999828264
1,IT,edge,0.35,0,594,13.54860000719782,3.0589999951189384,16.611899991403334
1,IT,node,0.05,0,460,1.9848000083584338,1.7874000041047111,3.777799996896647
1,IT,node,0.35,0,3088,3.385300005902536,3.7397999985842034,7.131199992727488
1,IT,edge,0.75,0,2506,22.46259999810718,2.3237999994307756,24.792300013359636
1,IT,node,1.0,0,8664,3.3223999926121905,0.000700005330145359,3.3272000000579283
1,IT,node,0.75,0,6418,3.003799996804446,1.3647999876411632,4.372399998828769
1,IT,edge,0.15,0,109,5.571000001509674,1.2537000002339482,6.828700003097765
1,IT,edge,1.0,0,4587,45.146000004024245,0.000500003807246685,45.153999992180616
1,IT,node,0.25,0,2224,6.9780000048922375,4.057500002090819,11.046499988879077
1,IT,edge,0.1,0,40,12.14550000440795,3.9437999948859215,16.09989999269601
1,IT,node,0.05,1,460,4.790899998624809,2.8894000133732334,7.690600003115833
1,IT,edge,0.25,1,319,14.033299987204373,3.9000999968266115,17.943900005775504
1,IT,edge,0.75,1,2506,38.304000001517124,3.419400003622286,41.73330000776332
1,IT,node,0.35,1,3088,6.629700001212768,3.4525000082794577,10.09199999680277
1,IT,node,0.1,1,894,3.1642000103602186,2.343000000109896,5.513199997949414
1,IT,edge,0.5,1,1109,21.60320000257343,3.3248999970965087,24.940299990703352
1,IT,edge,0.35,1,594,22.964000003412366,4.198300011921674,27.175500013981946
1,IT,edge,0.05,1,11,6.46940000297036,3.4518999891588464,9.932299988577142
1,IT,node,0.5,1,4290,7.111799990525469,3.9391999889630824,11.060299992095679
1,IT,node,0.25,1,2224,4.728700005216524,3.3875999943120405,8.126400003675371
1,IT,node,0.15,1,1340,4.171200009295717,4.526200005784631,8.706100008566864
1,IT,edge,0.15,1,109,10.805600002640858,5.614399997284636,16.429099996457808
1,IT,edge,1.0,1,4587,46.094799996353686,0.0006999907782301307,46.10209999373183
1,IT,edge,0.1,1,40,5.29669999377802,2.8077000024495646,8.110499999020249
1,IT,node,0.75,1,6418,4.648400004953146,3.364300006069243,8.020299996132962
1,IT,node,1.0,1,8664,5.568099993979558,0.000300002284348011,5.573100002948195
1,IT,node,0.25,2,2224,4.8504000005777925,3.9381999959005043,8.798299997579306
1,IT,edge,0.75,2,2506,45.697800000198185,3.4294999932171777,49.13689999375492
1,IT,edge,0.35,2,594,20.519800003967248,16.116500002681278,36.64780000690371
1,IT,edge,0.15,2,109,10.51279999956023,4.018999999971129,14.544000005116686
1,IT,edge,0.05,2,11,6.9081999972695485,3.5619999980553985,10.4810000048019
1,IT,edge,0.1,2,40,8.2094999961555,3.2712999964132905,11.490999997477047
1,IT,node,0.05,2,460,3.908800004865043,3.210800001397729,7.129199992050417
1,IT,node,0.1,2,894,4.509000005782582,3.6706000100821257,8.188899999368005
1,IT,node,0.5,2,4290,5.69899998663459,3.0756999913137406,8.78369998827111
1,IT,edge,0.25,2,319,16.502200000104494,2.766899997368455,19.27939998859074
1,IT,node,0.15,2,1340,4.836499996599741,3.4238999942317605,8.269899990409613
1,IT,node,0.35,2,3088,4.898200000752695,3.370200007339008,8.27710000157822
1,IT,node,0.75,2,6418,8.158900003763847,3.4989999985555187,11.66830000875052
1,IT,edge,1.0,2,4587,47.592000002623536,0.00039998849388211966,47.599300000001676
1,IT,edge,0.5,2,1109,36.100199999054894,3.627099998993799,39.7369999991497
1,IT,node,1.0,2,8664,8.033400008571334,0.000600004568696022,8.041399996727705
1,NL,edge,0.5,0,804,17.82670000102371,3.5117999941576272,21.351199990021996
1,NL,node,0.15,0,1099,7.266000000527129,4.494199994951487,11.772799989557825
1,NL,node,0.5,0,3713,6.986299995332956,4.474999994272366,11.471899997559376
1,NL,edge,0.05,0,6,7.257499994011596,2.672700007678941,9.940999996615574
1,NL,edge,0.25,0,188,14.609899997594766,3.2931000023381785,17.912300012540072
1,NL,node,0.1,0,763,2.6695999986259267,2.2152000019559637,4.890299998805858
1,NL,edge,0.35,0,365,11.06229999277275,1.6545999969821423,12.724400003207847
1,NL,node,0.05,0,387,4.3329000036465,4.54629999876488,8.88890000351239
1,NL,node,0.35,0,2558,5.055699992226437,4.617300000973046,9.681299998192117
1,NL,edge,0.75,0,1866,27.481400000397116,2.587299997685477,30.076199996983632
1,NL,node,1.0,0,7429,3.91959999979008,0.000400003045797348,3.9237000019056723
1,NL,node,0.75,0,5610,2.540400004363619,1.4573999942513183,4.001399996923283
1,NL,edge,0.15,0,61,3.8099999947007746,1.177300000563264,4.991099995095283
1,NL,edge,1.0,0,3350,37.97790000680834,0.000300002284348011,37.98379999352619
1,NL,node,0.25,0,1811,4.670800000894815,3.809599991654977,8.489100000588223
1,NL,edge,0.1,0,31,7.5782000058097765,3.787900001043454,11.375300004146993
1,NL,node,0.05,1,387,4.234699998050928,3.992300000390969,8.23560000571888
1,NL,edge,0.25,1,188,9.387799989781342,3.169999996316619,12.564899996505119
1,NL,edge,0.75,1,1866,16.391400000429712,1.5867000038269907,17.98360000248067
1,NL,node,0.35,1,2558,3.9498999976785854,3.1347000040113926,7.092500003636815
1,NL,node,0.1,1,763,2.377400000113994,2.2007000079611316,4.582900000968948
1,NL,edge,0.5,1,804,10.656500002369285,2.5529999984428287,13.214599995990284
1,NL,edge,0.35,1,365,6.743699996150099,1.7482000112067908,8.497600007103756
1,NL,edge,0.05,1,6,2.485799996065907,1.6838000010466203,4.173399996943772
1,NL,node,0.5,1,3713,2.3655000113649294,1.8134999991161749,4.182899996521883
1,NL,node,0.25,1,1811,1.9692999921971932,1.4073000056669116,3.381200003786944
1,NL,node,0.15,1,1099,2.2030999971320853,1.5874999953666702,3.795399999944493
1,NL,edge,0.15,1,61,4.88999999652151,2.6625000027706847,7.5588999898172915
1,NL,edge,1.0,1,3350,19.037000005482696,0.000200001522898674,19.04090000607539
1,NL,edge,0.1,1,31,4.422199999680743,4.274699997040443,8.706200009328313
1,NL,node,0.75,1,5610,2.770300008705817,1.2745999993057922,4.048400005558506
1,NL,node,1.0,1,7429,3.7283999990904704,0.000100000761449337,3.7309000035747886
1,NL,node,0.25,2,1811,1.9708999898284674,1.4273999986471608,3.4018000005744398
1,NL,edge,0.75,2,1866,13.719399998080917,1.348399993730709,15.07169999240432
1,NL,edge,0.35,2,365,7.210700001451187,1.3552000018535182,8.570000005420297
1,NL,edge,0.15,2,61,5.9954000025754794,1.9614000048022717,7.9627999948570505
1,NL,edge,0.05,2,6,5.210899995290674,3.7283999990904704,8.9468000078341
1,NL,edge,0.1,2,31,5.085199998575263,3.2796000014059246,8.370099996682256
1,NL,node,0.05,2,387,2.907800007960759,2.1575999999186024,5.072600004496053
1,NL,node,0.1,2,763,2.8618000069400296,2.0695999992312863,4.937799996696413
1,NL,node,0.5,2,3713,3.8229000056162477,1.49049999890849,5.319000003510155
1,NL,edge,0.25,2,188,10.618300002533942,2.2867999941809103,12.910899997223169
1,NL,node,0.15,2,1099,3.2195000094361603,2.2061999916331843,5.431899990071543
1,NL,node,0.35,2,2558,2.931199996965006,2.032500007771887,4.970100009813905
1,NL,node,0.75,2,5610,3.399699999135919,2.1231000137049705,5.528800000320189
1,NL,edge,1.0,2,3350,23.519700000179,0.000200001522898674,23.524500007624738
1,NL,edge,0.5,2,804,11.211599994567223,2.1240999922156334,13.342199992621318
1,NL,node,1.0,2,7429,3.4988000115845352,0.000200001522898674,3.502400009892881
2,DE,node,0.05,0,478,4.753000001073815,3.2322000042768195,7.997100008651614
2,DE,edge,0.25,0,392,8.8532999943709,3.770099996472709,12.630500001250766
2,DE,edge,0.75,0,3216,30.944499987526797,1.559399999678135,32.50879999541212
2,DE,node,0.35,0,3515,4.589400006807409,1.8585000070743263,6.452100002206862
2,DE,node,0.1,0,1019,2.270700002554804,1.6214000061154366,3.89740000537131
2,DE,edge,0.5,0,1444,23.888600000645965,1.6371000092476606,25.532100000418723
2,DE,edge,0.35,0,739,19.90559999831021,3.5500999947544187,23.46509999188129
2,DE,edge,0.05,0,13,6.793699998524971,3.045600009500049,9.847700013779104
2,DE,node,0.5,0,5000,5.492899988894351,2.8446999931475148,8.345499998540618
2,DE,node,0.25,0,2555,4.928199996356852,5.615799993393011,10.552299994742498
2,DE,node,0.15,0,1513,3.689299992402084,3.089399993768893,6.787200007238425
2,DE,edge,0.15,0,144,9.343400000943802,2.8329999913694337,12.184299994260073
2,DE,edge,1.0,0,5833,45.59989999688696,0.000600004568696022,45.608300002641045
2,DE,edge,0.1,0,53,10.380299994722009,3.6346000124467537,14.024200005223975
2,DE,node,0.75,0,7375,7.9670999984955415,2.965299994684756,10.940499996650033
2,DE,node,1.0,0,9855,5.748499999754131,0.00039998849388211966,5.753499994170852
2,DE,node,0.25,1,2555,3.123500006040558,2.4702999944565818,5.599899988737889
2,DE,edge,0.75,1,3216,21.0131000058027,2.0469000010052696,23.066399997333065
2,DE,edge,0.35,1,739,16.702900000382215,3.514500000164844,20.22659999784082
2,DE,edge,0.15,1,144,6.144699989818037,1.9859000021824613,8.135999989463016
2,DE,edge,0.05,1,13,2.9722000035690144,2.1791000035591424,5.156600003829226
2,DE,edge,0.1,1,53,3.5869999992428347,1.4370999997481704,5.0278999988222495
2,DE,node,0.05,1,478,1.7396999901393428,1.3281999999890104,3.071499988436699
2,DE,node,0.1,1,1019,1.85570000030566,1.3943999947514385,3.2534999918425456
2,DE,node,0.5,1,5000,2.8482999914558604,1.213900002767332,4.065500004799105
2,DE,edge,0.25,1,392,7.451999990735203,1.371799997286871,8.827300000120886
2,DE,node,0.15,1,1513,3.1509999971603975,2.7550999948289245,5.913000000873581
2,DE,node,0.35,1,3515,2.3628000053577125,1.2285999982850626,3.5949000011896715
2,DE,node,0.75,1,7375,6.551099999342114,1.3524000096367672,7.907899998826906
2,DE,edge,1.0,1,5833,24.78039999550674,0.000300002284348011,24.784699999145232
2,DE,edge,0.5,1,1444,15.050399990286678,5.666299999575131,20.721799999591894
2,DE,node,1.0,1,9855,4.048000002512708,0.000200001522898674,4.051700001582503
2,DE,edge,0.5,2,1444,35.46240000287071,1.5551999968010932,37.02460000931751
2,DE,node,0.05,2,478,3.111099998932332,2.821400004904717,5.93980000121519
2,DE,node,0.35,2,3515,2.416499992250465,1.738799997838214,4.160199998295866
2,DE,node,0.5,2,5000,4.919200000585988,1.440000007278286,6.363400010741316
2,DE,node,0.75,2,7375,3.4844000037992373,1.8085999909089878,5.298599993693642
2,DE,node,1.0,2,9855,2.900699997553602,0.000200001522898674,2.9033000027993694
2,DE,edge,0.35,2,739,17.607600006158464,1.2738999939756468,18.88649999455083
2,DE,node,0.1,2,1019,2.5939000042853877,2.1936999983154237,4.793300002347678
2,DE,edge,0.75,2,3216,20.133600002736785,1.9971000001532957,22.136800005682744
2,DE,edge,0.1,2,53,5.944900010945275,2.4594000133220106,8.410900001763366
2,DE,edge,0.15,2,144,6.815000000642613,2.3741999902995303,9.195199992973357
2,DE,node,0.25,2,2555,2.689300003112294,2.3797000030754134,5.075099994428456
2,DE,node,0.15,2,1513,2.4944000033428892,1.7698000010568649,4.270100005669519
2,DE,edge,0.25,2,392,9.495899998000823,2.246999996714294,11.748100005206652
2,DE,edge,0.05,2,13,3.9705000090179965,2.005500005907379,5.982599992421456
2,DE,edge,1.0,2,5833,22.72760000778362,0.000200001522898674,22.732700002961792
2,ES,node,0.05,0,432,3.646500001195818,3.2485999981872737,6.903399989823811
2,ES,edge,0.25,0,272,8.878900000127032,3.188999995472841,12.074099999153987
2,ES,edge,0.75,0,2713,18.754200005787425,1.4340000052470714,20.194099997752346
2,ES,node,0.35,0,3117,2.653000003192574,1.9295999954920262,4.586600000038743
2,ES,node,0.1,0,869,2.2056999878259376,1.2340000102994964,3.4432000102242455
2,ES,edge,0.5,0,1171,17.677700001513585,2.151599997887388,19.835600003716536
2,ES,edge,0.35,0,541,23.683599996729754,1.6423999913968146,25.330899996333756
2,ES,edge,0.05,0,8,3.7696000072173774,2.148600004147738,5.9234000073047355
2,ES,node,0.5,0,4465,3.7251000030664727,2.5135000032605603,6.242700008442625
2,ES,node,0.25,0,2258,3.431700009969063,1.921200004289858,5.359600007068366
2,ES,node,0.15,0,1364,2.763800002867356,3.6008000024594367,6.37379998806864
2,ES,edge,0.15,0,99,13.37010000133887,3.242299993871711,16.621299990219995
2,ES,edge,1.0,0,4960,50.10169999150094,0.0006999907782301307,50.10959999344777
2,ES,edge,0.1,0,41,4.565000010188669,2.351299990550615,6.92200000048615
2,ES,node,0.75,0,6760,5.865200000698678,1.847399995313026,7.727000003797002
2,ES,node,1.0,0,9093,4.184599994914606,0.000300002284348011,4.1884999955073
2,ES,node,0.25,1,2258,3.500399994663894,2.226999989943579,5.733899990445934
2,ES,edge,0.75,1,2713,31.10029999515973,2.4243000079877675,33.53070000594016
2,ES,edge,0.35,1,541,12.34929999918677,1.7607000045245513,14.114699995843694
2,ES,edge,0.15,1,99,8.783099998254329,1.9507999968482181,10.738199998741038
2,ES,edge,0.05,1,8,5.181399988941848,2.6174999948125333,7.805899993400089
2,ES,edge,0.1,1,41,3.7404000031528994,1.9597000064095482,5.704199997126125
2,ES,node,0.05,1,432,1.5350000030593947,1.3575000048149377,2.8960000054212287
2,ES,node,0.1,1,869,2.1037000115029514,3.2799000036902726,5.3879000042798
2,ES,node,0.5,1,4465,8.208200000808574,5.059600007371046,13.273200005642138
2,ES,edge,0.25,1,272,8.797199989203364,2.1177000016905367,10.919899999862537
2,ES,node,0.15,1,1364,4.852900005062111,6.2249000038718805,11.084300000220537
2,ES,node,0.35,1,3117,2.5419000012334436,1.7758000030880794,4.3221999949309975
2,ES,node,0.75,1,6760,3.494200005661696,1.916900000651367,5.415499996161088
2,ES,edge,1.0,1,4960,23.00729999842588,0.00029998773243278265,23.011099998257123
2,ES,edge,0.5,1,1171,18.145099995308556,1.7235999985132366,19.874799996614456
2,ES,node,1.0,1,9093,10.057199993752874,0.000400003045797348,10.063699999591336
2,ES,edge,0.5,2,1171,25.300999986939132,2.8722999995807186,28.182800000649877
2,ES,node,0.05,2,432,4.102499995497055,2.8983999945921823,7.008799992036074
2,ES,node,0.35,2,3117,5.468900009873323,4.014599995571189,9.492600001976825
2,ES,node,0.5,2,4465,5.04930000170134,3.4842000022763386,8.541300005163066
2,ES,node,0.75,2,6760,6.071800002246164,2.6624999882187694,8.73989998945035
2,ES,node,1.0,2,9093,4.487700003664941,0.000200001522898674,4.491500003496185
2,ES,edge,0.35,2,541,11.722700000973418,2.039600003627129,13.767400014330633
2,ES,node,0.1,2,869,3.9185999921755865,2.4087000056169927,6.335300000500865
2,ES,edge,0.75,2,2713,28.843399995821528,2.6222000014968216,31.474000003072433
2,ES,edge,0.1,2,41,5.953700005193241,3.5635000094771385,9.524000008241273
2,ES,edge,0.15,2,99,12.204400001792237,3.1058000022312626,15.316599994548596
2,ES,node,0.25,2,2258,1.9436000002315268,1.407100004144013,3.3544000034453347
2,ES,node,0.15,2,1364,1.9246999872848392,3.02689999807626,4.95589998899959
2,ES,edge,0.25,2,272,6.6067000007024035,1.4195000112522393,8.031100005609915
2,ES,edge,0.05,2,8,3.550499997800216,1.5510000084759668,5.1054000068688765
2,ES,edge,1.0,2,4960,24.17530000093393,0.000300002284348011,24.187700008042157
2,FR,node,0.05,0,736,4.85520000802353,2.882899992982857,7.747700001345947
2,FR,edge,0.25,0,886,15.603500010911375,2.986299994518049,18.597599992062896
2,FR,edge,0.75,0,7472,32.24709999631159,2.271600009407848,34.52400000242051
2,FR,node,0.35,0,5202,2.89360000169836,1.6728000045986846,4.57079999614507
2,FR,node,0.1,0,1537,1.6736999968998134,1.3327000051504,3.010000000358559
2,FR,edge,0.5,0,3243,27.444200008176267,1.1990999919362366,28.649399988353252
2,FR,edge,0.35,0,1617,28.499500011093915,3.696599989780225,32.2052999981679
2,FR,edge,0.05,0,24,7.046500002616085,3.3727000118233263,10.428200010210276
2,FR,node,0.5,0,7393,5.481600004713982,2.0508000015979633,7.5409999990370125
2,FR,node,0.25,0,3766,5.950899998424575,2.9184999875724316,8.877999993273988
2,FR,node,0.15,0,2265,4.105999993043952,3.074899999774061,7.188600007793866
2,FR,edge,0.15,0,302,8.81100000697188,2.1936999983154237,11.008600005879998
2,FR,edge,1.0,0,13428,70.31130000541452,0.000200001522898674,70.31699999060947
2,FR,edge,0.1,0,131,11.404199991375208,3.3844999998109415,14.79739999922458
2,FR,node,0.75,0,11138,8.241700008511543,3.824300001724623,12.07520000752993
2,FR,node,1.0,0,14959,6.564600000274368,0.000400003045797348,6.5697999962139875
2,FR,node,0.25,1,3766,4.946200002450496,2.851599987479858,7.805599991115741
2,FR,edge,0.75,1,7472,60.89079999946989,3.7468999944394454,64.64680000499357
2,FR,edge,0.35,1,1617,31.41969999705907,2.132500012521632,33.55980000924319
2,FR,edge,0.15,1,302,16.97969999804627,4.271599987987429,21.262399997795
2,FR,edge,0.05,1,24,8.343500012415461,3.7039000017102808,12.057900006766431
2,FR,edge,0.1,1,131,9.43399999232497,3.7275000067893416,13.171200000215322
2,FR,node,0.05,1,736,5.419600012828596,3.3284999954048544,8.758700001635589
2,FR,node,0.1,1,1537,2.5270999904023483,2.810599995427765,5.347199999960139
2,FR,node,0.5,1,7393,3.3279999915976077,1.8417000101180747,5.1743000076385215
2,FR,edge,0.25,1,886,17.257899991818704,1.4615000109188259,18.724300010944717
2,FR,node,0.15,1,2265,2.6332999987062067,2.8395999979693443,5.477800004882738
2,FR,node,0.35,1,5202,2.6759999891510233,1.6417000006185845,4.321400003391318
2,FR,node,0.75,1,11138,4.207899997709319,1.2217000039527193,5.433300000731833
2,FR,edge,1.0,1,13428,35.639100009575486,0.000200001522898674,35.64339999866206
2,FR,edge,0.5,1,3243,18.820400000549853,2.0914000051561743,20.91859999927692
2,FR,node,1.0,1,14959,4.481500000110827,0.000300002284348011,4.485099998419173
2,FR,edge,0.5,2,3243,20.167399998172186,1.586500002304092,21.758500006399117
2,FR,node,0.05,2,736,2.2933000000193715,1.6116000042529777,3.9095000101951882
2,FR,node,0.35,2,5202,3.0919999990146607,1.9492999999783933,5.046899997978471
2,FR,node,0.5,2,7393,10.720499994931743,2.1718999923905358,12.902699992991984
2,FR,node,0.75,2,11138,4.6568999969167635,3.049299994017929,7.710699996096082
2,FR,node,1.0,2,14959,3.8696999981766567,0.000200001522898674,3.8726999919163063
2,FR,edge,0.35,2,1617,20.16899999580346,1.7497000080766156,21.926300003542565
2,FR,node,0.1,2,1537,2.909699993324466,2.5040000036824495,5.420400004368275
2,FR,edge,0.75,2,7472,45.45089999737684,1.6498000040883198,47.10809999960475
2,FR,edge,0.1,2,131,12.414500000886619,5.96570000925567,18.388000011327676
2,FR,edge,0.15,2,302,23.749700005282648,4.7257999976864085,28.485899994848296
2,FR,node,0.25,2,3766,5.8539000019663945,4.861399997025728,10.726499996962957
2,FR,node,0.15,2,2265,6.291800003964454,3.664299991214648,9.965199991711415
2,FR,edge,0.25,2,886,19.309299997985363,2.410400004009716,21.725099999457598
2,FR,edge,0.05,2,24,4.81670000590384,2.245499999844469,7.066699996357784
2,FR,edge,1.0,2,13428,53.82590000226628,0.000300002284348011,53.8312999997288
2,IT,node,0.05,0,432,5.15300000552088,3.710999997565523,8.87769999098964
2,IT,edge,0.25,0,303,11.903699996764772,3.488300004391931,15.403800003696233
2,IT,edge,0.75,0,2577,19.97819999814965,1.668999990215525,21.65209999657236
2,IT,node,0.35,0,2994,1.5109000087250024,1.1516000085975975,2.6662000018404797
2,IT,node,0.1,0,866,1.122599991504103,1.40310000278987,2.5290000048698857
2,IT,edge,0.5,0,1149,12.116400001104921,0.8498999959556386,12.972800002899021
2,IT,edge,0.35,0,564,19.42730000882875,3.6404999991646037,23.077400008332916
2,IT,edge,0.05,0,10,6.1640000058105215,3.664200005005114,9.838199999649078
2,IT,node,0.5,0,4329,6.405799998901784,4.870299992035143,11.28539998899214
2,IT,node,0.25,0,2151,4.740199990919791,3.6373999901115894,8.386100002098829
2,IT,node,0.15,0,1275,5.618300012429245,3.2444999960716814,8.8703999936115
2,IT,edge,0.15,0,122,9.703500007162802,2.027700000326149,11.738300003344193
2,IT,edge,1.0,0,4587,31.35570000449661,0.0006999907782301307,31.363399990368634
2,IT,edge,0.1,0,57,9.334900008980185,3.8844999944558367,13.230999989900738
2,IT,node,0.75,0,6493,9.788800001842901,2.337400001124479,12.133699987316504
2,IT,node,1.0,0,8664,7.522999992943369,0.000700005330145359,7.530999995651655
2,IT,node,0.25,1,2151,5.590000000665896,4.851599995163269,10.451299996930175
2,IT,edge,0.75,1,2577,40.64940000534989,5.103700008476153,45.765100003336556
2,IT,edge,0.35,1,564,20.816699994611554,3.344999990076758,24.17069999501109
2,IT,edge,0.15,1,122,10.322200003429316,3.822099999524653,14.155400000163354
2,IT,edge,0.05,1,10,5.901500000618398,3.857499992591329,9.769900003448129
2,IT,edge,0.1,1,57,8.210600004531443,2.794299987726845,11.012599992682226
2,IT,node,0.05,1,432,4.186100006336346,3.112300008069724,7.30660000408534
2,IT,node,0.1,1,866,3.0066999897826463,2.489499995135702,5.50269999075681
2,IT,node,0.5,1,4329,5.281000005197711,1.9520000059856102,7.239400001708418
2,IT,edge,0.25,1,303,15.264600006048568,3.647300007287413,18.921499999123625
2,IT,node,0.15,1,1275,3.967900003772229,3.4118000039597973,7.3893000080715865
2,IT,node,0.35,1,2994,4.7811999975237995,3.3823999983724207,8.174300004611723
2,IT,node,0.75,1,6493,6.563400005688891,3.588899999158457,10.161099999095313
2,IT,edge,1.0,1,4587,29.707499998039566,0.000500003807246685,29.71350000007078
2,IT,edge,0.5,1,1149,22.651600011158735,4.334199998993427,26.994500003638677
2,IT,node,1.0,1,8664,6.099599995650351,0.000300002284348011,6.1049000069033355
2,IT,edge,0.5,2,1149,19.802399998297915,3.3362000103807077,23.15180000732653
2,IT,node,0.05,2,432,2.9498000076273456,2.6883000100497156,5.646200006594881
2,IT,node,0.35,2,2994,3.263499995227903,3.3282999938819557,6.59980000637006
2,IT,node,0.5,2,4329,3.2826999959070235,2.40759999724105,5.696599997463636
2,IT,node,0.75,2,6493,4.041299995151348,1.9721999997273088,6.019899999955669
2,IT,node,1.0,2,8664,3.5416000027908012,0.000200001522898674,3.5446999972919
2,IT,edge,0.35,2,564,12.084599991794676,2.3467999999411404,14.437300007557496
2,IT,node,0.1,2,866,2.923100008047186,2.241199996205978,5.170700009330176
2,IT,edge,0.75,2,2577,23.160700002335943,2.280899992911145,25.451800000155345
2,IT,edge,0.1,2,57,4.070900002261624,2.2683999995933846,6.3449000008404255
2,IT,edge,0.15,2,122,7.232699994347058,2.296199992997572,9.534299999359064
2,IT,node,0.25,2,2151,3.029999992577359,1.9542999943951145,4.988300002878532
2,IT,node,0.15,2,1275,3.1362000008812174,2.0660000009229407,5.2092999976594
2,IT,edge,0.25,2,303,11.310900008538738,1.615400004084222,12.931999997817911
2,IT,edge,0.05,2,10,3.4665999992284924,2.104200000758283,5.576099996687844
2,IT,edge,1.0,2,4587,23.460800002794713,0.000300002284348011,23.466700004064478
2,NL,node,0.05,0,380,2.0706000068457797,2.194699991378002,4.270799996447749
2,NL,edge,0.25,0,217,8.133600000292063,3.819000005023554,11.958499992033467
2,NL,edge,0.75,0,1961,16.521999990800396,1.8899999995483086,18.418799998471513
2,NL,node,0.35,0,2681,2.2659999958705157,2.256599997053854,4.526599994278513
2,NL,node,0.1,0,748,2.367599998251535,3.160099993692711,5.53310000395868
2,NL,edge,0.5,0,873,12.169000008725561,1.2965000059921294,13.470000005327165
2,NL,edge,0.35,0,440,9.115900000324473,1.6603999974904582,10.781600009067915
2,NL,edge,0.05,0,5,5.88640000205487,2.096199998049997,7.987199991475791
2,NL,node,0.5,0,3829,5.551200010813773,1.451400006772019,7.0069000066723675
2,NL,node,0.25,0,1909,2.63059999269899,3.1451999966520816,5.781800005934201
2,NL,node,0.15,0,1122,2.663799998117611,5.233999996562488,7.90430000051856
2,NL,edge,0.15,0,64,7.774099998641759,1.8643000075826421,9.64370000292547
2,NL,edge,1.0,0,3350,20.165800000540912,0.000300002284348011,20.170399991911836
2,NL,edge,0.1,0,30,4.223800002364442,1.6434999997727573,5.871699991985224
2,NL,node,0.75,0,5663,3.8215999957174063,2.525199990486726,6.387100002029911
2,NL,node,1.0,0,7429,3.038499999092892,0.000200001522898674,3.041900010430254
2,NL,node,0.25,1,1909,2.777100002276711,1.476000004913658,4.25740001082886
2,NL,edge,0.75,1,1961,20.337699999799952,1.49859998782631,21.84099999431055
2,NL,edge,0.35,1,440,9.476199993514456,2.1299999934853986,11.613299997407012
2,NL,edge,0.15,1,64,6.641699990723282,1.7647000058786944,8.411300004809164
2,NL,edge,0.05,1,5,3.583400000934489,2.2910999978194013,5.878900003153831
2,NL,edge,0.1,1,30,4.562400004942901,1.4139999984763563,5.980299989460036
2,NL,node,0.05,1,380,1.8555999995442107,1.8643999937921762,3.7237999931676313
2,NL,node,0.1,1,748,2.3852000012993813,1.3006000081077218,3.689500008476898
2,NL,node,0.5,1,3829,2.81429999449756,1.5198000037344173,4.338000013376586
2,NL,edge,0.25,1,217,12.647899988223799,1.447400005417876,14.100000000325963
2,NL,node,0.15,1,1122,2.0761999912792817,3.2725000055506825,5.352799998945557
2,NL,node,0.35,1,2681,2.21130000136327,1.611700005014427,3.8274999969871715
2,NL,node,0.75,1,5663,11.078899988206103,1.3924000086262822,12.477000011131167
2,NL,edge,1.0,1,3350,19.702500008861534,0.000300002284348011,19.712900000740774
2,NL,edge,0.5,1,873,10.78320000669919,3.0284999957075343,13.817599989124574
2,NL,node,1.0,1,7429,3.424599999561906,0.000200001522898674,3.428099997108802
2,NL,edge,0.5,2,873,10.290699996403418,1.7224000039277598,12.018499997793697
2,NL,node,0.05,2,380,1.9711999921128154,1.7645000043557957,3.7398999993456528
2,NL,node,0.35,2,2681,2.4911000073188916,1.2695000041276217,3.7647000135621056
2,NL,node,0.5,2,3829,2.69799999659881,1.6500999918207526,4.352599993580952
2,NL,node,0.75,2,5663,2.8400000010151416,1.1975999950664118,4.042599990498275
2,NL,node,1.0,2,7429,2.5402999890502542,0.000200001522898674,2.543599999626167
2,NL,edge,0.35,2,440,7.740300003206357,1.2669999996433035,9.013100003357977
2,NL,node,0.1,2,748,2.394399998593144,1.8616000015754253,4.261699999915436
2,NL,edge,0.75,2,1961,13.770300007308833,1.5636999887647107,15.340799989644438
2,NL,edge,0.1,2,30,7.625400001415983,3.74480000755284,11.380199997802265
2,NL,edge,0.15,2,64,5.45599999895785,2.3908000002847984,7.852900002035312
2,NL,node,0.25,2,1909,4.275799990864471,2.856799997971393,7.140000001527369
2,NL,node,0.15,2,1122,2.2717999963788316,2.8747000033035874,5.15149999409914
2,NL,edge,0.25,2,217,6.1674000025959685,1.7809999990276992,7.95319999451749
2,NL,edge,0.05,2,5,5.294599992339499,2.017199993133545,7.317700001294725
2,NL,edge,1.0,2,3350,23.177399998530746,0.0004999892553314567,23.18409999134019
