epoch,tier,budget,mode,request,country,kind,online_ms,error,within_budget,estimate,fidelity,raw_count,attempts,query_ms
0,quality,0.05,exact,0,FR,node,6.254800013266504,0.0,True,14959,1,14959,1,6.247399986023083
0,quality,0.05,exact,0,FR,edge,49.255100020673126,0.0,True,13428,1,13428,1,49.2480999964755
0,quality,0.05,exact,1,FR,node,4.431000008480623,0.0,True,14959,1,14959,1,4.4262999726925045
0,quality,0.05,exact,1,FR,edge,39.14000000804663,0.0,True,13428,1,13428,1,39.13409999222495
0,quality,0.05,exact,2,FR,node,5.9951999865006655,0.0,True,14959,1,14959,1,5.99010000587441
0,quality,0.05,exact,2,FR,edge,36.359199992148206,0.0,True,13428,1,13428,1,36.35439998470247
0,quality,0.05,exact,3,DE,node,4.259999986970797,0.0,True,9855,1,9855,1,4.254300001775846
0,quality,0.05,exact,3,DE,edge,23.22549998643808,0.0,True,5833,1,5833,1,23.220000002766028
0,quality,0.05,exact,4,DE,node,4.269000026397407,0.0,True,9855,1,9855,1,4.263400012860075
0,quality,0.05,exact,4,DE,edge,23.272699996596202,0.0,True,5833,1,5833,1,23.267700016731396
0,quality,0.05,exact,5,DE,node,3.9872000052127987,0.0,True,9855,1,9855,1,3.983000002335757
0,quality,0.05,exact,5,DE,edge,25.26870000292547,0.0,True,5833,1,5833,1,25.261599977966398
0,quality,0.05,exact,6,FR,node,5.549900000914931,0.0,True,14959,1,14959,1,5.545200023334473
0,quality,0.05,exact,6,FR,edge,35.58980001253076,0.0,True,13428,1,13428,1,35.584400000516325
0,quality,0.05,exact,7,FR,node,4.580599983455613,0.0,True,14959,1,14959,1,4.575400002067909
0,quality,0.05,exact,7,FR,edge,35.20869999192655,0.0,True,13428,1,13428,1,35.20270000444725
0,quality,0.05,exact,8,DE,node,3.935600019758567,0.0,True,9855,1,9855,1,3.930900013074279
0,quality,0.05,exact,8,DE,edge,25.683899992145598,0.0,True,5833,1,5833,1,25.6777000031434
0,quality,0.05,exact,9,FR,node,6.260299996938556,0.0,True,14959,1,14959,1,6.254300009459257
0,quality,0.05,exact,9,FR,edge,45.98709999118,0.0,True,13428,1,13428,1,45.98160000750795
0,quality,0.05,exact,10,FR,node,4.921800020383671,0.0,True,14959,1,14959,1,4.917299986118451
0,quality,0.05,exact,10,FR,edge,36.39659998589195,0.0,True,13428,1,13428,1,36.390499997651204
0,quality,0.05,exact,11,DE,node,3.886399994371459,0.0,True,9855,1,9855,1,3.882699995301664
0,quality,0.05,exact,11,DE,edge,22.05670002149418,0.0,True,5833,1,5833,1,22.051200008718297
0,quality,0.05,exact,12,FR,node,5.250999995041639,0.0,True,14959,1,14959,1,5.245000007562339
0,quality,0.05,exact,12,FR,edge,38.71530000469647,0.0,True,13428,1,13428,1,38.709099986590445
0,quality,0.05,exact,13,FR,node,5.64200000371784,0.0,True,14959,1,14959,1,5.636199988657609
0,quality,0.05,exact,13,FR,edge,46.65430000750348,0.0,True,13428,1,13428,1,46.64829999092035
0,quality,0.05,exact,14,DE,node,4.867700015893206,0.0,True,9855,1,9855,1,4.8633999831508845
0,quality,0.05,exact,14,DE,edge,22.298800002317876,0.0,True,5833,1,5833,1,22.292699984973297
0,quality,0.05,exact,15,DE,node,5.440699984319508,0.0,True,9855,1,9855,1,5.434299993794411
0,quality,0.05,exact,15,DE,edge,26.187799987383187,0.0,True,5833,1,5833,1,26.18149999761954
0,quality,0.05,exact,16,DE,node,7.756999984849244,0.0,True,9855,1,9855,1,7.749900018097833
0,quality,0.05,exact,16,DE,edge,30.664399993838742,0.0,True,5833,1,5833,1,30.658000003313646
0,quality,0.05,exact,17,DE,node,4.1449000127613544,0.0,True,9855,1,9855,1,4.137599986279383
0,quality,0.05,exact,17,DE,edge,23.960199992870912,0.0,True,5833,1,5833,1,23.955499986186624
0,quality,0.05,exact,18,FR,node,4.925099987303838,0.0,True,14959,1,14959,1,4.9196000036317855
0,quality,0.05,exact,18,FR,edge,34.60149999591522,0.0,True,13428,1,13428,1,34.59639998618513
0,quality,0.05,exact,19,DE,node,3.4770999918691814,0.0,True,9855,1,9855,1,3.473200020380318
0,quality,0.05,exact,19,DE,edge,22.09819998824969,0.0,True,5833,1,5833,1,22.092499973950908
0,quality,0.05,exact,20,FR,node,4.643900028895587,0.0,True,14959,1,14959,1,4.639599996153265
0,quality,0.05,exact,20,FR,edge,42.445800005225465,0.0,True,13428,1,13428,1,42.43919998407364
0,quality,0.05,exact,21,DE,node,5.063799995696172,0.0,True,9855,1,9855,1,5.056800000602379
0,quality,0.05,exact,21,DE,edge,28.236799989826977,0.0,True,5833,1,5833,1,28.228700015461072
0,quality,0.05,exact,22,DE,node,7.9916999966371804,0.0,True,9855,1,9855,1,7.9852000053506345
0,quality,0.05,exact,22,DE,edge,34.969700005603954,0.0,True,5833,1,5833,1,34.96419999282807
0,quality,0.05,exact,23,DE,node,3.934000007575378,0.0,True,9855,1,9855,1,3.9293000008910894
0,quality,0.05,exact,23,DE,edge,23.549400008050725,0.0,True,5833,1,5833,1,23.543300019809976
0,quality,0.05,exact,24,DE,node,3.9114999817684293,0.0,True,9855,1,9855,1,3.9066000026650727
0,quality,0.05,exact,24,DE,edge,22.320799995213747,0.0,True,5833,1,5833,1,22.31429997482337
0,quality,0.05,exact,25,FR,node,4.365900007542223,0.0,True,14959,1,14959,1,4.361199971754104
0,quality,0.05,exact,25,FR,edge,35.12280000722967,0.0,True,13428,1,13428,1,35.116299986839294
0,quality,0.05,exact,26,DE,node,3.7681999965570867,0.0,True,9855,1,9855,1,3.763999993680045
0,quality,0.05,exact,26,DE,edge,23.651299998164177,0.0,True,5833,1,5833,1,23.64620001753792
0,quality,0.05,exact,27,FR,node,4.684000014094636,0.0,True,14959,1,14959,1,4.67890000436455
0,quality,0.05,exact,27,FR,edge,35.8078999852296,0.0,True,13428,1,13428,1,35.802099999273196
0,quality,0.05,exact,28,FR,node,4.571199999190867,0.0,True,14959,1,14959,1,4.565199982607737
0,quality,0.05,exact,28,FR,edge,37.369800003943965,0.0,True,13428,1,13428,1,37.36449999269098
0,quality,0.05,exact,29,FR,node,4.489399987505749,0.0,True,14959,1,14959,1,4.485400015255436
0,quality,0.05,exact,29,FR,edge,35.18470001290552,0.0,True,13428,1,13428,1,35.17920000012964
0,quality,0.05,exact,30,FR,node,4.100799997104332,0.0,True,14959,1,14959,1,4.096600023331121
0,quality,0.05,exact,30,FR,edge,37.433399993460625,0.0,True,13428,1,13428,1,37.42720000445843
0,quality,0.05,exact,31,FR,node,5.085200013127178,0.0,True,14959,1,14959,1,5.081299983430654
0,quality,0.05,exact,31,FR,edge,55.47310001566075,0.0,True,13428,1,13428,1,55.46709999907762
0,quality,0.05,exact,32,FR,node,8.12060001771897,0.0,True,14959,1,14959,1,8.115400007227436
0,quality,0.05,exact,32,FR,edge,38.4079999930691,0.0,True,13428,1,13428,1,38.402299978770316
0,quality,0.05,exact,33,FR,node,4.512900020927191,0.0,True,14959,1,14959,1,4.508100013481453
0,quality,0.05,exact,33,FR,edge,34.44679998210631,0.0,True,13428,1,13428,1,34.44180000224151
0,quality,0.05,exact,34,FR,node,4.1665000026114285,0.0,True,14959,1,14959,1,4.162900004303083
0,quality,0.05,exact,34,FR,edge,32.58929998264648,0.0,True,13428,1,13428,1,32.58470000582747
0,quality,0.05,exact,35,DE,node,4.267200012691319,0.0,True,9855,1,9855,1,4.262100002961233
0,quality,0.05,exact,35,DE,edge,21.5883000055328,0.0,True,5833,1,5833,1,21.583599998848513
0,quality,0.05,exact,36,FR,node,4.691500012995675,0.0,True,14959,1,14959,1,4.685300023993477
0,quality,0.05,exact,36,FR,edge,34.79869998409413,0.0,True,13428,1,13428,1,34.79350000270642
0,quality,0.05,exact,37,FR,node,4.422900005010888,0.0,True,14959,1,14959,1,4.419000004418194
0,quality,0.05,exact,37,FR,edge,44.40270000486635,0.0,True,13428,1,13428,1,44.3962000135798
0,quality,0.05,exact,38,DE,node,3.86399999842979,0.0,True,9855,1,9855,1,3.860100026940927
0,quality,0.05,exact,38,DE,edge,21.510799997486174,0.0,True,5833,1,5833,1,21.504800010006875
0,quality,0.05,exact,39,FR,node,4.568000003928319,0.0,True,14959,1,14959,1,4.56329999724403
0,quality,0.05,exact,39,FR,edge,36.38219999265857,0.0,True,13428,1,13428,1,36.374299990711734
0,quality,0.05,exact,40,DE,node,3.7484999920707196,0.0,True,9855,1,9855,1,3.7444000190589577
0,quality,0.05,exact,40,DE,edge,21.382199978688732,0.0,True,5833,1,5833,1,21.37680002488196
0,quality,0.05,exact,41,DE,node,3.8711999950464815,0.0,True,9855,1,9855,1,3.8671000220347196
0,quality,0.05,exact,41,DE,edge,24.301600002218038,0.0,True,5833,1,5833,1,24.296400020830333
0,quality,0.05,exact,42,FR,node,5.325300007825717,0.0,True,14959,1,14959,1,5.32050000037998
0,quality,0.05,exact,42,FR,edge,37.888199993176386,0.0,True,13428,1,13428,1,37.882300006458536
0,quality,0.05,exact,43,FR,node,4.892800003290176,0.0,True,14959,1,14959,1,4.887999995844439
0,quality,0.05,exact,43,FR,edge,36.67250002035871,0.0,True,13428,1,13428,1,36.66499999235384
0,quality,0.05,exact,44,FR,node,6.672200019238517,0.0,True,14959,1,14959,1,6.667500012554228
0,quality,0.05,exact,44,FR,edge,37.04570000991225,0.0,True,13428,1,13428,1,37.03979999409057
0,quality,0.05,exact,45,DE,node,4.840499983401969,0.0,True,9855,1,9855,1,4.834699997445568
0,quality,0.05,exact,45,DE,edge,27.346299990313128,0.0,True,5833,1,5833,1,27.338999992934987
0,quality,0.05,exact,46,FR,node,10.049500007880852,0.0,True,14959,1,14959,1,10.043299989774823
0,quality,0.05,exact,46,FR,edge,59.32010000105947,0.0,True,13428,1,13428,1,59.31249997229315
0,quality,0.05,exact,47,DE,node,6.229799997527152,0.0,True,9855,1,9855,1,6.224499986274168
0,quality,0.05,exact,47,DE,edge,24.59749998524785,0.0,True,5833,1,5833,1,24.589799984823912
0,quality,0.05,exact,48,DE,node,6.130099995061755,0.0,True,9855,1,9855,1,6.124900013674051
0,quality,0.05,exact,48,DE,edge,22.786199988331646,0.0,True,5833,1,5833,1,22.779899998568
0,quality,0.05,exact,49,DE,node,4.135600000154227,0.0,True,9855,1,9855,1,4.131599998800084
0,quality,0.05,exact,49,DE,edge,23.404399980790913,0.0,True,5833,1,5833,1,23.398699995595962
0,quality,0.05,exact,50,DE,node,4.780700022820383,0.0,True,9855,1,9855,1,4.774300003191456
0,quality,0.05,exact,50,DE,edge,21.355400007450953,0.0,True,5833,1,5833,1,21.35009999619797
0,quality,0.05,exact,51,DE,node,3.84330001543276,0.0,True,9855,1,9855,1,3.8382000057026744
0,quality,0.05,exact,51,DE,edge,23.491200001444668,0.0,True,5833,1,5833,1,23.485899990191683
0,quality,0.05,exact,52,DE,node,3.4903000050690025,0.0,True,9855,1,9855,1,3.4860000014305115
0,quality,0.05,exact,52,DE,edge,23.022200010018423,0.0,True,5833,1,5833,1,23.016999999526888
0,quality,0.05,exact,53,FR,node,4.386499989777803,0.0,True,14959,1,14959,1,4.3818000121973455
0,quality,0.05,exact,53,FR,edge,36.18350002216175,0.0,True,13428,1,13428,1,36.17790000862442
0,quality,0.05,exact,54,FR,node,4.0880000160541385,0.0,True,14959,1,14959,1,4.083499981788918
0,quality,0.05,exact,54,FR,edge,33.954900020034984,0.0,True,13428,1,13428,1,33.950300014112145
0,quality,0.05,exact,55,DE,node,5.650499981129542,0.0,True,9855,1,9855,1,5.646000005071983
0,quality,0.05,exact,55,DE,edge,22.41949999006465,0.0,True,5833,1,5833,1,22.41350000258535
0,quality,0.05,exact,56,FR,node,4.2489999905228615,0.0,True,14959,1,14959,1,4.244399984600022
0,quality,0.05,exact,56,FR,edge,37.011300009908155,0.0,True,13428,1,13428,1,37.00589999789372
0,quality,0.05,exact,57,FR,node,4.1117999935522676,0.0,True,14959,1,14959,1,4.108199995243922
0,quality,0.05,exact,57,FR,edge,35.299900016980246,0.0,True,13428,1,13428,1,35.29490000801161
0,quality,0.05,exact,58,FR,node,4.337599995778874,0.0,True,14959,1,14959,1,4.333199991378933
0,quality,0.05,exact,58,FR,edge,44.40640000393614,0.0,True,13428,1,13428,1,44.40099999192171
0,quality,0.05,exact,59,DE,node,3.948900004616007,0.0,True,9855,1,9855,1,3.941200004192069
0,quality,0.05,exact,59,DE,edge,22.43899999302812,0.0,True,5833,1,5833,1,22.433400008594617
