mode,tier,requests,request_ms_mean,request_ms_p95,amortized_ms_mean,node_error_mean,edge_error_mean,budget_violation_rate,interval_miss_rate,approximate_requests,approximate_interval_miss_rate,count_pairs_mean
adaptive,performance,600,31.786694666589028,59.55630499956895,57.35231766659126,0.0,0.0,0,0,0,,1.125
adaptive,balanced,300,29.87988333348767,55.320910010050284,55.4455063334899,0.0,0.0,0,0,0,,1
adaptive,quality,300,29.429418665968115,60.04532998849754,54.99504166597035,0.0,0.0,0,0,0,,1
adaptive,exact,300,31.489925332474133,57.82098999698068,57.05554833247636,0.0,0.0,0,0,0,,1
exact,performance,600,31.14148933336158,57.98930500095593,31.14148933336158,0.0,0.0,0,,0,,1
exact,balanced,300,31.182686666822217,59.19280500456807,31.182686666822217,0.0,0.0,0,,0,,1
exact,quality,300,29.689319333507836,57.02544999367093,29.689319333507836,0.0,0.0,0,,0,,1
exact,exact,300,31.91281266641454,60.82778000636608,31.91281266641454,0.0,0.0,0,,0,,1
fixed-0.1,performance,600,9.612540000016452,17.976340011227872,35.178163000018685,0.025000481681851223,0.11550650960232811,0.38666666666666666,,600,,1
fixed-0.1,balanced,300,9.678500333781509,17.61947000632063,35.24412333378374,0.025000481681851223,0.11550650960232811,0.7733333333333333,,300,,1
fixed-0.1,quality,300,8.623848333372734,16.89444000076037,34.18947133337497,0.025000481681851223,0.11550650960232811,0.9066666666666666,,300,,1
fixed-0.1,exact,300,9.4675086667606,17.878690002544317,35.033131666762834,0.025000481681851223,0.11550650960232811,1,,300,,1
fixed-0.25,performance,600,13.835416166378613,25.826250009413343,39.40103916638085,0.014380976104198966,0.050163699425703534,0.02666666666666667,,600,,1
fixed-0.25,balanced,300,13.384248333265228,27.53681499380037,38.94987133326746,0.014380976104198966,0.050163699425703534,0.5333333333333333,,300,,1
fixed-0.25,quality,300,13.334198000035636,27.638425002805892,38.89982100003787,0.014380976104198966,0.050163699425703534,0.7733333333333333,,300,,1
fixed-0.25,exact,300,13.915975666992987,25.849129998096046,39.48159866699522,0.014380976104198966,0.050163699425703534,1,,300,,1
fixed-0.5,performance,600,20.89038383339357,39.22295000156736,46.456006833395804,0.008706081545850126,0.02626392996615892,0,,600,,1
fixed-0.5,balanced,300,20.704637000259634,39.807234996260384,46.27026000026187,0.008706081545850126,0.02626392996615892,0.17333333333333334,,300,,1
fixed-0.5,quality,300,19.720172333181836,35.985750009422205,45.28579533318407,0.008706081545850126,0.02626392996615892,0.6266666666666667,,300,,1
fixed-0.5,exact,300,22.368333666430164,40.23863500842708,47.933956666432394,0.008706081545850126,0.02626392996615892,1,,300,,1
fixed-0.75,performance,600,28.54073549999157,55.67631500452989,54.1063584999938,0.0047295994031879346,0.012785000333916973,0,,600,,1
fixed-0.75,balanced,300,28.13680033374112,51.27775999935694,53.702423333743354,0.0047295994031879346,0.012785000333916973,0,,300,,1
fixed-0.75,quality,300,26.263993666749837,48.564270009228515,51.829616666752074,0.0047295994031879346,0.012785000333916973,0.22666666666666666,,300,,1
fixed-0.75,exact,300,28.14047533402724,52.47032000916081,53.70609833402948,0.0047295994031879346,0.012785000333916973,1,,300,,1
