split,seed,country,kind,fidelity,truth,count,query_ms
fitting,16000,FR,node,0.05,14959,778,8.348200004547834
fitting,16000,FR,node,0.1,14959,1514,4.527299985056743
fitting,16000,FR,node,0.15,14959,2236,5.044599995017052
fitting,16000,FR,node,0.25,14959,3749,4.059200000483543
fitting,16000,FR,node,0.35,14959,5286,6.562199996551499
fitting,16000,FR,node,0.5,14959,7491,11.018399993190542
fitting,16000,FR,node,0.75,14959,11172,7.218300015665591
fitting,16000,FR,node,1.0,14959,14959,7.894999987911433
fitting,16000,FR,edge,0.05,13428,33,6.033299985574558
fitting,16000,FR,edge,0.1,13428,105,7.200099993497133
fitting,16000,FR,edge,0.15,13428,279,8.9326000015717
fitting,16000,FR,edge,0.25,13428,817,19.60450000478886
fitting,16000,FR,edge,0.35,13428,1666,23.763000004692003
fitting,16000,FR,edge,0.5,13428,3351,40.44229999999516
fitting,16000,FR,edge,0.75,13428,7417,57.76659998809919
fitting,16000,FR,edge,1.0,13428,13428,71.28350000130013
fitting,16000,DE,node,0.05,9855,525,4.191899992292747
fitting,16000,DE,node,0.1,9855,1006,4.949299996951595
fitting,16000,DE,node,0.15,9855,1509,1.7374000162817538
fitting,16000,DE,node,0.25,9855,2495,5.267600005026907
fitting,16000,DE,node,0.35,9855,3455,5.396300024585798
fitting,16000,DE,node,0.5,9855,4926,6.30280000041239
fitting,16000,DE,node,0.75,9855,7416,5.0617000088095665
fitting,16000,DE,node,1.0,9855,9855,6.681700004264712
fitting,16000,DE,edge,0.05,5833,15,7.817699981387705
fitting,16000,DE,edge,0.1,5833,52,7.065200014039874
fitting,16000,DE,edge,0.15,5833,145,8.288599987281486
fitting,16000,DE,edge,0.25,5833,401,9.50610000290908
fitting,16000,DE,edge,0.35,5833,727,9.933499997714534
fitting,16000,DE,edge,0.5,5833,1478,23.435000010067597
fitting,16000,DE,edge,0.75,5833,3322,34.29500001948327
fitting,16000,DE,edge,1.0,5833,5833,32.72439999273047
fitting,16001,FR,node,0.05,14959,761,3.1294999935198575
fitting,16001,FR,node,0.1,14959,1532,2.6727999793365598
fitting,16001,FR,node,0.15,14959,2290,2.337499987334013
fitting,16001,FR,node,0.25,14959,3824,2.6163000147789717
fitting,16001,FR,node,0.35,14959,5306,2.6214999961666763
fitting,16001,FR,node,0.5,14959,7579,3.905100020347163
fitting,16001,FR,node,0.75,14959,11342,5.544500018004328
fitting,16001,FR,node,1.0,14959,14959,5.337400012649596
fitting,16001,FR,edge,0.05,13428,43,5.1491000049281865
fitting,16001,FR,edge,0.1,13428,143,8.488299994496629
fitting,16001,FR,edge,0.15,13428,305,13.051699992502108
fitting,16001,FR,edge,0.25,13428,881,13.53149997885339
fitting,16001,FR,edge,0.35,13428,1739,15.148800011957064
fitting,16001,FR,edge,0.5,13428,3520,27.58579998044297
fitting,16001,FR,edge,0.75,13428,7700,29.74760002689436
fitting,16001,FR,edge,1.0,13428,13428,34.34489999199286
fitting,16001,DE,node,0.05,9855,516,2.5576000043656677
fitting,16001,DE,node,0.1,9855,1012,3.2694000110495836
fitting,16001,DE,node,0.15,9855,1495,2.9051000019535422
fitting,16001,DE,node,0.25,9855,2494,2.2896999726071954
fitting,16001,DE,node,0.35,9855,3512,2.837999985786155
fitting,16001,DE,node,0.5,9855,5006,2.9283000039868057
fitting,16001,DE,node,0.75,9855,7424,2.7540000155568123
fitting,16001,DE,node,1.0,9855,9855,3.2770000107120723
fitting,16001,DE,edge,0.05,5833,16,3.117399988695979
fitting,16001,DE,edge,0.1,5833,53,4.300400003558025
fitting,16001,DE,edge,0.15,5833,114,5.0054999883286655
fitting,16001,DE,edge,0.25,5833,354,7.622599980095401
fitting,16001,DE,edge,0.35,5833,701,8.911399985663593
fitting,16001,DE,edge,0.5,5833,1504,12.44849999784492
fitting,16001,DE,edge,0.75,5833,3251,17.428799998015165
fitting,16001,DE,edge,1.0,5833,5833,22.451700002420694
fitting,16002,FR,node,0.05,14959,767,3.050500003155321
fitting,16002,FR,node,0.1,14959,1524,2.4384999996982515
fitting,16002,FR,node,0.15,14959,2358,3.1113000004552305
fitting,16002,FR,node,0.25,14959,3855,2.824199997121468
fitting,16002,FR,node,0.35,14959,5340,2.5582999805919826
fitting,16002,FR,node,0.5,14959,7572,3.4958999895025045
fitting,16002,FR,node,0.75,14959,11277,3.6152999964542687
fitting,16002,FR,node,1.0,14959,14959,3.819300007307902
fitting,16002,FR,edge,0.05,13428,36,4.427299980306998
fitting,16002,FR,edge,0.1,13428,155,6.630700023379177
fitting,16002,FR,edge,0.15,13428,327,7.316500006709248
fitting,16002,FR,edge,0.25,13428,872,14.728399983141571
fitting,16002,FR,edge,0.35,13428,1739,15.29899999150075
fitting,16002,FR,edge,0.5,13428,3471,23.669000016525388
fitting,16002,FR,edge,0.75,13428,7603,31.20719999424182
fitting,16002,FR,edge,1.0,13428,13428,39.2981999902986
fitting,16002,DE,node,0.05,9855,487,3.60330002149567
fitting,16002,DE,node,0.1,9855,969,2.5559999921824783
fitting,16002,DE,node,0.15,9855,1463,2.3962999985087663
fitting,16002,DE,node,0.25,9855,2488,2.2480000043287873
fitting,16002,DE,node,0.35,9855,3488,4.845899995416403
fitting,16002,DE,node,0.5,9855,4923,3.1604000250808895
fitting,16002,DE,node,0.75,9855,7437,3.975300001911819
fitting,16002,DE,node,1.0,9855,9855,6.193899986101314
fitting,16002,DE,edge,0.05,5833,15,5.161600012797862
fitting,16002,DE,edge,0.1,5833,59,5.399799993028864
fitting,16002,DE,edge,0.15,5833,123,6.528300000354648
fitting,16002,DE,edge,0.25,5833,386,6.972000002861023
fitting,16002,DE,edge,0.35,5833,737,8.850699989125133
fitting,16002,DE,edge,0.5,5833,1512,13.788000011118129
fitting,16002,DE,edge,0.75,5833,3319,18.35580001352355
fitting,16002,DE,edge,1.0,5833,5833,27.336400002241135
fitting,16003,FR,node,0.05,14959,711,2.892499993322417
fitting,16003,FR,node,0.1,14959,1423,2.974300005007535
fitting,16003,FR,node,0.15,14959,2170,2.7430999907664955
fitting,16003,FR,node,0.25,14959,3658,2.7722000086214393
fitting,16003,FR,node,0.35,14959,5155,2.951599977677688
fitting,16003,FR,node,0.5,14959,7440,3.999999986262992
fitting,16003,FR,node,0.75,14959,11199,4.753800021717325
fitting,16003,FR,node,1.0,14959,14959,4.138399992370978
fitting,16003,FR,edge,0.05,13428,22,5.45669998973608
fitting,16003,FR,edge,0.1,13428,121,5.596699978923425
fitting,16003,FR,edge,0.15,13428,283,6.693399976938963
fitting,16003,FR,edge,0.25,13428,783,15.052299975650385
fitting,16003,FR,edge,0.35,13428,1580,13.96569999633357
fitting,16003,FR,edge,0.5,13428,3271,19.483599986415356
fitting,16003,FR,edge,0.75,13428,7510,27.906700008315966
fitting,16003,FR,edge,1.0,13428,13428,33.14620000310242
fitting,16003,DE,node,0.05,9855,470,2.6505999849177897
fitting,16003,DE,node,0.1,9855,951,2.4861999845597893
fitting,16003,DE,node,0.15,9855,1482,1.7875000194180757
fitting,16003,DE,node,0.25,9855,2453,2.295299986144528
fitting,16003,DE,node,0.35,9855,3450,2.2529000125359744
fitting,16003,DE,node,0.5,9855,4948,2.559299988206476
fitting,16003,DE,node,0.75,9855,7377,3.738899977179244
fitting,16003,DE,node,1.0,9855,9855,3.8801000046078116
fitting,16003,DE,edge,0.05,5833,18,4.020899999886751
fitting,16003,DE,edge,0.1,5833,59,3.8567000010516495
fitting,16003,DE,edge,0.15,5833,129,6.472000008216128
fitting,16003,DE,edge,0.25,5833,339,7.59029999608174
fitting,16003,DE,edge,0.35,5833,675,9.289399982662871
fitting,16003,DE,edge,0.5,5833,1423,14.531399996485561
fitting,16003,DE,edge,0.75,5833,3225,19.408399995882064
fitting,16003,DE,edge,1.0,5833,5833,27.090399991720915
calibration,17000,FR,node,0.05,14959,742,3.029399988008663
calibration,17000,FR,node,0.1,14959,1475,2.527699980419129
calibration,17000,FR,node,0.15,14959,2223,2.671599999302998
calibration,17000,FR,node,0.25,14959,3767,2.5998999772127718
calibration,17000,FR,node,0.35,14959,5294,6.287600001087412
calibration,17000,FR,node,0.5,14959,7469,4.575099999783561
calibration,17000,FR,node,0.75,14959,11191,9.640100004617125
calibration,17000,FR,node,1.0,14959,14959,4.858700005570427
calibration,17000,FR,edge,0.05,13428,22,5.692100006854162
calibration,17000,FR,edge,0.1,13428,113,6.703899998683482
calibration,17000,FR,edge,0.15,13428,308,7.094400003552437
calibration,17000,FR,edge,0.25,13428,857,10.712499992223457
calibration,17000,FR,edge,0.35,13428,1702,14.936699997633696
calibration,17000,FR,edge,0.5,13428,3352,19.35590000357479
calibration,17000,FR,edge,0.75,13428,7573,31.740699982037768
calibration,17000,FR,edge,1.0,13428,13428,34.56259999074973
calibration,17000,DE,node,0.05,9855,530,2.8648000152315944
calibration,17000,DE,node,0.1,9855,1044,2.664200001163408
calibration,17000,DE,node,0.15,9855,1519,2.6895000191871077
calibration,17000,DE,node,0.25,9855,2549,2.5120999780483544
calibration,17000,DE,node,0.35,9855,3540,2.3437000054400414
calibration,17000,DE,node,0.5,9855,4964,2.3169000050984323
calibration,17000,DE,node,0.75,9855,7418,3.193000011378899
calibration,17000,DE,node,1.0,9855,9855,3.0507000046782196
calibration,17000,DE,edge,0.05,5833,14,3.109200013568625
calibration,17000,DE,edge,0.1,5833,52,3.788999980315566
calibration,17000,DE,edge,0.15,5833,129,5.170299991732463
calibration,17000,DE,edge,0.25,5833,410,7.038400013698265
calibration,17000,DE,edge,0.35,5833,772,11.305499996524304
calibration,17000,DE,edge,0.5,5833,1488,20.394599996507168
calibration,17000,DE,edge,0.75,5833,3285,26.85120000387542
calibration,17000,DE,edge,1.0,5833,5833,34.10900000017136
calibration,17001,FR,node,0.05,14959,711,3.1128000118769705
calibration,17001,FR,node,0.1,14959,1434,3.434899990679696
calibration,17001,FR,node,0.15,14959,2179,3.781400009756908
calibration,17001,FR,node,0.25,14959,3714,2.609699993627146
calibration,17001,FR,node,0.35,14959,5219,4.875300015555695
calibration,17001,FR,node,0.5,14959,7484,4.830499994568527
calibration,17001,FR,node,0.75,14959,11161,4.498599999351427
calibration,17001,FR,node,1.0,14959,14959,5.715799983590841
calibration,17001,FR,edge,0.05,13428,27,5.566100007854402
calibration,17001,FR,edge,0.1,13428,122,8.286800002679229
calibration,17001,FR,edge,0.15,13428,283,7.935699977679178
calibration,17001,FR,edge,0.25,13428,842,10.766000021249056
calibration,17001,FR,edge,0.35,13428,1665,14.127900009043515
calibration,17001,FR,edge,0.5,13428,3431,20.26699998532422
calibration,17001,FR,edge,0.75,13428,7547,29.443500010529533
calibration,17001,FR,edge,1.0,13428,13428,36.70179998152889
calibration,17001,DE,node,0.05,9855,516,2.981600002385676
calibration,17001,DE,node,0.1,9855,984,2.28610000340268
calibration,17001,DE,node,0.15,9855,1458,2.198900008806959
calibration,17001,DE,node,0.25,9855,2499,2.2084999945946038
calibration,17001,DE,node,0.35,9855,3487,2.5701000122353435
calibration,17001,DE,node,0.5,9855,4922,2.719700016314164
calibration,17001,DE,node,0.75,9855,7407,3.115700004855171
calibration,17001,DE,node,1.0,9855,9855,3.16620001103729
calibration,17001,DE,edge,0.05,5833,15,3.190899995388463
calibration,17001,DE,edge,0.1,5833,68,4.4716999982483685
calibration,17001,DE,edge,0.15,5833,126,4.600799991749227
calibration,17001,DE,edge,0.25,5833,364,7.567099994048476
calibration,17001,DE,edge,0.35,5833,727,9.205000009387732
calibration,17001,DE,edge,0.5,5833,1448,14.027500001247972
calibration,17001,DE,edge,0.75,5833,3290,21.4863000146579
calibration,17001,DE,edge,1.0,5833,5833,20.97230000072159
calibration,17002,FR,node,0.05,14959,708,2.5594999897293746
calibration,17002,FR,node,0.1,14959,1406,3.3390999888069928
calibration,17002,FR,node,0.15,14959,2167,2.8729999903589487
calibration,17002,FR,node,0.25,14959,3628,2.301700005773455
calibration,17002,FR,node,0.35,14959,5088,2.487899997504428
calibration,17002,FR,node,0.5,14959,7383,3.882099990732968
calibration,17002,FR,node,0.75,14959,11132,4.715599992778152
calibration,17002,FR,node,1.0,14959,14959,5.164100002730265
calibration,17002,FR,edge,0.05,13428,28,4.500000010011718
calibration,17002,FR,edge,0.1,13428,95,6.240100017748773
calibration,17002,FR,edge,0.15,13428,228,6.924199988134205
calibration,17002,FR,edge,0.25,13428,779,11.113999993540347
calibration,17002,FR,edge,0.35,13428,1512,14.264299999922514
calibration,17002,FR,edge,0.5,13428,3252,22.029600018868223
calibration,17002,FR,edge,0.75,13428,7393,33.91690002172254
calibration,17002,FR,edge,1.0,13428,13428,39.106299984268844
calibration,17002,DE,node,0.05,9855,480,2.3505999997723848
calibration,17002,DE,node,0.1,9855,966,2.4113999970722944
calibration,17002,DE,node,0.15,9855,1436,2.111099980538711
calibration,17002,DE,node,0.25,9855,2452,2.496200002497062
calibration,17002,DE,node,0.35,9855,3406,2.3033000179566443
calibration,17002,DE,node,0.5,9855,4875,2.179000002797693
calibration,17002,DE,node,0.75,9855,7359,2.539800014346838
calibration,17002,DE,node,1.0,9855,9855,3.268300002673641
calibration,17002,DE,edge,0.05,5833,14,3.6477000103332102
calibration,17002,DE,edge,0.1,5833,51,3.5878000198863447
calibration,17002,DE,edge,0.15,5833,123,5.381900002248585
calibration,17002,DE,edge,0.25,5833,368,6.872099998872727
calibration,17002,DE,edge,0.35,5833,731,8.752699999604374
calibration,17002,DE,edge,0.5,5833,1461,11.898400000063702
calibration,17002,DE,edge,0.75,5833,3208,20.969500008504838
calibration,17002,DE,edge,1.0,5833,5833,49.912999995285645
calibration,17003,FR,node,0.05,14959,730,3.20320000173524
calibration,17003,FR,node,0.1,14959,1435,3.3847999875433743
calibration,17003,FR,node,0.15,14959,2205,4.382200015243143
calibration,17003,FR,node,0.25,14959,3799,4.576300008920953
calibration,17003,FR,node,0.35,14959,5349,5.5253999889828265
calibration,17003,FR,node,0.5,14959,7558,8.59179999679327
calibration,17003,FR,node,0.75,14959,11259,8.418000012170523
calibration,17003,FR,node,1.0,14959,14959,7.790400006342679
calibration,17003,FR,edge,0.05,13428,40,8.196600014343858
calibration,17003,FR,edge,0.1,13428,125,12.160399986896664
calibration,17003,FR,edge,0.15,13428,286,12.733799987472594
calibration,17003,FR,edge,0.25,13428,891,20.470800023758784
calibration,17003,FR,edge,0.35,13428,1793,31.619399989722297
calibration,17003,FR,edge,0.5,13428,3486,35.889599996153265
calibration,17003,FR,edge,0.75,13428,7627,42.08899999503046
calibration,17003,FR,edge,1.0,13428,13428,50.2437999821268
calibration,17003,DE,node,0.05,9855,495,3.8386999804060906
calibration,17003,DE,node,0.1,9855,994,3.2414000015705824
calibration,17003,DE,node,0.15,9855,1511,2.8275000222492963
calibration,17003,DE,node,0.25,9855,2524,3.7567999970633537
calibration,17003,DE,node,0.35,9855,3523,3.911000007065013
calibration,17003,DE,node,0.5,9855,5003,4.08479999168776
calibration,17003,DE,node,0.75,9855,7454,4.675700009102002
calibration,17003,DE,node,1.0,9855,9855,3.815999982180074
calibration,17003,DE,edge,0.05,5833,19,3.782799991313368
calibration,17003,DE,edge,0.1,5833,66,5.466000002343208
calibration,17003,DE,edge,0.15,5833,144,7.215699995867908
calibration,17003,DE,edge,0.25,5833,398,9.056700015207753
calibration,17003,DE,edge,0.35,5833,760,10.610500001348555
calibration,17003,DE,edge,0.5,5833,1510,13.68120001279749
calibration,17003,DE,edge,0.75,5833,3334,18.906000012066215
calibration,17003,DE,edge,1.0,5833,5833,20.484899985603988
calibration,17004,FR,node,0.05,14959,723,4.6759000106249005
calibration,17004,FR,node,0.1,14959,1450,3.0045000021345913
calibration,17004,FR,node,0.15,14959,2228,3.352600004291162
calibration,17004,FR,node,0.25,14959,3743,3.4961000201292336
calibration,17004,FR,node,0.35,14959,5254,3.733100020326674
calibration,17004,FR,node,0.5,14959,7452,5.070599989267066
calibration,17004,FR,node,0.75,14959,11132,4.585399990901351
calibration,17004,FR,node,1.0,14959,14959,4.9786000163294375
calibration,17004,FR,edge,0.05,13428,32,4.765999998198822
calibration,17004,FR,edge,0.1,13428,138,9.44519997574389
calibration,17004,FR,edge,0.15,13428,306,8.65110001177527
calibration,17004,FR,edge,0.25,13428,835,16.381000023102388
calibration,17004,FR,edge,0.35,13428,1642,19.888500013621524
calibration,17004,FR,edge,0.5,13428,3368,23.097400000551715
calibration,17004,FR,edge,0.75,13428,7521,29.671700001927093
calibration,17004,FR,edge,1.0,13428,13428,44.13670001667924
calibration,17004,DE,node,0.05,9855,502,2.6522999978624284
calibration,17004,DE,node,0.1,9855,1019,2.3600000131409615
calibration,17004,DE,node,0.15,9855,1485,2.6630999927874655
calibration,17004,DE,node,0.25,9855,2508,2.341799990972504
calibration,17004,DE,node,0.35,9855,3500,2.719400014029816
calibration,17004,DE,node,0.5,9855,4979,2.4164000060409307
calibration,17004,DE,node,0.75,9855,7409,3.5863000084646046
calibration,17004,DE,node,1.0,9855,9855,4.096499993465841
calibration,17004,DE,edge,0.05,5833,16,3.658400004496798
calibration,17004,DE,edge,0.1,5833,59,4.74559998838231
calibration,17004,DE,edge,0.15,5833,119,6.157399999210611
calibration,17004,DE,edge,0.25,5833,365,9.396799985552207
calibration,17004,DE,edge,0.35,5833,728,11.604500003159046
calibration,17004,DE,edge,0.5,5833,1444,15.32860001316294
calibration,17004,DE,edge,0.75,5833,3258,32.93270000722259
calibration,17004,DE,edge,1.0,5833,5833,27.66749999136664
calibration,17005,FR,node,0.05,14959,721,3.2869999995455146
calibration,17005,FR,node,0.1,14959,1478,2.2914000146556646
calibration,17005,FR,node,0.15,14959,2212,2.987299987580627
calibration,17005,FR,node,0.25,14959,3751,3.222800005460158
calibration,17005,FR,node,0.35,14959,5293,3.4207999997306615
calibration,17005,FR,node,0.5,14959,7481,5.397400003857911
calibration,17005,FR,node,0.75,14959,11300,4.454600013559684
calibration,17005,FR,node,1.0,14959,14959,4.442800011020154
calibration,17005,FR,edge,0.05,13428,37,5.122900009155273
calibration,17005,FR,edge,0.1,13428,127,11.26319999457337
calibration,17005,FR,edge,0.15,13428,275,12.51219998812303
calibration,17005,FR,edge,0.25,13428,823,17.716400005156174
calibration,17005,FR,edge,0.35,13428,1641,19.892999989679083
calibration,17005,FR,edge,0.5,13428,3270,27.3221000097692
calibration,17005,FR,edge,0.75,13428,7643,39.84079998917878
calibration,17005,FR,edge,1.0,13428,13428,53.90030000125989
calibration,17005,DE,node,0.05,9855,472,3.767099988181144
calibration,17005,DE,node,0.1,9855,962,5.420700006652623
calibration,17005,DE,node,0.15,9855,1433,3.5860000061802566
calibration,17005,DE,node,0.25,9855,2446,3.855000017210841
calibration,17005,DE,node,0.35,9855,3474,3.907600010279566
calibration,17005,DE,node,0.5,9855,4942,4.791700019268319
calibration,17005,DE,node,0.75,9855,7349,2.9294000123627484
calibration,17005,DE,node,1.0,9855,9855,4.356599994935095
calibration,17005,DE,edge,0.05,5833,5,4.482099990127608
calibration,17005,DE,edge,0.1,5833,42,6.785999983549118
calibration,17005,DE,edge,0.15,5833,102,6.046700000297278
calibration,17005,DE,edge,0.25,5833,355,9.204000001773238
calibration,17005,DE,edge,0.35,5833,713,21.19410000159405
calibration,17005,DE,edge,0.5,5833,1491,30.228199990233406
calibration,17005,DE,edge,0.75,5833,3304,22.469199990155175
calibration,17005,DE,edge,1.0,5833,5833,25.89530000113882
calibration,17006,FR,node,0.05,14959,718,6.240300019271672
calibration,17006,FR,node,0.1,14959,1447,5.008300009649247
calibration,17006,FR,node,0.15,14959,2185,5.450700002256781
calibration,17006,FR,node,0.25,14959,3641,7.139599998481572
calibration,17006,FR,node,0.35,14959,5200,6.54279999434948
calibration,17006,FR,node,0.5,14959,7447,8.691899973200634
calibration,17006,FR,node,0.75,14959,11239,9.88080000388436
calibration,17006,FR,node,1.0,14959,14959,5.913200002396479
calibration,17006,FR,edge,0.05,13428,35,6.3384000095538795
calibration,17006,FR,edge,0.1,13428,124,13.055099989287555
calibration,17006,FR,edge,0.15,13428,301,14.554599998518825
calibration,17006,FR,edge,0.25,13428,784,13.47959999111481
calibration,17006,FR,edge,0.35,13428,1594,26.067899976624176
calibration,17006,FR,edge,0.5,13428,3296,31.114599987631664
calibration,17006,FR,edge,0.75,13428,7548,35.40419999626465
calibration,17006,FR,edge,1.0,13428,13428,58.58070001704618
calibration,17006,DE,node,0.05,9855,521,4.549400007817894
calibration,17006,DE,node,0.1,9855,1021,3.1504999788012356
calibration,17006,DE,node,0.15,9855,1478,3.5863999801222235
calibration,17006,DE,node,0.25,9855,2471,3.4448000078555197
calibration,17006,DE,node,0.35,9855,3405,3.5312999971210957
calibration,17006,DE,node,0.5,9855,4900,3.96480000927113
calibration,17006,DE,node,0.75,9855,7377,3.656299988506362
calibration,17006,DE,node,1.0,9855,9855,4.340300016338006
calibration,17006,DE,edge,0.05,5833,22,3.8431000139098614
calibration,17006,DE,edge,0.1,5833,53,4.306299990275875
calibration,17006,DE,edge,0.15,5833,119,7.818600017344579
calibration,17006,DE,edge,0.25,5833,407,8.001700014574453
calibration,17006,DE,edge,0.35,5833,697,12.420999992173165
calibration,17006,DE,edge,0.5,5833,1419,16.88270000158809
calibration,17006,DE,edge,0.75,5833,3267,27.508400002261624
calibration,17006,DE,edge,1.0,5833,5833,28.72100000968203
calibration,17007,FR,node,0.05,14959,726,4.227500001434237
calibration,17007,FR,node,0.1,14959,1471,4.717699979664758
calibration,17007,FR,node,0.15,14959,2240,4.410399997141212
calibration,17007,FR,node,0.25,14959,3779,5.084700009319931
calibration,17007,FR,node,0.35,14959,5250,5.259500001557171
calibration,17007,FR,node,0.5,14959,7513,5.426399991847575
calibration,17007,FR,node,0.75,14959,11223,3.629100014222786
calibration,17007,FR,node,1.0,14959,14959,4.131199995754287
calibration,17007,FR,edge,0.05,13428,33,3.8218999980017543
calibration,17007,FR,edge,0.1,13428,136,5.339099996490404
calibration,17007,FR,edge,0.15,13428,314,8.163399994373322
calibration,17007,FR,edge,0.25,13428,853,13.384499994572252
calibration,17007,FR,edge,0.35,13428,1660,26.222399988910183
calibration,17007,FR,edge,0.5,13428,3370,35.42219998780638
calibration,17007,FR,edge,0.75,13428,7502,53.8564000162296
calibration,17007,FR,edge,1.0,13428,13428,63.96830000448972
calibration,17007,DE,node,0.05,9855,503,3.3170000242535025
calibration,17007,DE,node,0.1,9855,998,3.1466000073123723
calibration,17007,DE,node,0.15,9855,1488,3.7035999994259328
calibration,17007,DE,node,0.25,9855,2462,3.8383000064641237
calibration,17007,DE,node,0.35,9855,3500,4.000800021458417
calibration,17007,DE,node,0.5,9855,5003,4.09069997840561
calibration,17007,DE,node,0.75,9855,7424,4.870700009632856
calibration,17007,DE,node,1.0,9855,9855,3.90700000571087
calibration,17007,DE,edge,0.05,5833,16,3.5835000162478536
calibration,17007,DE,edge,0.1,5833,48,5.16190001508221
calibration,17007,DE,edge,0.15,5833,120,7.274299976415932
calibration,17007,DE,edge,0.25,5833,347,10.33109999843873
calibration,17007,DE,edge,0.35,5833,701,12.458999990485609
calibration,17007,DE,edge,0.5,5833,1449,17.251200013561174
calibration,17007,DE,edge,0.75,5833,3246,20.562899997457862
calibration,17007,DE,edge,1.0,5833,5833,25.3800000064075
calibration,17008,FR,node,0.05,14959,736,3.313599998364225
calibration,17008,FR,node,0.1,14959,1498,3.67289999849163
calibration,17008,FR,node,0.15,14959,2228,4.231300001265481
calibration,17008,FR,node,0.25,14959,3636,5.4385999974329025
calibration,17008,FR,node,0.35,14959,5109,4.877700004726648
calibration,17008,FR,node,0.5,14959,7340,5.613899993477389
calibration,17008,FR,node,0.75,14959,11021,5.7166000187862664
calibration,17008,FR,node,1.0,14959,14959,5.095100001199171
calibration,17008,FR,edge,0.05,13428,37,7.543799991253763
calibration,17008,FR,edge,0.1,13428,129,9.93560001370497
calibration,17008,FR,edge,0.15,13428,269,11.612300004344434
calibration,17008,FR,edge,0.25,13428,782,18.832200003089383
calibration,17008,FR,edge,0.35,13428,1616,23.340399988228455
calibration,17008,FR,edge,0.5,13428,3282,25.346899987198412
calibration,17008,FR,edge,0.75,13428,7352,35.725199995795265
calibration,17008,FR,edge,1.0,13428,13428,44.7680999932345
calibration,17008,DE,node,0.05,9855,482,4.060699982801452
calibration,17008,DE,node,0.1,9855,937,3.4447000070940703
calibration,17008,DE,node,0.15,9855,1409,2.465099998516962
calibration,17008,DE,node,0.25,9855,2408,3.8229999772738665
calibration,17008,DE,node,0.35,9855,3454,4.299699998227879
calibration,17008,DE,node,0.5,9855,4934,4.366399982245639
calibration,17008,DE,node,0.75,9855,7384,4.3301999976392835
calibration,17008,DE,node,1.0,9855,9855,4.654399992432445
calibration,17008,DE,edge,0.05,5833,14,3.77359997946769
calibration,17008,DE,edge,0.1,5833,55,6.252699997276068
calibration,17008,DE,edge,0.15,5833,141,5.845600011525676
calibration,17008,DE,edge,0.25,5833,373,7.387699995888397
calibration,17008,DE,edge,0.35,5833,761,10.673999990103766
calibration,17008,DE,edge,0.5,5833,1495,17.2016000142321
calibration,17008,DE,edge,0.75,5833,3282,19.46080001653172
calibration,17008,DE,edge,1.0,5833,5833,22.743700013961643
calibration,17009,FR,node,0.05,14959,749,3.902099997503683
calibration,17009,FR,node,0.1,14959,1533,3.39579998399131
calibration,17009,FR,node,0.15,14959,2233,3.2405999954789877
calibration,17009,FR,node,0.25,14959,3730,3.926600009435788
calibration,17009,FR,node,0.35,14959,5187,3.811900009168312
calibration,17009,FR,node,0.5,14959,7402,4.627200018148869
calibration,17009,FR,node,0.75,14959,11158,4.609900002833456
calibration,17009,FR,node,1.0,14959,14959,5.248400004347786
calibration,17009,FR,edge,0.05,13428,34,6.118699995568022
calibration,17009,FR,edge,0.1,13428,140,9.901900019031018
calibration,17009,FR,edge,0.15,13428,307,18.24599999235943
calibration,17009,FR,edge,0.25,13428,829,21.153999987291172
calibration,17009,FR,edge,0.35,13428,1619,23.440999997546896
calibration,17009,FR,edge,0.5,13428,3233,31.154800002695993
calibration,17009,FR,edge,0.75,13428,7522,41.087199992034584
calibration,17009,FR,edge,1.0,13428,13428,43.79470000276342
calibration,17009,DE,node,0.05,9855,478,2.834699989762157
calibration,17009,DE,node,0.1,9855,986,3.0956999980844557
calibration,17009,DE,node,0.15,9855,1475,2.7673000004142523
calibration,17009,DE,node,0.25,9855,2486,3.618000017013401
calibration,17009,DE,node,0.35,9855,3474,3.574899979867041
calibration,17009,DE,node,0.5,9855,4929,4.491600004257634
calibration,17009,DE,node,0.75,9855,7383,4.12179998238571
calibration,17009,DE,node,1.0,9855,9855,4.419300006702542
calibration,17009,DE,edge,0.05,5833,13,4.167099978076294
calibration,17009,DE,edge,0.1,5833,67,6.081600004108623
calibration,17009,DE,edge,0.15,5833,145,6.40939999721013
calibration,17009,DE,edge,0.25,5833,359,7.238299993332475
calibration,17009,DE,edge,0.35,5833,713,9.819800005061552
calibration,17009,DE,edge,0.5,5833,1479,13.28550002654083
calibration,17009,DE,edge,0.75,5833,3309,18.428699986543506
calibration,17009,DE,edge,1.0,5833,5833,22.02550001675263
calibration,17010,FR,node,0.05,14959,729,5.278299999190494
calibration,17010,FR,node,0.1,14959,1461,2.505799988284707
calibration,17010,FR,node,0.15,14959,2240,3.150200005620718
calibration,17010,FR,node,0.25,14959,3700,2.9328000091481954
calibration,17010,FR,node,0.35,14959,5213,3.3321999944746494
calibration,17010,FR,node,0.5,14959,7441,3.907600010279566
calibration,17010,FR,node,0.75,14959,11233,4.051800002343953
calibration,17010,FR,node,1.0,14959,14959,5.020700016757473
calibration,17010,FR,edge,0.05,13428,43,4.274699982488528
calibration,17010,FR,edge,0.1,13428,150,6.122700026025996
calibration,17010,FR,edge,0.15,13428,310,7.345299993176013
calibration,17010,FR,edge,0.25,13428,793,11.272600007941946
calibration,17010,FR,edge,0.35,13428,1593,15.508200012845919
calibration,17010,FR,edge,0.5,13428,3287,20.829299988690764
calibration,17010,FR,edge,0.75,13428,7561,67.18509999336675
calibration,17010,FR,edge,1.0,13428,13428,39.69220002181828
calibration,17010,DE,node,0.05,9855,492,2.6458000065758824
calibration,17010,DE,node,0.1,9855,968,2.5070999981835485
calibration,17010,DE,node,0.15,9855,1490,2.607500005979091
calibration,17010,DE,node,0.25,9855,2496,3.1287000165320933
calibration,17010,DE,node,0.35,9855,3481,4.148299980442971
calibration,17010,DE,node,0.5,9855,4948,6.186899991007522
calibration,17010,DE,node,0.75,9855,7400,7.137900014640763
calibration,17010,DE,node,1.0,9855,9855,7.906899991212413
calibration,17010,DE,edge,0.05,5833,20,7.416800013743341
calibration,17010,DE,edge,0.1,5833,60,9.624800004530698
calibration,17010,DE,edge,0.15,5833,124,9.596499992767349
calibration,17010,DE,edge,0.25,5833,381,16.176900011487305
calibration,17010,DE,edge,0.35,5833,704,20.624700002372265
calibration,17010,DE,edge,0.5,5833,1476,30.489299999317154
calibration,17010,DE,edge,0.75,5833,3316,26.49690001271665
calibration,17010,DE,edge,1.0,5833,5833,27.46320000733249
calibration,17011,FR,node,0.05,14959,735,5.89380000019446
calibration,17011,FR,node,0.1,14959,1445,5.795099976239726
calibration,17011,FR,node,0.15,14959,2174,5.841000005602837
calibration,17011,FR,node,0.25,14959,3633,5.501100007677451
calibration,17011,FR,node,0.35,14959,5155,6.561599991982803
calibration,17011,FR,node,0.5,14959,7401,8.588700002292171
calibration,17011,FR,node,0.75,14959,11182,7.826600020052865
calibration,17011,FR,node,1.0,14959,14959,6.600799999432638
calibration,17011,FR,edge,0.05,13428,25,6.86269998550415
calibration,17011,FR,edge,0.1,13428,112,6.0418999928515404
calibration,17011,FR,edge,0.15,13428,280,7.224899978609756
calibration,17011,FR,edge,0.25,13428,774,10.680500010494143
calibration,17011,FR,edge,0.35,13428,1613,23.548000026494265
calibration,17011,FR,edge,0.5,13428,3322,25.289799988968298
calibration,17011,FR,edge,0.75,13428,7505,33.41470001032576
calibration,17011,FR,edge,1.0,13428,13428,47.60849999729544
calibration,17011,DE,node,0.05,9855,474,5.37970001460053
calibration,17011,DE,node,0.1,9855,931,7.915099995443597
calibration,17011,DE,node,0.15,9855,1424,5.653600004734471
calibration,17011,DE,node,0.25,9855,2418,6.5574000182095915
calibration,17011,DE,node,0.35,9855,3441,4.579300002660602
calibration,17011,DE,node,0.5,9855,4923,4.242399998474866
calibration,17011,DE,node,0.75,9855,7391,4.9544999783393
calibration,17011,DE,node,1.0,9855,9855,5.1306000095792115
calibration,17011,DE,edge,0.05,5833,19,4.745299986097962
calibration,17011,DE,edge,0.1,5833,59,6.46129998494871
calibration,17011,DE,edge,0.15,5833,133,7.377999980235472
calibration,17011,DE,edge,0.25,5833,368,15.505099989240989
calibration,17011,DE,edge,0.35,5833,741,21.99740000651218
calibration,17011,DE,edge,0.5,5833,1443,28.238900005817413
calibration,17011,DE,edge,0.75,5833,3275,34.85609998460859
calibration,17011,DE,edge,1.0,5833,5833,42.57679998409003
calibration,17012,FR,node,0.05,14959,776,3.9835999778006226
calibration,17012,FR,node,0.1,14959,1526,4.661799990572035
calibration,17012,FR,node,0.15,14959,2288,3.5644000163301826
calibration,17012,FR,node,0.25,14959,3806,3.588599996874109
calibration,17012,FR,node,0.35,14959,5284,4.5695999870076776
calibration,17012,FR,node,0.5,14959,7475,7.667699974263087
calibration,17012,FR,node,0.75,14959,11222,4.14549998822622
calibration,17012,FR,node,1.0,14959,14959,4.413799993926659
calibration,17012,FR,edge,0.05,13428,32,6.624100002227351
calibration,17012,FR,edge,0.1,13428,125,8.92369999201037
calibration,17012,FR,edge,0.15,13428,305,12.109999981475994
calibration,17012,FR,edge,0.25,13428,827,35.23379997932352
calibration,17012,FR,edge,0.35,13428,1630,23.236600012751296
calibration,17012,FR,edge,0.5,13428,3338,27.60070000658743
calibration,17012,FR,edge,0.75,13428,7608,38.13530001207255
calibration,17012,FR,edge,1.0,13428,13428,44.26429999875836
calibration,17012,DE,node,0.05,9855,486,3.6811000027228147
calibration,17012,DE,node,0.1,9855,1013,2.9559000104200095
calibration,17012,DE,node,0.15,9855,1491,2.5498000031802803
calibration,17012,DE,node,0.25,9855,2480,2.8540999919641763
calibration,17012,DE,node,0.35,9855,3462,2.8560999780893326
calibration,17012,DE,node,0.5,9855,4959,2.7215000009164214
calibration,17012,DE,node,0.75,9855,7384,3.2537999795749784
calibration,17012,DE,node,1.0,9855,9855,4.421499994350597
calibration,17012,DE,edge,0.05,5833,18,3.48919999669306
calibration,17012,DE,edge,0.1,5833,75,4.513300023972988
calibration,17012,DE,edge,0.15,5833,153,5.4216000135056674
calibration,17012,DE,edge,0.25,5833,400,9.557399986078963
calibration,17012,DE,edge,0.35,5833,729,12.253599998075515
calibration,17012,DE,edge,0.5,5833,1476,13.993200002005324
calibration,17012,DE,edge,0.75,5833,3256,36.21160000329837
calibration,17012,DE,edge,1.0,5833,5833,33.54330000001937
calibration,17013,FR,node,0.05,14959,768,3.0058999836910516
calibration,17013,FR,node,0.1,14959,1584,2.3830000136513263
calibration,17013,FR,node,0.15,14959,2361,1.925400021718815
calibration,17013,FR,node,0.25,14959,3837,2.3871999874245375
calibration,17013,FR,node,0.35,14959,5323,3.0953999958001077
calibration,17013,FR,node,0.5,14959,7519,3.2878000056371093
calibration,17013,FR,node,0.75,14959,11282,3.4487000084482133
calibration,17013,FR,node,1.0,14959,14959,3.373299987288192
calibration,17013,FR,edge,0.05,13428,39,3.9172999968286604
calibration,17013,FR,edge,0.1,13428,165,6.328999996185303
calibration,17013,FR,edge,0.15,13428,339,8.420300000580028
calibration,17013,FR,edge,0.25,13428,891,12.267500016605482
calibration,17013,FR,edge,0.35,13428,1651,19.657299999380484
calibration,17013,FR,edge,0.5,13428,3378,24.134500010404736
calibration,17013,FR,edge,0.75,13428,7610,33.57279999181628
calibration,17013,FR,edge,1.0,13428,13428,37.14810000383295
calibration,17013,DE,node,0.05,9855,464,2.216799999587238
calibration,17013,DE,node,0.1,9855,944,2.100599987898022
calibration,17013,DE,node,0.15,9855,1416,2.2868000087328255
calibration,17013,DE,node,0.25,9855,2414,2.018700004555285
calibration,17013,DE,node,0.35,9855,3402,2.482000010786578
calibration,17013,DE,node,0.5,9855,4887,2.1065000037197024
calibration,17013,DE,node,0.75,9855,7353,2.445499994792044
calibration,17013,DE,node,1.0,9855,9855,2.75580000015907
calibration,17013,DE,edge,0.05,5833,26,3.054599976167083
calibration,17013,DE,edge,0.1,5833,61,4.0388999914284796
calibration,17013,DE,edge,0.15,5833,116,5.093200015835464
calibration,17013,DE,edge,0.25,5833,318,8.463499980280176
calibration,17013,DE,edge,0.35,5833,648,8.178899995982647
calibration,17013,DE,edge,0.5,5833,1399,12.071600009221584
calibration,17013,DE,edge,0.75,5833,3195,18.120799999451265
calibration,17013,DE,edge,1.0,5833,5833,22.195500001544133
calibration,17014,FR,node,0.05,14959,762,2.748099999735132
calibration,17014,FR,node,0.1,14959,1420,2.0218999998178333
calibration,17014,FR,node,0.15,14959,2182,3.3805000130087137
calibration,17014,FR,node,0.25,14959,3648,2.9103000124450773
calibration,17014,FR,node,0.35,14959,5151,2.9365000082179904
calibration,17014,FR,node,0.5,14959,7449,3.297599992947653
calibration,17014,FR,node,0.75,14959,11225,3.688900003908202
calibration,17014,FR,node,1.0,14959,14959,3.550199995515868
calibration,17014,FR,edge,0.05,13428,31,4.155200003879145
calibration,17014,FR,edge,0.1,13428,122,5.2092999976594
calibration,17014,FR,edge,0.15,13428,276,6.743200006894767
calibration,17014,FR,edge,0.25,13428,787,9.314199996879324
calibration,17014,FR,edge,0.35,13428,1566,14.09160002367571
calibration,17014,FR,edge,0.5,13428,3251,19.158899987814948
calibration,17014,FR,edge,0.75,13428,7526,27.135000011185184
calibration,17014,FR,edge,1.0,13428,13428,32.705599995097145
calibration,17014,DE,node,0.05,9855,492,2.5664000131655484
calibration,17014,DE,node,0.1,9855,986,2.968999993754551
calibration,17014,DE,node,0.15,9855,1439,2.736700000241399
calibration,17014,DE,node,0.25,9855,2427,2.0093999919481575
calibration,17014,DE,node,0.35,9855,3346,2.134300011675805
calibration,17014,DE,node,0.5,9855,4839,2.5187999999616295
calibration,17014,DE,node,0.75,9855,7347,3.1202999816741794
calibration,17014,DE,node,1.0,9855,9855,3.14990000333637
calibration,17014,DE,edge,0.05,5833,19,3.7404999893624336
calibration,17014,DE,edge,0.1,5833,59,3.8120000099297613
calibration,17014,DE,edge,0.15,5833,124,4.640300001483411
calibration,17014,DE,edge,0.25,5833,353,6.116700009442866
calibration,17014,DE,edge,0.35,5833,657,8.020800014492124
calibration,17014,DE,edge,0.5,5833,1381,10.91800001449883
calibration,17014,DE,edge,0.75,5833,3226,21.66379999835044
calibration,17014,DE,edge,1.0,5833,5833,54.8828000028152
calibration,17015,FR,node,0.05,14959,752,3.427799994824454
calibration,17015,FR,node,0.1,14959,1492,2.5950999988708645
calibration,17015,FR,node,0.15,14959,2233,1.9700999837368727
calibration,17015,FR,node,0.25,14959,3774,2.4648999969940633
calibration,17015,FR,node,0.35,14959,5301,3.285399987362325
calibration,17015,FR,node,0.5,14959,7483,3.6382999969646335
calibration,17015,FR,node,0.75,14959,11279,3.1254999921657145
calibration,17015,FR,node,1.0,14959,14959,3.9818999939598143
calibration,17015,FR,edge,0.05,13428,34,4.238299996359274
calibration,17015,FR,edge,0.1,13428,141,5.072600004496053
calibration,17015,FR,edge,0.15,13428,294,6.916299986187369
calibration,17015,FR,edge,0.25,13428,867,11.015500000212342
calibration,17015,FR,edge,0.35,13428,1678,15.59539997833781
calibration,17015,FR,edge,0.5,13428,3388,20.394699997268617
calibration,17015,FR,edge,0.75,13428,7639,35.605000011855736
calibration,17015,FR,edge,1.0,13428,13428,32.95779999461956
calibration,17015,DE,node,0.05,9855,487,2.2356000263243914
calibration,17015,DE,node,0.1,9855,1000,1.9208999874535948
calibration,17015,DE,node,0.15,9855,1488,1.8295000190846622
calibration,17015,DE,node,0.25,9855,2458,2.012599987210706
calibration,17015,DE,node,0.35,9855,3419,2.034400007687509
calibration,17015,DE,node,0.5,9855,4904,2.1296000049915165
calibration,17015,DE,node,0.75,9855,7455,2.5613000034354627
calibration,17015,DE,node,1.0,9855,9855,2.8193999896757305
calibration,17015,DE,edge,0.05,5833,15,2.7347000141162425
calibration,17015,DE,edge,0.1,5833,77,3.7534000002779067
calibration,17015,DE,edge,0.15,5833,164,4.616499994881451
calibration,17015,DE,edge,0.25,5833,402,6.638599996222183
calibration,17015,DE,edge,0.35,5833,703,10.428599984152243
calibration,17015,DE,edge,0.5,5833,1474,24.405799980740994
calibration,17015,DE,edge,0.75,5833,3348,17.800599976908416
calibration,17015,DE,edge,1.0,5833,5833,26.195099984761328
calibration,17016,FR,node,0.05,14959,739,2.8368000057525933
calibration,17016,FR,node,0.1,14959,1422,2.878900006180629
calibration,17016,FR,node,0.15,14959,2149,3.853400005027652
calibration,17016,FR,node,0.25,14959,3668,5.949799990048632
calibration,17016,FR,node,0.35,14959,5162,4.303800000343472
calibration,17016,FR,node,0.5,14959,7441,6.16200000513345
calibration,17016,FR,node,0.75,14959,11282,5.708000011509284
calibration,17016,FR,node,1.0,14959,14959,5.884799989871681
calibration,17016,FR,edge,0.05,13428,26,5.582199984928593
calibration,17016,FR,edge,0.1,13428,112,7.643300021300092
calibration,17016,FR,edge,0.15,13428,266,8.052199991652742
calibration,17016,FR,edge,0.25,13428,817,10.683600004995242
calibration,17016,FR,edge,0.35,13428,1579,15.400899981614202
calibration,17016,FR,edge,0.5,13428,3242,28.607999993255362
calibration,17016,FR,edge,0.75,13428,7641,35.04790001898073
calibration,17016,FR,edge,1.0,13428,13428,38.74980000546202
calibration,17016,DE,node,0.05,9855,501,3.0153999978210777
calibration,17016,DE,node,0.1,9855,1004,2.8319000266492367
calibration,17016,DE,node,0.15,9855,1516,2.321499981917441
calibration,17016,DE,node,0.25,9855,2475,2.3908999864943326
calibration,17016,DE,node,0.35,9855,3393,2.876799990190193
calibration,17016,DE,node,0.5,9855,4880,2.765999990515411
calibration,17016,DE,node,0.75,9855,7413,3.4765999880619347
calibration,17016,DE,node,1.0,9855,9855,3.7709999887738377
calibration,17016,DE,edge,0.05,5833,11,3.7440000160131603
calibration,17016,DE,edge,0.1,5833,54,4.616499994881451
calibration,17016,DE,edge,0.15,5833,126,10.76819997979328
calibration,17016,DE,edge,0.25,5833,371,8.920099993702024
calibration,17016,DE,edge,0.35,5833,685,9.582099999533966
calibration,17016,DE,edge,0.5,5833,1437,11.703600001055747
calibration,17016,DE,edge,0.75,5833,3288,17.678000003797933
calibration,17016,DE,edge,1.0,5833,5833,24.034100002609193
calibration,17017,FR,node,0.05,14959,711,4.135600000154227
calibration,17017,FR,node,0.1,14959,1428,3.6908999900333583
calibration,17017,FR,node,0.15,14959,2155,4.346300003817305
calibration,17017,FR,node,0.25,14959,3687,3.9576000126544386
calibration,17017,FR,node,0.35,14959,5151,4.3372999934945256
calibration,17017,FR,node,0.5,14959,7401,4.517599998507649
calibration,17017,FR,node,0.75,14959,11124,5.591399996774271
calibration,17017,FR,node,1.0,14959,14959,4.724000027636066
calibration,17017,FR,edge,0.05,13428,29,5.995000014081597
calibration,17017,FR,edge,0.1,13428,109,6.562499998835847
calibration,17017,FR,edge,0.15,13428,259,8.97260001511313
calibration,17017,FR,edge,0.25,13428,805,15.865599998505786
calibration,17017,FR,edge,0.35,13428,1559,18.122199981007725
calibration,17017,FR,edge,0.5,13428,3180,22.740499989595264
calibration,17017,FR,edge,0.75,13428,7328,39.36510000494309
calibration,17017,FR,edge,1.0,13428,13428,38.122500001918525
calibration,17017,DE,node,0.05,9855,502,2.793699997710064
calibration,17017,DE,node,0.1,9855,1033,3.7661999813281
calibration,17017,DE,node,0.15,9855,1509,2.998599986312911
calibration,17017,DE,node,0.25,9855,2488,2.4800999963190407
calibration,17017,DE,node,0.35,9855,3430,3.1830999942030758
calibration,17017,DE,node,0.5,9855,4846,3.4260999818798155
calibration,17017,DE,node,0.75,9855,7302,4.487599973799661
calibration,17017,DE,node,1.0,9855,9855,4.808199999388307
calibration,17017,DE,edge,0.05,5833,15,4.489800019655377
calibration,17017,DE,edge,0.1,5833,63,6.444500002544373
calibration,17017,DE,edge,0.15,5833,136,7.484699977794662
calibration,17017,DE,edge,0.25,5833,337,10.11629999266006
calibration,17017,DE,edge,0.35,5833,645,9.284300002036616
calibration,17017,DE,edge,0.5,5833,1386,14.339500019559637
calibration,17017,DE,edge,0.75,5833,3222,15.233499987516552
calibration,17017,DE,edge,1.0,5833,5833,44.487500010291114
calibration,17018,FR,node,0.05,14959,762,3.5096000065095723
calibration,17018,FR,node,0.1,14959,1535,3.7779000122100115
calibration,17018,FR,node,0.15,14959,2264,3.867999999783933
calibration,17018,FR,node,0.25,14959,3772,3.2709999941289425
calibration,17018,FR,node,0.35,14959,5278,3.1759999983478338
calibration,17018,FR,node,0.5,14959,7497,4.238299996359274
calibration,17018,FR,node,0.75,14959,11259,3.9622999902348965
calibration,17018,FR,node,1.0,14959,14959,5.136499996297061
calibration,17018,FR,edge,0.05,13428,36,14.189699984854087
calibration,17018,FR,edge,0.1,13428,137,7.93689998681657
calibration,17018,FR,edge,0.15,13428,292,8.455599978333339
calibration,17018,FR,edge,0.25,13428,865,11.368899984518066
calibration,17018,FR,edge,0.35,13428,1662,15.39390001562424
calibration,17018,FR,edge,0.5,13428,3283,19.37950000865385
calibration,17018,FR,edge,0.75,13428,7440,33.362200018018484
calibration,17018,FR,edge,1.0,13428,13428,68.74919999972917
calibration,17018,DE,node,0.05,9855,529,3.4408000065013766
calibration,17018,DE,node,0.1,9855,968,2.4916000256780535
calibration,17018,DE,node,0.15,9855,1451,3.301599994301796
calibration,17018,DE,node,0.25,9855,2460,2.3040999949444085
calibration,17018,DE,node,0.35,9855,3441,3.5923000250477344
calibration,17018,DE,node,0.5,9855,4861,3.31579998601228
calibration,17018,DE,node,0.75,9855,7363,3.977700020186603
calibration,17018,DE,node,1.0,9855,9855,4.209599981550127
calibration,17018,DE,edge,0.05,5833,22,3.786499990383163
calibration,17018,DE,edge,0.1,5833,58,4.625300003681332
calibration,17018,DE,edge,0.15,5833,125,7.454400009009987
calibration,17018,DE,edge,0.25,5833,350,10.156699980143458
calibration,17018,DE,edge,0.35,5833,689,11.02169998921454
calibration,17018,DE,edge,0.5,5833,1401,16.06349999201484
calibration,17018,DE,edge,0.75,5833,3242,19.501900009345263
calibration,17018,DE,edge,1.0,5833,5833,29.07029999187216
calibration,17019,FR,node,0.05,14959,756,2.9802999924868345
calibration,17019,FR,node,0.1,14959,1495,2.8559000056702644
calibration,17019,FR,node,0.15,14959,2235,2.445099991746247
calibration,17019,FR,node,0.25,14959,3715,4.451999993762001
calibration,17019,FR,node,0.35,14959,5281,3.741199994692579
calibration,17019,FR,node,0.5,14959,7494,4.202899988740683
calibration,17019,FR,node,0.75,14959,11251,3.846799983875826
calibration,17019,FR,node,1.0,14959,14959,3.9407000003848225
calibration,17019,FR,edge,0.05,13428,32,4.709400003775954
calibration,17019,FR,edge,0.1,13428,132,9.459699998842552
calibration,17019,FR,edge,0.15,13428,277,9.734499995829538
calibration,17019,FR,edge,0.25,13428,794,13.322299986612052
calibration,17019,FR,edge,0.35,13428,1638,15.640900004655123
calibration,17019,FR,edge,0.5,13428,3351,29.328599979635328
calibration,17019,FR,edge,0.75,13428,7561,70.57340000756085
calibration,17019,FR,edge,1.0,13428,13428,38.28179999254644
calibration,17019,DE,node,0.05,9855,487,2.4966999772004783
calibration,17019,DE,node,0.1,9855,986,2.363399980822578
calibration,17019,DE,node,0.15,9855,1510,2.359200007049367
calibration,17019,DE,node,0.25,9855,2478,2.3283000045921654
calibration,17019,DE,node,0.35,9855,3428,2.9049000004306436
calibration,17019,DE,node,0.5,9855,4867,2.8688000165857375
calibration,17019,DE,node,0.75,9855,7419,3.085000003920868
calibration,17019,DE,node,1.0,9855,9855,3.3011999912559986
calibration,17019,DE,edge,0.05,5833,14,3.368900011992082
calibration,17019,DE,edge,0.1,5833,60,6.347000016830862
calibration,17019,DE,edge,0.15,5833,139,6.4978000009432435
calibration,17019,DE,edge,0.25,5833,392,8.728399989195168
calibration,17019,DE,edge,0.35,5833,681,9.851299982983619
calibration,17019,DE,edge,0.5,5833,1360,19.549300021026284
calibration,17019,DE,edge,0.75,5833,3287,52.26319999201223
calibration,17019,DE,edge,1.0,5833,5833,36.16930000134744
