epoch,mode,request,kind,country,lower,upper,budget,online_ms,truth,error,within_budget,estimate,raw_count,fidelity,attempts,bound,fallback,parameter_transfer
0,exact,0,node,DE,649,1915,0.05,0.0771000050008297,264,0.0,True,264,264,1.0,1,0.0,False,False
0,exact,0,edge,DE,649,1915,0.05,0.05520001286640763,145,0.0,True,145,145,1.0,1,0.0,False,False
0,exact,1,node,FR,1238,1616,0.1,0.04910002462565899,108,0.0,True,108,108,1.0,1,0.0,False,False
0,exact,1,edge,FR,1238,1616,0.1,0.052499992307275534,65,0.0,True,65,65,1.0,1,0.0,False,False
0,exact,2,node,DE,674,1595,0.2,0.040899962186813354,202,0.0,True,202,202,1.0,1,0.0,False,False
0,exact,2,edge,DE,674,1595,0.2,0.0467000063508749,104,0.0,True,104,104,1.0,1,0.0,False,False
0,exact,3,node,DE,168,1264,0.05,0.03530003596097231,211,0.0,True,211,211,1.0,1,0.0,False,False
0,exact,3,edge,DE,168,1264,0.05,0.045599997974932194,103,0.0,True,103,103,1.0,1,0.0,False,False
0,exact,4,node,DE,1536,1900,0.1,0.03389996709302068,72,0.0,True,72,72,1.0,1,0.0,False,False
0,exact,4,edge,DE,1536,1900,0.1,0.04429998807609081,33,0.0,True,33,33,1.0,1,0.0,False,False
0,exact,5,node,FR,354,1692,0.2,0.040300015825778246,400,0.0,True,400,400,1.0,1,0.0,False,False
0,exact,5,edge,FR,354,1692,0.2,0.04929996794089675,314,0.0,True,314,314,1.0,1,0.0,False,False
0,exact,6,node,FR,511,1544,0.05,0.03370002377778292,309,0.0,True,309,309,1.0,1,0.0,False,False
0,exact,6,edge,FR,511,1544,0.05,0.044199987314641476,233,0.0,True,233,233,1.0,1,0.0,False,False
0,exact,7,node,DE,47,1080,0.1,0.03899994771927595,204,0.0,True,204,204,1.0,1,0.0,False,False
0,exact,7,edge,DE,47,1080,0.1,0.046900007873773575,96,0.0,True,96,96,1.0,1,0.0,False,False
0,exact,8,node,FR,1105,1724,0.2,0.035999983083456755,184,0.0,True,184,184,1.0,1,0.0,False,False
0,exact,8,edge,FR,1105,1724,0.2,0.04480005009099841,120,0.0,True,120,120,1.0,1,0.0,False,False
0,exact,9,node,DE,241,1488,0.05,0.038300000596791506,257,0.0,True,257,257,1.0,1,0.0,False,False
0,exact,9,edge,DE,241,1488,0.05,0.046600005589425564,135,0.0,True,135,135,1.0,1,0.0,False,False
0,exact,10,node,FR,413,1185,0.1,0.03549997927621007,235,0.0,True,235,235,1.0,1,0.0,False,False
0,exact,10,edge,FR,413,1185,0.1,0.043700041715055704,180,0.0,True,180,180,1.0,1,0.0,False,False
0,exact,11,node,DE,216,1285,0.2,0.03579998156055808,214,0.0,True,214,214,1.0,1,0.0,False,False
0,exact,11,edge,DE,216,1285,0.2,0.045599997974932194,106,0.0,True,106,106,1.0,1,0.0,False,False
0,adaptive,0,node,DE,649,1915,0.05,0.05329999839887023,264,0.0,True,264.0,264,1.0,1,0.0,True,True
0,adaptive,0,edge,DE,649,1915,0.05,0.052099989261478186,145,0.0,True,145.0,145,1.0,1,0.0,True,True
0,adaptive,1,node,FR,1238,1616,0.1,0.05059997783973813,108,0.0,True,108.0,108,1.0,1,0.0,True,True
0,adaptive,1,edge,FR,1238,1616,0.1,0.0543000060133636,65,0.0,True,65.0,65,1.0,1,0.0,True,True
0,adaptive,2,node,DE,674,1595,0.2,0.05169998621568084,202,0.05610561056105615,True,190.66666666666666,143,0.75,1,0.16558338628692132,False,True
0,adaptive,2,edge,DE,674,1595,0.2,0.051099981646984816,104,0.0,True,104.0,104,1.0,1,0.0,True,True
0,adaptive,3,node,DE,168,1264,0.05,0.03880000440403819,211,0.0,True,211.0,211,1.0,1,0.0,True,True
0,adaptive,3,edge,DE,168,1264,0.05,0.055100012104958296,103,0.0,True,103.0,103,1.0,1,0.0,True,True
0,adaptive,4,node,DE,1536,1900,0.1,0.03860000288113952,72,0.0,True,72.0,72,1.0,1,0.0,True,True
0,adaptive,4,edge,DE,1536,1900,0.1,0.04710000939667225,33,0.0,True,33.0,33,1.0,1,0.0,True,True
0,adaptive,5,node,FR,354,1692,0.2,0.04680000711232424,400,0.036666666666666715,True,385.3333333333333,289,0.75,1,0.11647584164380503,False,True
0,adaptive,5,edge,FR,354,1692,0.2,0.05039997631683946,314,0.0,True,314.0,314,1.0,1,0.0,True,True
0,adaptive,6,node,FR,511,1544,0.05,0.03679998917505145,309,0.0,True,309.0,309,1.0,1,0.0,True,True
0,adaptive,6,edge,FR,511,1544,0.05,0.04729995271191001,233,0.0,True,233.0,233,1.0,1,0.0,True,True
0,adaptive,7,node,DE,47,1080,0.1,0.04269997589290142,204,0.0,True,204.0,204,1.0,1,0.0,True,True
0,adaptive,7,edge,DE,47,1080,0.1,0.048900023102760315,96,0.0,True,96.0,96,1.0,1,0.0,True,True
0,adaptive,8,node,FR,1105,1724,0.2,0.04160002572461963,184,0.05072463768115947,True,193.33333333333334,145,0.75,1,0.16443746673152632,False,True
0,adaptive,8,edge,FR,1105,1724,0.2,0.04730001091957092,120,0.0,True,120.0,120,1.0,1,0.0,True,True
0,adaptive,9,node,DE,241,1488,0.05,0.040300015825778246,257,0.0,True,257.0,257,1.0,1,0.0,True,True
0,adaptive,9,edge,DE,241,1488,0.05,0.04730001091957092,135,0.0,True,135.0,135,1.0,1,0.0,True,True
0,adaptive,10,node,FR,413,1185,0.1,0.039000005926936865,235,0.0,True,235.0,235,1.0,1,0.0,True,True
0,adaptive,10,edge,FR,413,1185,0.1,0.045900000259280205,180,0.0,True,180.0,180,1.0,1,0.0,True,True
0,adaptive,11,node,DE,216,1285,0.2,0.040899962186813354,214,0.034267912772585715,True,206.66666666666666,155,0.75,1,0.1590446005094344,False,True
0,adaptive,11,edge,DE,216,1285,0.2,0.047600013203918934,106,0.0,True,106.0,106,1.0,1,0.0,True,True
1,exact,0,node,FR,292,1497,0.05,0.055699958465993404,353,0.0,True,353,353,1.0,1,0.0,False,False
1,exact,0,edge,FR,292,1497,0.05,0.05110003985464573,268,0.0,True,268,268,1.0,1,0.0,False,False
1,exact,1,node,FR,987,1911,0.1,0.036699988413602114,270,0.0,True,270,270,1.0,1,0.0,False,False
1,exact,1,edge,FR,987,1911,0.1,0.047799956519156694,211,0.0,True,211,211,1.0,1,0.0,False,False
1,exact,2,node,FR,491,1977,0.2,0.03459997242316604,440,0.0,True,440,440,1.0,1,0.0,False,False
1,exact,2,edge,FR,491,1977,0.2,0.04199997056275606,355,0.0,True,355,355,1.0,1,0.0,False,False
1,exact,3,node,DE,860,1510,0.05,0.036299985367804766,144,0.0,True,144,144,1.0,1,0.0,False,False
1,exact,3,edge,DE,860,1510,0.05,0.04320003790780902,67,0.0,True,67,67,1.0,1,0.0,False,False
1,exact,4,node,DE,360,1717,0.1,0.04410004476085305,285,0.0,True,285,285,1.0,1,0.0,False,False
1,exact,4,edge,DE,360,1717,0.1,0.04279997665435076,152,0.0,True,152,152,1.0,1,0.0,False,False
1,exact,5,node,DE,1123,1992,0.2,0.031000003218650818,182,0.0,True,182,182,1.0,1,0.0,False,False
1,exact,5,edge,DE,1123,1992,0.2,0.041300023440271616,107,0.0,True,107,107,1.0,1,0.0,False,False
1,exact,6,node,DE,519,1489,0.05,0.03090000245720148,206,0.0,True,206,206,1.0,1,0.0,False,False
1,exact,6,edge,DE,519,1489,0.05,0.04069996066391468,102,0.0,True,102,102,1.0,1,0.0,False,False
1,exact,7,node,DE,1350,1851,0.1,0.031000003218650818,103,0.0,True,103,103,1.0,1,0.0,False,False
1,exact,7,edge,DE,1350,1851,0.1,0.04080001963302493,45,0.0,True,45,45,1.0,1,0.0,False,False
1,exact,8,node,DE,615,1844,0.2,0.031100003980100155,257,0.0,True,257,257,1.0,1,0.0,False,False
1,exact,8,edge,DE,615,1844,0.2,0.08550001075491309,143,0.0,True,143,143,1.0,1,0.0,False,False
1,exact,9,node,DE,852,1642,0.05,0.030800001695752144,176,0.0,True,176,176,1.0,1,0.0,False,False
1,exact,9,edge,DE,852,1642,0.05,0.04110002191737294,91,0.0,True,91,91,1.0,1,0.0,False,False
1,exact,10,node,FR,313,625,0.1,0.04010001430287957,84,0.0,True,84,84,1.0,1,0.0,False,False
1,exact,10,edge,FR,313,625,0.1,0.04710000939667225,46,0.0,True,46,46,1.0,1,0.0,False,False
1,exact,11,node,DE,819,1353,0.2,0.032999960239976645,115,0.0,True,115,115,1.0,1,0.0,False,False
1,exact,11,edge,DE,819,1353,0.2,0.041199964471161366,51,0.0,True,51,51,1.0,1,0.0,False,False
1,adaptive,0,node,FR,292,1497,0.05,0.05329999839887023,353,0.0,True,353.0,353,1.0,1,0.0,True,True
1,adaptive,0,edge,FR,292,1497,0.05,0.05219999002292752,268,0.0,True,268.0,268,1.0,1,0.0,True,True
1,adaptive,1,node,FR,987,1911,0.1,0.03890000516548753,270,0.0,True,270.0,270,1.0,1,0.0,True,True
1,adaptive,1,edge,FR,987,1911,0.1,0.046200002543628216,211,0.0,True,211.0,211,1.0,1,0.0,True,True
1,adaptive,2,node,FR,491,1977,0.2,0.04239997360855341,440,0.015151515151515195,True,433.3333333333333,325,0.75,1,0.10983559276603952,False,True
1,adaptive,2,edge,FR,491,1977,0.2,0.04539999645203352,355,0.0,True,355.0,355,1.0,1,0.0,True,True
1,adaptive,3,node,DE,860,1510,0.05,0.04080001963302493,144,0.0,True,144.0,144,1.0,1,0.0,True,True
1,adaptive,3,edge,DE,860,1510,0.05,0.058399979025125504,67,0.0,True,67.0,67,1.0,1,0.0,True,True
1,adaptive,4,node,DE,360,1717,0.1,0.03739999374374747,285,0.0,True,285.0,285,1.0,1,0.0,True,True
1,adaptive,4,edge,DE,360,1717,0.1,0.0461999443359673,152,0.0,True,152.0,152,1.0,1,0.0,True,True
1,adaptive,5,node,DE,1123,1992,0.2,0.03819999983534217,182,0.04761904761904757,True,190.66666666666666,143,0.75,1,0.16558338628692132,False,True
1,adaptive,5,edge,DE,1123,1992,0.2,0.0467000063508749,107,0.0,True,107.0,107,1.0,1,0.0,True,True
1,adaptive,6,node,DE,519,1489,0.05,0.034800032153725624,206,0.0,True,206.0,206,1.0,1,0.0,True,True
1,adaptive,6,edge,DE,519,1489,0.05,0.04349998198449612,102,0.0,True,102.0,102,1.0,1,0.0,True,True
1,adaptive,7,node,DE,1350,1851,0.1,0.035299977753311396,103,0.0,True,103.0,103,1.0,1,0.0,True,True
1,adaptive,7,edge,DE,1350,1851,0.1,0.04369998350739479,45,0.0,True,45.0,45,1.0,1,0.0,True,True
1,adaptive,8,node,DE,615,1844,0.2,0.03709999145939946,257,0.016861219195849472,True,261.3333333333333,196,0.75,1,0.14143495056747754,False,True
1,adaptive,8,edge,DE,615,1844,0.2,0.04610000178217888,143,0.0,True,143.0,143,1.0,1,0.0,True,True
1,adaptive,9,node,DE,852,1642,0.05,0.034699973184615374,176,0.0,True,176.0,176,1.0,1,0.0,True,True
1,adaptive,9,edge,DE,852,1642,0.05,0.04369998350739479,91,0.0,True,91.0,91,1.0,1,0.0,True,True
1,adaptive,10,node,FR,313,625,0.1,0.04299997817724943,84,0.0,True,84.0,84,1.0,1,0.0,True,True
1,adaptive,10,edge,FR,313,625,0.1,0.04829996032640338,46,0.0,True,46.0,46,1.0,1,0.0,True,True
1,adaptive,11,node,DE,819,1353,0.2,0.0743999844416976,115,0.0,True,115.0,115,1.0,2,0.0,True,True
1,adaptive,11,edge,DE,819,1353,0.2,0.0475000124424696,51,0.0,True,51.0,51,1.0,1,0.0,True,True
2,exact,0,node,FR,528,1630,0.05,0.043599982745945454,331,0.0,True,331,331,1.0,1,0.0,False,False
2,exact,0,edge,FR,528,1630,0.05,0.042899977415800095,252,0.0,True,252,252,1.0,1,0.0,False,False
2,exact,1,node,DE,177,1481,0.1,0.03549997927621007,264,0.0,True,264,264,1.0,1,0.0,False,False
2,exact,1,edge,DE,177,1481,0.1,0.042300031054764986,141,0.0,True,141,141,1.0,1,0.0,False,False
2,exact,2,node,DE,843,1281,0.2,0.03190001007169485,92,0.0,True,92,92,1.0,1,0.0,False,False
2,exact,2,edge,DE,843,1281,0.2,0.04199997056275606,33,0.0,True,33,33,1.0,1,0.0,False,False
2,exact,3,node,DE,690,1495,0.05,0.031100003980100155,171,0.0,True,171,171,1.0,1,0.0,False,False
2,exact,3,edge,DE,690,1495,0.05,0.040700018871575594,80,0.0,True,80,80,1.0,1,0.0,False,False
2,exact,4,node,DE,531,1553,0.1,0.03029999788850546,220,0.0,True,220,220,1.0,1,0.0,False,False
2,exact,4,edge,DE,531,1553,0.1,0.04010001430287957,111,0.0,True,111,111,1.0,1,0.0,False,False
2,exact,5,node,DE,31,1346,0.2,0.03060000017285347,268,0.0,True,268,268,1.0,1,0.0,False,False
2,exact,5,edge,DE,31,1346,0.2,0.04050001734867692,139,0.0,True,139,139,1.0,1,0.0,False,False
2,exact,6,node,FR,384,1210,0.05,0.03609998384490609,250,0.0,True,250,250,1.0,1,0.0,False,False
2,exact,6,edge,FR,384,1210,0.05,0.042000028770416975,197,0.0,True,197,197,1.0,1,0.0,False,False
2,exact,7,node,FR,433,903,0.1,0.030700000934302807,142,0.0,True,142,142,1.0,1,0.0,False,False
2,exact,7,edge,FR,433,903,0.1,0.03980001201853156,75,0.0,True,75,75,1.0,1,0.0,False,False
2,exact,8,node,DE,209,1616,0.2,0.034999975468963385,292,0.0,True,292,292,1.0,1,0.0,False,False
2,exact,8,edge,DE,209,1616,0.2,0.042599975131452084,165,0.0,True,165,165,1.0,1,0.0,False,False
2,exact,9,node,FR,84,1199,0.05,0.03789999755099416,341,0.0,True,341,341,1.0,1,0.0,False,False
2,exact,9,edge,FR,84,1199,0.05,0.043599982745945454,257,0.0,True,257,257,1.0,1,0.0,False,False
2,exact,10,node,FR,437,1260,0.1,0.0315000070258975,250,0.0,True,250,250,1.0,1,0.0,False,False
2,exact,10,edge,FR,437,1260,0.1,0.04099996294826269,177,0.0,True,177,177,1.0,1,0.0,False,False
2,exact,11,node,DE,64,557,0.2,0.03409996861591935,93,0.0,True,93,93,1.0,1,0.0,False,False
2,exact,11,edge,DE,64,557,0.2,0.04280003486201167,39,0.0,True,39,39,1.0,1,0.0,False,False
2,adaptive,0,node,FR,528,1630,0.05,0.04539999645203352,331,0.0,True,331.0,331,1.0,1,0.0,True,True
2,adaptive,0,edge,FR,528,1630,0.05,0.047200010158121586,252,0.0,True,252.0,252,1.0,1,0.0,True,True
2,adaptive,1,node,DE,177,1481,0.1,0.03819999983534217,264,0.0,True,264.0,264,1.0,1,0.0,True,True
2,adaptive,1,edge,DE,177,1481,0.1,0.04499999340623617,141,0.0,True,141.0,141,1.0,1,0.0,True,True
2,adaptive,2,node,DE,843,1281,0.2,0.07829995593056083,92,0.0,True,92.0,92,1.0,2,0.0,True,True
2,adaptive,2,edge,DE,843,1281,0.2,0.045199994929134846,33,0.0,True,33.0,33,1.0,1,0.0,True,True
2,adaptive,3,node,DE,690,1495,0.05,0.03349996404722333,171,0.0,True,171.0,171,1.0,1,0.0,True,True
2,adaptive,3,edge,DE,690,1495,0.05,0.042600033339113,80,0.0,True,80.0,80,1.0,1,0.0,True,True
2,adaptive,4,node,DE,531,1553,0.1,0.033100019209086895,220,0.0,True,220.0,220,1.0,1,0.0,True,True
2,adaptive,4,edge,DE,531,1553,0.1,0.04250003257766366,111,0.0,True,111.0,111,1.0,1,0.0,True,True
2,adaptive,5,node,DE,31,1346,0.2,0.03590004052966833,268,0.03980099502487569,True,278.6666666666667,209,0.75,1,0.1369656414051905,False,True
2,adaptive,5,edge,DE,31,1346,0.2,0.04320003790780902,139,0.0,True,139.0,139,1.0,1,0.0,True,True
2,adaptive,6,node,FR,384,1210,0.05,0.04429998807609081,250,0.0,True,250.0,250,1.0,1,0.0,True,True
2,adaptive,6,edge,FR,384,1210,0.05,0.04840001929551363,197,0.0,True,197.0,197,1.0,1,0.0,True,True
2,adaptive,7,node,FR,433,903,0.1,0.03689998993650079,142,0.0,True,142.0,142,1.0,1,0.0,True,True
2,adaptive,7,edge,FR,433,903,0.1,0.045900000259280205,75,0.0,True,75.0,75,1.0,1,0.0,True,True
2,adaptive,8,node,DE,209,1616,0.2,0.041700026486068964,292,0.05022831050228317,True,306.6666666666667,230,0.75,1,0.1305632225238503,False,True
2,adaptive,8,edge,DE,209,1616,0.2,0.04549999721348286,165,0.0,True,165.0,165,1.0,1,0.0,True,True
2,adaptive,9,node,FR,84,1199,0.05,0.0371999922208488,341,0.0,True,341.0,341,1.0,1,0.0,True,True
2,adaptive,9,edge,FR,84,1199,0.05,0.046200002543628216,257,0.0,True,257.0,257,1.0,1,0.0,True,True
2,adaptive,10,node,FR,437,1260,0.1,0.033699965570122004,250,0.0,True,250.0,250,1.0,1,0.0,True,True
2,adaptive,10,edge,FR,437,1260,0.1,0.04290003562346101,177,0.0,True,177.0,177,1.0,1,0.0,True,True
2,adaptive,11,node,DE,64,557,0.2,0.0743999844416976,93,0.0,True,93.0,93,1.0,2,0.0,True,True
2,adaptive,11,edge,DE,64,557,0.2,0.04420004552230239,39,0.0,True,39.0,39,1.0,1,0.0,True,True
