epoch,tier,mode,components,failures,calls,online_ms,harness_wall_ms
0,quality,exact,120,0,120,2606.478499918012,2934.01610001456
0,quality,history_incremental,120,0,121,1954.5753999846056,2439.7360000002664
0,quality,progressive,120,0,596,5863.34809998516,6930.753499997081
0,balanced,progressive,120,28,356,4176.485399948433,5171.746299980441
0,balanced,history_incremental,120,0,121,2044.6781000355259,2745.027900004061
0,balanced,exact,120,0,120,3502.511999948183,3929.7737999877427
0,performance,progressive,120,0,268,3390.801599860424,4369.312499999069
0,performance,history_incremental,120,0,120,1122.312400053488,1783.0644999921788
0,performance,exact,120,0,120,3253.4151998115703,3619.1316999902483
1,quality,progressive,120,0,596,8327.183199871797,9761.394400004065
1,quality,exact,120,0,120,3590.892900247127,3915.9095999784768
1,quality,history_incremental,120,0,121,2204.333200119436,2719.799199985573
1,balanced,exact,120,0,120,3501.027900027111,3897.5056000053883
1,balanced,progressive,120,0,356,4628.808000183199,5671.397500002058
1,balanced,history_incremental,120,0,121,1771.7064998869319,2381.2919999763835
1,performance,history_incremental,120,0,120,1149.3830998952035,1791.8728000076953
1,performance,exact,120,0,120,3306.397400214337,3698.3951999864075
1,performance,progressive,120,0,268,3408.868199941935,4504.825899988646
2,quality,progressive,120,0,596,7857.153400022071,9322.21149999532
2,quality,history_incremental,120,0,121,2250.001299951691,2800.9128000121564
2,quality,exact,120,0,120,2931.2475999759044,3279.1629999992438
2,balanced,progressive,120,28,356,4594.218799989903,5669.934000005014
2,balanced,history_incremental,120,0,121,1498.2636999629904,2067.980499996338
2,balanced,exact,120,0,120,3040.597999934107,3413.78750000149
2,performance,history_incremental,120,0,120,901.10540020396,1495.4704999981914
2,performance,exact,120,0,120,2672.250099829398,2989.676600001985
2,performance,progressive,120,0,268,2478.406800015364,3246.9702000089455
