seed,parameter,mode,fidelity,online_ms,meets_quality,recall,max_count_error,mean_count_error,missing,false_forums,mean_rank_displacement
43000,0,fixed_75,0.75,77.14150001993403,False,0.95,1.0,0.24587301587301585,1,1,2.6315789473684212
43000,1,fixed_75,0.75,164.0182000119239,False,0.95,1.0,0.12097664167542348,1,1,1.263157894736842
43000,2,fixed_75,0.75,10.82030002726242,True,1.0,0.0,0.0,0,0,0.0
43000,3,fixed_75,0.75,111.04469996644184,False,0.95,1.0,0.11094565680566353,1,1,0.5789473684210527
43000,4,fixed_75,0.75,139.0314000309445,False,0.9,1.0,0.1600207210116688,2,2,0.6666666666666666
43000,5,fixed_75,0.75,89.84430000418797,False,0.95,1.0,0.13940289077176515,1,1,0.9473684210526315
43000,6,fixed_75,0.75,141.98590000160038,False,0.9,1.0,0.17234978889178149,2,2,0.7777777777777778
43000,7,fixed_75,0.75,62.756899977102876,False,0.8,1.0,0.32629629629629625,4,4,1.4375
43000,8,fixed_75,0.75,112.35509999096394,False,0.8,1.0,0.25674186308671043,4,4,1.125
43000,9,fixed_75,0.75,120.62100000912324,False,0.95,1.0,0.13164313826265633,1,1,1.5263157894736843
43000,0,exact,1.0,152.08909998182207,True,1.0,0.0,0.0,0,0,0.0
43000,1,exact,1.0,230.05260003264993,True,1.0,0.0,0.0,0,0,0.0
43000,2,exact,1.0,2.917799982242286,True,1.0,0.0,0.0,0,0,0.0
43000,3,exact,1.0,135.2877999888733,True,1.0,0.0,0.0,0,0,0.0
43000,4,exact,1.0,150.349700008519,True,1.0,0.0,0.0,0,0,0.0
43000,5,exact,1.0,118.79450001288205,True,1.0,0.0,0.0,0,0,0.0
43000,6,exact,1.0,163.40999997919425,True,1.0,0.0,0.0,0,0,0.0
43000,7,exact,1.0,100.74439999880269,True,1.0,0.0,0.0,0,0,0.0
43000,8,exact,1.0,126.4085000148043,True,1.0,0.0,0.0,0,0,0.0
43000,9,exact,1.0,155.46169999288395,True,1.0,0.0,0.0,0,0,0.0
43000,0,fixed_90,0.9,115.31550000654534,False,1.0,0.33333333333333337,0.13386243386243385,0,0,2.0
43000,1,fixed_90,0.9,157.37869997974485,False,0.95,1.0,0.08264442154257404,1,1,0.3157894736842105
43000,2,fixed_90,0.9,6.346299953293055,True,1.0,0.0,0.0,0,0,0.0
43000,3,fixed_90,0.9,185.9863999998197,True,1.0,0.06666666666666671,0.034412902116041554,0,0,0.5
43000,4,fixed_90,0.9,148.00059999106452,True,1.0,0.15708812260536403,0.037653120376754015,0,0,0.8
43000,5,fixed_90,0.9,106.78390000248328,True,1.0,0.1666666666666666,0.059014396447150654,0,0,0.7
43000,6,fixed_90,0.9,133.9023999753408,True,1.0,0.178743961352657,0.044115059161342965,0,0,0.7
43000,7,fixed_90,0.9,69.16839996119961,False,0.85,1.0,0.251984126984127,3,3,1.0
43000,8,fixed_90,0.9,143.7212000018917,False,0.9,1.0,0.15300305543621118,2,2,0.8888888888888888
43000,9,fixed_90,0.9,109.33000000659376,False,0.95,1.0,0.09152261279478449,1,1,0.8421052631578947
43000,0,adaptive,1.0,56.43749999580905,True,1.0,0.0,0.0,0,0,0.0
43000,1,adaptive,1.0,117.05479997908697,True,1.0,0.0,0.0,0,0,0.0
43000,2,adaptive,1.0,3.322599979583174,True,1.0,0.0,0.0,0,0,0.0
43000,3,adaptive,1.0,120.4192999866791,True,1.0,0.0,0.0,0,0,0.0
43000,4,adaptive,1.0,129.1641999850981,True,1.0,0.0,0.0,0,0,0.0
43000,5,adaptive,1.0,92.87149994634092,True,1.0,0.0,0.0,0,0,0.0
43000,6,adaptive,1.0,131.87179999658838,True,1.0,0.0,0.0,0,0,0.0
43000,7,adaptive,1.0,65.72269997559488,True,1.0,0.0,0.0,0,0,0.0
43000,8,adaptive,1.0,100.59610003372654,True,1.0,0.0,0.0,0,0,0.0
43000,9,adaptive,1.0,115.6244000303559,True,1.0,0.0,0.0,0,0,0.0
43000,0,reference_augmented,1.0,131.56339997658506,True,1.0,0.0,0.0,0,0,0.0
43000,1,reference_augmented,1.0,199.61519999196753,True,1.0,0.0,0.0,0,0,0.0
43000,2,reference_augmented,1.0,3.001399978529662,True,1.0,0.0,0.0,0,0,0.0
43000,3,reference_augmented,1.0,146.1958999861963,True,1.0,0.0,0.0,0,0,0.0
43000,4,reference_augmented,1.0,132.0475999964401,True,1.0,0.0,0.0,0,0,0.0
43000,5,reference_augmented,1.0,90.28569998918101,True,1.0,0.0,0.0,0,0,0.0
43000,6,reference_augmented,1.0,175.63429998699576,True,1.0,0.0,0.0,0,0,0.0
43000,7,reference_augmented,1.0,75.7173000019975,True,1.0,0.0,0.0,0,0,0.0
43000,8,reference_augmented,1.0,175.2204999793321,True,1.0,0.0,0.0,0,0,0.0
43000,9,reference_augmented,1.0,179.8059999709949,True,1.0,0.0,0.0,0,0,0.0
43000,0,reference_pristine,1.0,193.04560002638027,True,1.0,0.0,0.0,0,0,0.0
43000,1,reference_pristine,1.0,206.84759999858215,True,1.0,0.0,0.0,0,0,0.0
43000,2,reference_pristine,1.0,4.241500049829483,True,1.0,0.0,0.0,0,0,0.0
43000,3,reference_pristine,1.0,185.4293000069447,True,1.0,0.0,0.0,0,0,0.0
43000,4,reference_pristine,1.0,118.6833000392653,True,1.0,0.0,0.0,0,0,0.0
43000,5,reference_pristine,1.0,70.54749998496845,True,1.0,0.0,0.0,0,0,0.0
43000,6,reference_pristine,1.0,182.3209000285715,True,1.0,0.0,0.0,0,0,0.0
43000,7,reference_pristine,1.0,92.82429999439046,True,1.0,0.0,0.0,0,0,0.0
43000,8,reference_pristine,1.0,97.25150000303984,True,1.0,0.0,0.0,0,0,0.0
43000,9,reference_pristine,1.0,127.45919998269528,True,1.0,0.0,0.0,0,0,0.0
43001,0,exact,1.0,167.2954999958165,True,1.0,0.0,0.0,0,0,0.0
43001,1,exact,1.0,182.84760002279654,True,1.0,0.0,0.0,0,0,0.0
43001,2,exact,1.0,3.0406999867409468,True,1.0,0.0,0.0,0,0,0.0
43001,3,exact,1.0,177.62069997843355,True,1.0,0.0,0.0,0,0,0.0
43001,4,exact,1.0,151.21119999093935,True,1.0,0.0,0.0,0,0,0.0
43001,5,exact,1.0,94.1410000086762,True,1.0,0.0,0.0,0,0,0.0
43001,6,exact,1.0,145.07089997641742,True,1.0,0.0,0.0,0,0,0.0
43001,7,exact,1.0,89.5435000420548,True,1.0,0.0,0.0,0,0,0.0
43001,8,exact,1.0,177.31129995081574,True,1.0,0.0,0.0,0,0,0.0
43001,9,exact,1.0,143.43870000448078,True,1.0,0.0,0.0,0,0,0.0
43001,0,fixed_75,0.75,61.2603000481613,False,0.8,1.0,0.3376984126984127,4,4,2.5625
43001,1,fixed_75,0.75,115.25849997997284,False,0.95,1.0,0.11811695753141438,1,1,1.0
43001,2,fixed_75,0.75,4.099800018593669,True,1.0,0.0,0.0,0,0,0.0
43001,3,fixed_75,0.75,117.5535999936983,True,1.0,0.2,0.07201750360207954,0,0,1.1
43001,4,fixed_75,0.75,177.49580001691356,False,0.95,1.0,0.10973489185007315,1,1,1.1578947368421053
43001,5,fixed_75,0.75,142.26100000087172,False,1.0,0.2727272727272727,0.11141808297259984,0,0,1.4
43001,6,fixed_75,0.75,183.52630001027137,False,0.9,1.0,0.1555047737237104,2,2,0.8888888888888888
43001,7,fixed_75,0.75,99.19719997560605,False,0.85,1.0,0.2689417989417989,3,3,2.0588235294117645
43001,8,fixed_75,0.75,114.39409997547045,False,0.95,1.0,0.12035617233416615,1,1,0.9473684210526315
43001,9,fixed_75,0.75,137.58150005014613,False,0.9,1.0,0.15328838589924185,2,2,1.4444444444444444
43001,0,reference_pristine,1.0,155.57559998705983,True,1.0,0.0,0.0,0,0,0.0
43001,1,reference_pristine,1.0,167.46549995150417,True,1.0,0.0,0.0,0,0,0.0
43001,2,reference_pristine,1.0,3.0801999964751303,True,1.0,0.0,0.0,0,0,0.0
43001,3,reference_pristine,1.0,183.7093000067398,True,1.0,0.0,0.0,0,0,0.0
43001,4,reference_pristine,1.0,107.81819996191189,True,1.0,0.0,0.0,0,0,0.0
43001,5,reference_pristine,1.0,114.89079997409135,True,1.0,0.0,0.0,0,0,0.0
43001,6,reference_pristine,1.0,143.83660000748932,True,1.0,0.0,0.0,0,0,0.0
43001,7,reference_pristine,1.0,58.20369999855757,True,1.0,0.0,0.0,0,0,0.0
43001,8,reference_pristine,1.0,85.74720000615343,True,1.0,0.0,0.0,0,0,0.0
43001,9,reference_pristine,1.0,104.18080003000796,True,1.0,0.0,0.0,0,0,0.0
43001,0,reference_augmented,1.0,147.1719999681227,True,1.0,0.0,0.0,0,0,0.0
43001,1,reference_augmented,1.0,174.52780000166968,True,1.0,0.0,0.0,0,0,0.0
43001,2,reference_augmented,1.0,3.4139000345021486,True,1.0,0.0,0.0,0,0,0.0
43001,3,reference_augmented,1.0,133.1777999876067,True,1.0,0.0,0.0,0,0,0.0
43001,4,reference_augmented,1.0,158.46539998892695,True,1.0,0.0,0.0,0,0,0.0
43001,5,reference_augmented,1.0,185.2526000002399,True,1.0,0.0,0.0,0,0,0.0
43001,6,reference_augmented,1.0,180.7570000528358,True,1.0,0.0,0.0,0,0,0.0
43001,7,reference_augmented,1.0,92.55430003395304,True,1.0,0.0,0.0,0,0,0.0
43001,8,reference_augmented,1.0,155.77750001102686,True,1.0,0.0,0.0,0,0,0.0
43001,9,reference_augmented,1.0,158.40580000076443,True,1.0,0.0,0.0,0,0,0.0
43001,0,adaptive,1.0,64.90310002118349,True,1.0,0.0,0.0,0,0,0.0
43001,1,adaptive,1.0,140.87210001889616,True,1.0,0.0,0.0,0,0,0.0
43001,2,adaptive,1.0,2.90389999281615,True,1.0,0.0,0.0,0,0,0.0
43001,3,adaptive,1.0,129.22309996793047,True,1.0,0.0,0.0,0,0,0.0
43001,4,adaptive,1.0,153.3571999752894,True,1.0,0.0,0.0,0,0,0.0
43001,5,adaptive,1.0,179.95710001559928,True,1.0,0.0,0.0,0,0,0.0
43001,6,adaptive,1.0,159.515300008934,True,1.0,0.0,0.0,0,0,0.0
43001,7,adaptive,1.0,58.48820001119748,True,1.0,0.0,0.0,0,0,0.0
43001,8,adaptive,1.0,106.29989998415112,True,1.0,0.0,0.0,0,0,0.0
43001,9,adaptive,1.0,119.09430002560839,True,1.0,0.0,0.0,0,0,0.0
43001,0,fixed_90,0.9,68.48030001856387,False,0.85,1.0,0.23525132275132274,3,3,1.3529411764705883
43001,1,fixed_90,0.9,116.51740001980215,True,1.0,0.11111111111111113,0.05282530009503693,0,0,1.0
43001,2,fixed_90,0.9,2.940800040960312,True,1.0,0.0,0.0,0,0,0.0
43001,3,fixed_90,0.9,110.04980001598597,True,1.0,0.11111111111111113,0.04384730092668566,0,0,0.7
43001,4,fixed_90,0.9,124.25980000989512,False,0.95,1.0,0.09289285377190801,1,1,0.631578947368421
43001,5,fixed_90,0.9,94.80140003142878,True,1.0,0.11111111111111113,0.05685003872368523,0,0,0.5
43001,6,fixed_90,0.9,166.6193000273779,True,1.0,0.13043478260869565,0.05088547100808031,0,0,1.2
43001,7,fixed_90,0.9,61.9157999753952,False,0.85,1.0,0.23549382716049383,3,3,1.3529411764705883
43001,8,fixed_90,0.9,107.91980003705248,False,0.95,1.0,0.09146648990724879,1,1,0.7894736842105263
43001,9,fixed_90,0.9,117.89240001235157,False,0.95,1.0,0.09033862876181084,1,1,1.0526315789473684
43002,0,reference_pristine,1.0,43.75939996680245,True,1.0,0.0,0.0,0,0,0.0
43002,1,reference_pristine,1.0,93.7745000119321,True,1.0,0.0,0.0,0,0,0.0
43002,2,reference_pristine,1.0,2.399000048171729,True,1.0,0.0,0.0,0,0,0.0
43002,3,reference_pristine,1.0,93.6698000296019,True,1.0,0.0,0.0,0,0,0.0
43002,4,reference_pristine,1.0,108.03760000271723,True,1.0,0.0,0.0,0,0,0.0
43002,5,reference_pristine,1.0,68.12780001200736,True,1.0,0.0,0.0,0,0,0.0
43002,6,reference_pristine,1.0,89.50369997182861,True,1.0,0.0,0.0,0,0,0.0
43002,7,reference_pristine,1.0,48.314400017261505,True,1.0,0.0,0.0,0,0,0.0
43002,8,reference_pristine,1.0,109.62930001551285,True,1.0,0.0,0.0,0,0,0.0
43002,9,reference_pristine,1.0,133.46779998391867,True,1.0,0.0,0.0,0,0,0.0
43002,0,fixed_75,0.75,85.45740001136437,False,0.85,1.0,0.3569047619047619,3,3,3.6470588235294117
43002,1,fixed_75,0.75,114.18730003060773,False,0.95,1.0,0.13754744231638832,1,1,1.5789473684210527
43002,2,fixed_75,0.75,3.188300004694611,True,1.0,0.0,0.0,0,0,0.0
43002,3,fixed_75,0.75,104.39049999695271,False,0.95,1.0,0.13017047569262707,1,1,1.368421052631579
43002,4,fixed_75,0.75,115.27379998005927,False,0.95,1.0,0.10959054972177573,1,1,1.0
43002,5,fixed_75,0.75,87.23689999897033,False,1.0,0.27536231884057966,0.0840301287014695,0,0,1.0
43002,6,fixed_75,0.75,163.81749999709427,False,0.95,1.0,0.1268580318020493,1,1,1.368421052631579
43002,7,fixed_75,0.75,84.13630002178252,False,0.85,1.0,0.3013756613756614,3,3,2.1176470588235294
43002,8,fixed_75,0.75,136.7047000094317,False,1.0,0.238095238095238,0.10148032935059366,0,0,1.4
43002,9,fixed_75,0.75,229.13309995783493,False,0.85,1.0,0.19802820429402063,3,3,1.2941176470588236
43002,0,exact,1.0,79.87379998667166,True,1.0,0.0,0.0,0,0,0.0
43002,1,exact,1.0,162.1690000174567,True,1.0,0.0,0.0,0,0,0.0
43002,2,exact,1.0,2.383399987593293,True,1.0,0.0,0.0,0,0,0.0
43002,3,exact,1.0,196.0442999843508,True,1.0,0.0,0.0,0,0,0.0
43002,4,exact,1.0,134.01239999802783,True,1.0,0.0,0.0,0,0,0.0
43002,5,exact,1.0,102.20309998840094,True,1.0,0.0,0.0,0,0,0.0
43002,6,exact,1.0,180.26469997130334,True,1.0,0.0,0.0,0,0,0.0
43002,7,exact,1.0,109.55009999452159,True,1.0,0.0,0.0,0,0,0.0
43002,8,exact,1.0,155.18499998142943,True,1.0,0.0,0.0,0,0,0.0
43002,9,exact,1.0,226.40080004930496,True,1.0,0.0,0.0,0,0,0.0
43002,0,fixed_90,0.9,113.34889999125153,False,0.95,1.0,0.17976190476190476,1,1,2.0
43002,1,fixed_90,0.9,152.4319999734871,True,1.0,0.18518518518518523,0.05799979134700609,0,0,0.8
43002,2,fixed_90,0.9,1.9838999724015594,True,1.0,0.0,0.0,0,0,0.0
43002,3,fixed_90,0.9,133.99900001240894,True,1.0,0.11111111111111108,0.04267937571922667,0,0,0.7
43002,4,fixed_90,0.9,141.27940003527328,False,0.95,1.0,0.09470769240982627,1,1,1.0
43002,5,fixed_90,0.9,130.79269998706877,False,0.9,1.0,0.1571339603255018,2,2,0.5
43002,6,fixed_90,0.9,167.3748000175692,True,1.0,0.11877394636015333,0.0484784805743765,0,0,0.7
43002,7,fixed_90,0.9,90.73480003280565,False,0.9,1.0,0.1915784832451499,2,2,1.6666666666666667
43002,8,fixed_90,0.9,129.93689998984337,False,0.95,1.0,0.09451052339279528,1,1,0.5263157894736842
43002,9,fixed_90,0.9,204.1056000161916,False,0.9,1.0,0.14190743121760224,2,2,0.6111111111111112
43002,0,reference_augmented,1.0,69.39570000395179,True,1.0,0.0,0.0,0,0,0.0
43002,1,reference_augmented,1.0,129.51820000307634,True,1.0,0.0,0.0,0,0,0.0
43002,2,reference_augmented,1.0,1.9487999961711466,True,1.0,0.0,0.0,0,0,0.0
43002,3,reference_augmented,1.0,115.62350002350286,True,1.0,0.0,0.0,0,0,0.0
43002,4,reference_augmented,1.0,153.340200020466,True,1.0,0.0,0.0,0,0,0.0
43002,5,reference_augmented,1.0,119.22180000692606,True,1.0,0.0,0.0,0,0,0.0
43002,6,reference_augmented,1.0,134.26819996675476,True,1.0,0.0,0.0,0,0,0.0
43002,7,reference_augmented,1.0,91.49890003027394,True,1.0,0.0,0.0,0,0,0.0
43002,8,reference_augmented,1.0,174.5676000136882,True,1.0,0.0,0.0,0,0,0.0
43002,9,reference_augmented,1.0,138.89160001417622,True,1.0,0.0,0.0,0,0,0.0
43002,0,adaptive,1.0,72.55240000085905,True,1.0,0.0,0.0,0,0,0.0
43002,1,adaptive,1.0,152.62730000540614,True,1.0,0.0,0.0,0,0,0.0
43002,2,adaptive,1.0,4.300500033423305,True,1.0,0.0,0.0,0,0,0.0
43002,3,adaptive,1.0,143.08539999183267,True,1.0,0.0,0.0,0,0,0.0
43002,4,adaptive,1.0,185.88740000268444,True,1.0,0.0,0.0,0,0,0.0
43002,5,adaptive,1.0,138.46600003307685,True,1.0,0.0,0.0,0,0,0.0
43002,6,adaptive,1.0,129.3576000025496,True,1.0,0.0,0.0,0,0,0.0
43002,7,adaptive,1.0,75.16140001825988,True,1.0,0.0,0.0,0,0,0.0
43002,8,adaptive,1.0,140.1897000032477,True,1.0,0.0,0.0,0,0,0.0
43002,9,adaptive,1.0,144.10189999034628,True,1.0,0.0,0.0,0,0,0.0
43003,0,exact,1.0,93.8997000339441,True,1.0,0.0,0.0,0,0,0.0
43003,1,exact,1.0,197.13889999547973,True,1.0,0.0,0.0,0,0,0.0
43003,2,exact,1.0,4.065799992531538,True,1.0,0.0,0.0,0,0,0.0
43003,3,exact,1.0,177.87940002745017,True,1.0,0.0,0.0,0,0,0.0
43003,4,exact,1.0,171.45279998658225,True,1.0,0.0,0.0,0,0,0.0
43003,5,exact,1.0,120.2845000079833,True,1.0,0.0,0.0,0,0,0.0
43003,6,exact,1.0,154.56679998897016,True,1.0,0.0,0.0,0,0,0.0
43003,7,exact,1.0,96.71379998326302,True,1.0,0.0,0.0,0,0,0.0
43003,8,exact,1.0,204.10849998006597,True,1.0,0.0,0.0,0,0,0.0
43003,9,exact,1.0,163.19210000801831,True,1.0,0.0,0.0,0,0,0.0
43003,0,adaptive,1.0,52.57220001658425,True,1.0,0.0,0.0,0,0,0.0
43003,1,adaptive,1.0,96.73600003588945,True,1.0,0.0,0.0,0,0,0.0
43003,2,adaptive,1.0,2.9049000004306436,True,1.0,0.0,0.0,0,0,0.0
43003,3,adaptive,1.0,135.42140001663938,True,1.0,0.0,0.0,0,0,0.0
43003,4,adaptive,1.0,143.2003999943845,True,1.0,0.0,0.0,0,0,0.0
43003,5,adaptive,1.0,150.82590002566576,True,1.0,0.0,0.0,0,0,0.0
43003,6,adaptive,1.0,127.13219999568537,True,1.0,0.0,0.0,0,0,0.0
43003,7,adaptive,1.0,71.08160003554076,True,1.0,0.0,0.0,0,0,0.0
43003,8,adaptive,1.0,131.613900011871,True,1.0,0.0,0.0,0,0,0.0
43003,9,adaptive,1.0,124.79880003957078,True,1.0,0.0,0.0,0,0,0.0
43003,0,reference_augmented,1.0,55.236400046851486,True,1.0,0.0,0.0,0,0,0.0
43003,1,reference_augmented,1.0,127.02000001445413,True,1.0,0.0,0.0,0,0,0.0
43003,2,reference_augmented,1.0,2.558999985922128,True,1.0,0.0,0.0,0,0,0.0
43003,3,reference_augmented,1.0,124.05439995927736,True,1.0,0.0,0.0,0,0,0.0
43003,4,reference_augmented,1.0,150.74459998868406,True,1.0,0.0,0.0,0,0,0.0
43003,5,reference_augmented,1.0,90.90890001971275,True,1.0,0.0,0.0,0,0,0.0
43003,6,reference_augmented,1.0,163.22930000023916,True,1.0,0.0,0.0,0,0,0.0
43003,7,reference_augmented,1.0,118.0813999962993,True,1.0,0.0,0.0,0,0,0.0
43003,8,reference_augmented,1.0,173.36720001185313,True,1.0,0.0,0.0,0,0,0.0
43003,9,reference_augmented,1.0,148.44459999585524,True,1.0,0.0,0.0,0,0,0.0
43003,0,reference_pristine,1.0,75.76209999388084,True,1.0,0.0,0.0,0,0,0.0
43003,1,reference_pristine,1.0,88.64319999702275,True,1.0,0.0,0.0,0,0,0.0
43003,2,reference_pristine,1.0,4.038100014440715,True,1.0,0.0,0.0,0,0,0.0
43003,3,reference_pristine,1.0,131.166499981191,True,1.0,0.0,0.0,0,0,0.0
43003,4,reference_pristine,1.0,168.06769999675453,True,1.0,0.0,0.0,0,0,0.0
43003,5,reference_pristine,1.0,120.19729998428375,True,1.0,0.0,0.0,0,0,0.0
43003,6,reference_pristine,1.0,100.05220002494752,True,1.0,0.0,0.0,0,0,0.0
43003,7,reference_pristine,1.0,70.51980000687763,True,1.0,0.0,0.0,0,0,0.0
43003,8,reference_pristine,1.0,140.38580004125834,True,1.0,0.0,0.0,0,0,0.0
43003,9,reference_pristine,1.0,175.52429996430874,True,1.0,0.0,0.0,0,0,0.0
43003,0,fixed_90,0.9,84.96950002154335,False,0.95,1.0,0.17791005291005293,1,1,1.1578947368421053
43003,1,fixed_90,0.9,155.3134000278078,False,0.95,1.0,0.1074869144544011,1,1,0.8947368421052632
43003,2,fixed_90,0.9,4.180499992799014,True,1.0,0.0,0.0,0,0,0.0
43003,3,fixed_90,0.9,216.71800001058728,True,1.0,0.15555555555555556,0.06118636286553848,0,0,1.2
43003,4,fixed_90,0.9,180.15599995851517,False,0.95,1.0,0.09625827683052698,1,1,1.0
43003,5,fixed_90,0.9,166.3655000156723,False,0.9,1.0,0.136229508609985,2,2,0.6666666666666666
43003,6,fixed_90,0.9,165.2654000208713,True,1.0,0.1414141414141414,0.043056204385463606,0,0,0.7
43003,7,fixed_90,0.9,64.46030002553016,False,0.9,1.0,0.16869488536155203,2,2,0.5
43003,8,fixed_90,0.9,111.3228999893181,False,0.95,1.0,0.0998938696510838,1,1,0.8947368421052632
43003,9,fixed_90,0.9,213.80369999678805,True,1.0,0.1259259259259259,0.040685320836796046,0,0,0.8
43003,0,fixed_75,0.75,64.00579999899492,False,0.8,1.0,0.32492063492063494,4,4,2.3125
43003,1,fixed_75,0.75,103.86789997573942,False,0.95,1.0,0.146083867345309,1,1,1.631578947368421
43003,2,fixed_75,0.75,2.729700005147606,True,1.0,0.0,0.0,0,0,0.0
43003,3,fixed_75,0.75,152.68709999509156,False,1.0,0.3333333333333334,0.09528375651177629,0,0,1.4
43003,4,fixed_75,0.75,148.01329997135326,False,0.9,1.0,0.16110435507566698,2,2,0.7777777777777778
43003,5,fixed_75,0.75,115.75669999001548,False,0.85,1.0,0.2220686448709202,3,3,1.3529411764705883
43003,6,fixed_75,0.75,166.93180002039298,False,0.95,1.0,0.1123055001956966,1,1,0.8421052631578947
43003,7,fixed_75,0.75,88.44139997381717,False,0.9,1.0,0.25931216931216927,2,2,1.6111111111111112
43003,8,fixed_75,0.75,115.63200003001839,False,0.9,1.0,0.18309537098860545,2,2,1.0
43003,9,fixed_75,0.75,129.29389998316765,False,0.95,1.0,0.12980548666762687,1,1,1.4736842105263157
43004,0,adaptive,1.0,51.24749999959022,True,1.0,0.0,0.0,0,0,0.0
43004,1,adaptive,1.0,174.69580000033602,True,1.0,0.0,0.0,0,0,0.0
43004,2,adaptive,1.0,3.9107000338844955,True,1.0,0.0,0.0,0,0,0.0
43004,3,adaptive,1.0,161.9823999935761,True,1.0,0.0,0.0,0,0,0.0
43004,4,adaptive,1.0,190.48320001456887,True,1.0,0.0,0.0,0,0,0.0
43004,5,adaptive,1.0,124.88860002486035,True,1.0,0.0,0.0,0,0,0.0
43004,6,adaptive,1.0,116.65839998750016,True,1.0,0.0,0.0,0,0,0.0
43004,7,adaptive,1.0,65.34500000998378,True,1.0,0.0,0.0,0,0,0.0
43004,8,adaptive,1.0,134.33660002192482,True,1.0,0.0,0.0,0,0,0.0
43004,9,adaptive,1.0,130.48569997772574,True,1.0,0.0,0.0,0,0,0.0
43004,0,exact,1.0,72.33649998670444,True,1.0,0.0,0.0,0,0,0.0
43004,1,exact,1.0,109.02799997711554,True,1.0,0.0,0.0,0,0,0.0
43004,2,exact,1.0,2.6772000128403306,True,1.0,0.0,0.0,0,0,0.0
43004,3,exact,1.0,145.7436999771744,True,1.0,0.0,0.0,0,0,0.0
43004,4,exact,1.0,126.61839998327196,True,1.0,0.0,0.0,0,0,0.0
43004,5,exact,1.0,101.93409997737035,True,1.0,0.0,0.0,0,0,0.0
43004,6,exact,1.0,176.56380002154037,True,1.0,0.0,0.0,0,0,0.0
43004,7,exact,1.0,75.27600001776591,True,1.0,0.0,0.0,0,0,0.0
43004,8,exact,1.0,124.59319998743013,True,1.0,0.0,0.0,0,0,0.0
43004,9,exact,1.0,150.5456999875605,True,1.0,0.0,0.0,0,0,0.0
43004,0,reference_augmented,1.0,60.90550002409145,True,1.0,0.0,0.0,0,0,0.0
43004,1,reference_augmented,1.0,109.67939998954535,True,1.0,0.0,0.0,0,0,0.0
43004,2,reference_augmented,1.0,2.985099970828742,True,1.0,0.0,0.0,0,0,0.0
43004,3,reference_augmented,1.0,145.7681999891065,True,1.0,0.0,0.0,0,0,0.0
43004,4,reference_augmented,1.0,127.57439998677,True,1.0,0.0,0.0,0,0,0.0
43004,5,reference_augmented,1.0,117.3860999988392,True,1.0,0.0,0.0,0,0,0.0
43004,6,reference_augmented,1.0,180.2517999894917,True,1.0,0.0,0.0,0,0,0.0
43004,7,reference_augmented,1.0,61.026600014884025,True,1.0,0.0,0.0,0,0,0.0
43004,8,reference_augmented,1.0,99.00479996576905,True,1.0,0.0,0.0,0,0,0.0
43004,9,reference_augmented,1.0,152.1530000027269,True,1.0,0.0,0.0,0,0,0.0
43004,0,fixed_75,0.75,46.92039999645203,False,0.9,1.0,0.3200793650793651,2,2,3.0
43004,1,fixed_75,0.75,100.17280001193285,False,0.9,1.0,0.1709370109879263,2,2,1.2777777777777777
43004,2,fixed_75,0.75,2.934899996034801,True,1.0,0.0,0.0,0,0,0.0
43004,3,fixed_75,0.75,101.9586999900639,False,0.95,1.0,0.14913122314105545,1,1,1.3157894736842106
43004,4,fixed_75,0.75,108.7474999949336,False,0.95,1.0,0.1433391186636003,1,1,1.0
43004,5,fixed_75,0.75,87.46799995424226,False,0.95,1.0,0.16868958941378615,1,1,1.8421052631578947
43004,6,fixed_75,0.75,152.97240001382306,False,1.0,0.27536231884057966,0.09545608236629972,0,0,1.5
43004,7,fixed_75,0.75,67.63639999553561,False,0.9,1.0,0.3375661375661375,2,2,2.611111111111111
43004,8,fixed_75,0.75,101.89650004031137,False,0.9,1.0,0.17626029585104527,2,2,1.1111111111111112
43004,9,fixed_75,0.75,105.16760003520176,False,0.95,1.0,0.13032724423577183,1,1,1.4736842105263157
43004,0,fixed_90,0.9,50.591700011864305,False,1.0,0.25925925925925924,0.11904761904761904,0,0,1.4
43004,1,fixed_90,0.9,99.1348999668844,False,0.95,1.0,0.09987690473609956,1,1,0.7368421052631579
43004,2,fixed_90,0.9,2.934899996034801,True,1.0,0.0,0.0,0,0,0.0
43004,3,fixed_90,0.9,116.86519999057055,False,0.95,1.0,0.0950923219536653,1,1,0.7368421052631579
43004,4,fixed_90,0.9,116.89209996256977,False,0.95,1.0,0.09298879660264207,1,1,0.8947368421052632
43004,5,fixed_90,0.9,121.44189997343346,False,0.95,1.0,0.10768212900210625,1,1,0.3684210526315789
43004,6,fixed_90,0.9,148.2407000148669,True,1.0,0.11111111111111104,0.044644911014613875,0,0,0.8
43004,7,fixed_90,0.9,60.74230000376701,False,0.95,1.0,0.16635802469135802,1,1,1.1578947368421053
43004,8,fixed_90,0.9,96.8033000244759,False,0.95,1.0,0.11515374548476442,1,1,0.8421052631578947
43004,9,fixed_90,0.9,152.46760001173243,True,1.0,0.11111111111111106,0.050077062100052326,0,0,0.9
43004,0,reference_pristine,1.0,53.694300004281104,True,1.0,0.0,0.0,0,0,0.0
43004,1,reference_pristine,1.0,86.38250001240522,True,1.0,0.0,0.0,0,0,0.0
43004,2,reference_pristine,1.0,8.599200053140521,True,1.0,0.0,0.0,0,0,0.0
43004,3,reference_pristine,1.0,84.3971999711357,True,1.0,0.0,0.0,0,0,0.0
43004,4,reference_pristine,1.0,125.88330003200099,True,1.0,0.0,0.0,0,0,0.0
43004,5,reference_pristine,1.0,70.96069998806342,True,1.0,0.0,0.0,0,0,0.0
43004,6,reference_pristine,1.0,103.2812999910675,True,1.0,0.0,0.0,0,0,0.0
43004,7,reference_pristine,1.0,49.42749999463558,True,1.0,0.0,0.0,0,0,0.0
43004,8,reference_pristine,1.0,157.63450000667945,True,1.0,0.0,0.0,0,0,0.0
43004,9,reference_pristine,1.0,149.17829999467358,True,1.0,0.0,0.0,0,0,0.0
43005,0,exact,1.0,105.48869997728616,True,1.0,0.0,0.0,0,0,0.0
43005,1,exact,1.0,144.38250003149733,True,1.0,0.0,0.0,0,0,0.0
43005,2,exact,1.0,2.5519999908283353,True,1.0,0.0,0.0,0,0,0.0
43005,3,exact,1.0,159.31959997396916,True,1.0,0.0,0.0,0,0,0.0
43005,4,exact,1.0,155.77999997185543,True,1.0,0.0,0.0,0,0,0.0
43005,5,exact,1.0,83.83640000829473,True,1.0,0.0,0.0,0,0,0.0
43005,6,exact,1.0,137.36340001923963,True,1.0,0.0,0.0,0,0,0.0
43005,7,exact,1.0,114.98600000049919,True,1.0,0.0,0.0,0,0,0.0
43005,8,exact,1.0,156.2378000235185,True,1.0,0.0,0.0,0,0,0.0
43005,9,exact,1.0,177.9992000083439,True,1.0,0.0,0.0,0,0,0.0
43005,0,fixed_75,0.75,69.8792000184767,False,0.9,1.0,0.29103174603174603,2,2,2.9444444444444446
43005,1,fixed_75,0.75,112.23869997775182,False,0.9,1.0,0.17498190249798812,2,2,1.4444444444444444
43005,2,fixed_75,0.75,2.7081999578513205,True,1.0,0.0,0.0,0,0,0.0
43005,3,fixed_75,0.75,157.8389000496827,False,0.95,1.0,0.13207959279895437,1,1,1.2105263157894737
43005,4,fixed_75,0.75,149.43550003226846,False,0.9,1.0,0.14855251150484883,2,2,1.0
43005,5,fixed_75,0.75,100.81200004788116,False,1.0,0.3333333333333333,0.12044489934574305,0,0,1.5
43005,6,fixed_75,0.75,203.63639999413863,False,0.95,1.0,0.13003909643049152,1,1,1.5263157894736843
43005,7,fixed_75,0.75,70.52180002210662,False,0.8,1.0,0.3801058201058201,4,4,1.75
43005,8,fixed_75,0.75,144.34979995712638,False,0.95,1.0,0.14768789802513788,1,1,1.4736842105263157
43005,9,fixed_75,0.75,179.1228000074625,False,0.95,1.0,0.12379165243183328,1,1,1.3157894736842106
43005,0,reference_pristine,1.0,68.06740001775324,True,1.0,0.0,0.0,0,0,0.0
43005,1,reference_pristine,1.0,91.7572999605909,True,1.0,0.0,0.0,0,0,0.0
43005,2,reference_pristine,1.0,1.7484999843873084,True,1.0,0.0,0.0,0,0,0.0
43005,3,reference_pristine,1.0,89.48320004856214,True,1.0,0.0,0.0,0,0,0.0
43005,4,reference_pristine,1.0,140.35909995436668,True,1.0,0.0,0.0,0,0,0.0
43005,5,reference_pristine,1.0,74.09170002210885,True,1.0,0.0,0.0,0,0,0.0
43005,6,reference_pristine,1.0,149.9768999638036,True,1.0,0.0,0.0,0,0,0.0
43005,7,reference_pristine,1.0,107.83650004304945,True,1.0,0.0,0.0,0,0,0.0
43005,8,reference_pristine,1.0,99.38640001928434,True,1.0,0.0,0.0,0,0,0.0
43005,9,reference_pristine,1.0,110.72260001674294,True,1.0,0.0,0.0,0,0,0.0
43005,0,adaptive,1.0,65.83400000818074,True,1.0,0.0,0.0,0,0,0.0
43005,1,adaptive,1.0,141.64429996162653,True,1.0,0.0,0.0,0,0,0.0
43005,2,adaptive,1.0,2.9275999986566603,True,1.0,0.0,0.0,0,0,0.0
43005,3,adaptive,1.0,132.05380004364997,True,1.0,0.0,0.0,0,0,0.0
43005,4,adaptive,1.0,207.3753000004217,True,1.0,0.0,0.0,0,0,0.0
43005,5,adaptive,1.0,171.88400001032278,True,1.0,0.0,0.0,0,0,0.0
43005,6,adaptive,1.0,195.32200001413003,True,1.0,0.0,0.0,0,0,0.0
43005,7,adaptive,1.0,117.422399984207,True,1.0,0.0,0.0,0,0,0.0
43005,8,adaptive,1.0,166.91949998494238,True,1.0,0.0,0.0,0,0,0.0
43005,9,adaptive,1.0,150.0823000096716,True,1.0,0.0,0.0,0,0,0.0
43005,0,fixed_90,0.9,66.28560001263395,False,0.9,1.0,0.20277777777777778,2,2,1.1111111111111112
43005,1,fixed_90,0.9,147.13029999984428,False,0.95,1.0,0.09470933394804372,1,1,1.0526315789473684
43005,2,fixed_90,0.9,2.8880999889224768,True,1.0,0.0,0.0,0,0,0.0
43005,3,fixed_90,0.9,124.91489999229088,False,0.95,1.0,0.08720042763235775,1,1,0.3684210526315789
43005,4,fixed_90,0.9,246.13769998541102,False,0.9,1.0,0.1322696503980851,2,2,0.6111111111111112
43005,5,fixed_90,0.9,150.07779997540638,True,1.0,0.1111111111111111,0.053341222031019264,0,0,0.5
43005,6,fixed_90,0.9,210.367200023029,True,1.0,0.11111111111111104,0.040209936628469826,0,0,0.9
43005,7,fixed_90,0.9,117.52670002169907,False,0.85,1.0,0.2270723104056437,3,3,0.7647058823529411
43005,8,fixed_90,0.9,174.308400019072,True,1.0,0.13580246913580254,0.06191289701060332,0,0,0.8
43005,9,fixed_90,0.9,144.5528999902308,False,0.95,1.0,0.08632559165349213,1,1,0.631578947368421
43005,0,reference_augmented,1.0,80.23809996666387,True,1.0,0.0,0.0,0,0,0.0
43005,1,reference_augmented,1.0,125.53759996080771,True,1.0,0.0,0.0,0,0,0.0
43005,2,reference_augmented,1.0,3.46550001995638,True,1.0,0.0,0.0,0,0,0.0
43005,3,reference_augmented,1.0,140.1303000166081,True,1.0,0.0,0.0,0,0,0.0
43005,4,reference_augmented,1.0,155.73449997464195,True,1.0,0.0,0.0,0,0,0.0
43005,5,reference_augmented,1.0,130.96759998006746,True,1.0,0.0,0.0,0,0,0.0
43005,6,reference_augmented,1.0,171.7308999504894,True,1.0,0.0,0.0,0,0,0.0
43005,7,reference_augmented,1.0,92.68339996924624,True,1.0,0.0,0.0,0,0,0.0
43005,8,reference_augmented,1.0,126.27520004753023,True,1.0,0.0,0.0,0,0,0.0
43005,9,reference_augmented,1.0,126.67919998057187,True,1.0,0.0,0.0,0,0,0.0
