family,parameter,online_ms,returned,groups,positive_groups,zeros,ones,median_positive,max_count,top_median,top_min,top_max
5,0,184.0049999882467,20,10499,70,10429,12,5.0,56,17.0,10,56
5,1,83.80189997842535,20,9830,63,9767,19,3,36,9.0,6,36
5,2,78.77939997706562,20,10541,77,10464,19,4,49,20.5,12,49
5,3,153.12099998118356,20,10484,73,10411,15,5,47,18.5,10,47
5,4,103.06920000584796,20,10517,75,10442,18,4,42,16.0,11,42
5,5,80.25209995685145,20,10410,76,10334,17,4.0,50,18.5,12,50
5,6,139.0186999924481,20,10443,75,10368,16,5,41,20.5,13,41
5,7,110.57499999878928,20,10565,71,10494,15,4,46,17.0,9,46
5,8,59.23270003404468,20,9948,74,9874,21,4.0,31,18.0,10,31
5,9,148.08509999420494,20,10436,75,10361,15,4,43,20.0,11,43
5,10,141.48350001778454,20,10461,76,10385,18,4.5,43,23.5,12,43
5,11,99.71010003937408,20,10549,74,10475,13,5.0,55,19.0,10,55
5,12,129.7296999837272,20,10672,76,10596,13,4.5,58,19.5,11,58
5,13,87.41360000567511,20,10657,75,10582,15,4,61,22.0,12,61
5,14,81.62060001632199,20,10422,76,10346,18,4.5,44,22.5,12,44
