predicate,node_fidelity,edge_fidelity,profiled_request_ms,node_bound,edge_bound
DE,0.05,0.05,18.597011108391193,0.08740483388824698,0.5248738485429275
DE,0.05,0.1,26.40692222242554,0.08740483388824698,0.264930540331227
DE,0.05,0.15,28.482966666666066,0.08740483388824698,0.18077997094905773
DE,0.05,0.25,42.97765555222415,0.08740483388824698,0.09889311479066495
DE,0.05,0.35,57.046755548476035,0.08740483388824698,0.06835256756728708
DE,0.05,0.5,71.99303333214226,0.08740483388824698,0.04743918110507998
DE,0.05,0.75,101.17039999588289,0.08740483388824698,0.028624089558414244
DE,0.05,1.0,128.51846666631496,0.08740483388824698,0.0
DE,0.1,0.05,18.227299998721314,0.05417115050642285,0.5248738485429275
DE,0.1,0.1,26.03721111275566,0.05417115050642285,0.264930540331227
DE,0.1,0.15,28.113255556996187,0.05417115050642285,0.18077997094905773
DE,0.1,0.25,42.60794444255427,0.05417115050642285,0.09889311479066495
DE,0.1,0.35,56.677044438806156,0.05417115050642285,0.06835256756728708
DE,0.1,0.5,71.62332222247238,0.05417115050642285,0.04743918110507998
DE,0.1,0.75,100.80068888621301,0.05417115050642285,0.028624089558414244
DE,0.1,1.0,128.14875555664509,0.05417115050642285,0.0
DE,0.15,0.05,18.552777776171247,0.04414765210017681,0.5248738485429275
DE,0.15,0.1,26.36268889020559,0.04414765210017681,0.264930540331227
DE,0.15,0.15,28.43873333444612,0.04414765210017681,0.18077997094905773
DE,0.15,0.25,42.9334222200042,0.04414765210017681,0.09889311479066495
DE,0.15,0.35,57.00252221625609,0.04414765210017681,0.06835256756728708
DE,0.15,0.5,71.94879999992231,0.04414765210017681,0.04743918110507998
DE,0.15,0.75,101.12616666366294,0.04414765210017681,0.028624089558414244
DE,0.15,1.0,128.474233334095,0.04414765210017681,0.0
DE,0.25,0.05,21.520666661672294,0.02819551252787836,0.5248738485429275
DE,0.25,0.1,29.33057777570664,0.02819551252787836,0.264930540331227
DE,0.25,0.15,31.406622219947167,0.02819551252787836,0.18077997094905773
DE,0.25,0.25,45.90131110550525,0.02819551252787836,0.09889311479066495
DE,0.25,0.35,59.970411101757136,0.02819551252787836,0.06835256756728708
DE,0.25,0.5,74.91668888542335,0.02819551252787836,0.04743918110507998
DE,0.25,0.75,104.09405554916398,0.02819551252787836,0.028624089558414244
DE,0.25,1.0,131.44212221959606,0.02819551252787836,0.0
DE,0.35,0.05,21.666211111652146,0.02352803642232628,0.5248738485429275
DE,0.35,0.1,29.476122225686492,0.02352803642232628,0.264930540331227
DE,0.35,0.15,31.55216666992702,0.02352803642232628,0.18077997094905773
DE,0.35,0.25,46.0468555554851,0.02352803642232628,0.09889311479066495
DE,0.35,0.35,60.11595555173699,0.02352803642232628,0.06835256756728708
DE,0.35,0.5,75.06223333540322,0.02352803642232628,0.04743918110507998
DE,0.35,0.75,104.23959999914385,0.02352803642232628,0.028624089558414244
DE,0.35,1.0,131.58766666957592,0.02352803642232628,0.0
DE,0.5,0.05,21.5831222174327,0.01658846531135075,0.5248738485429275
DE,0.5,0.1,29.393033331467045,0.01658846531135075,0.264930540331227
DE,0.5,0.15,31.46907777570757,0.01658846531135075,0.18077997094905773
DE,0.5,0.25,45.96376666126565,0.01658846531135075,0.09889311479066495
DE,0.5,0.35,60.032866657517545,0.01658846531135075,0.06835256756728708
DE,0.5,0.5,74.97914444118376,0.01658846531135075,0.04743918110507998
DE,0.5,0.75,104.15651110492439,0.01658846531135075,0.028624089558414244
DE,0.5,1.0,131.50457777535647,0.01658846531135075,0.0
DE,0.75,0.05,24.646422222657648,0.009704558088338179,0.5248738485429275
DE,0.75,0.1,32.45633333669199,0.009704558088338179,0.264930540331227
DE,0.75,0.15,34.53237778093252,0.009704558088338179,0.18077997094905773
DE,0.75,0.25,49.027066666490605,0.009704558088338179,0.09889311479066495
DE,0.75,0.35,63.09616666274249,0.009704558088338179,0.06835256756728708
DE,0.75,0.5,78.04244444640871,0.009704558088338179,0.04743918110507998
DE,0.75,0.75,107.21981111014934,0.009704558088338179,0.028624089558414244
DE,0.75,1.0,134.56787778058143,0.009704558088338179,0.0
DE,1.0,0.05,24.089655552719098,0.0,0.5248738485429275
DE,1.0,0.1,31.899566666753444,0.0,0.264930540331227
DE,1.0,0.15,33.97561111099397,0.0,0.18077997094905773
DE,1.0,0.25,48.47029999655206,0.0,0.09889311479066495
DE,1.0,0.35,62.539399992803936,0.0,0.06835256756728708
DE,1.0,0.5,77.48567777647017,0.0,0.04743918110507998
DE,1.0,0.75,106.6630444402108,0.0,0.028624089558414244
DE,1.0,1.0,134.01111111064287,0.0,0.0
ES,0.05,0.05,17.169288883451372,0.08740483388824698,0.5248738485429275
ES,0.05,0.1,22.004899994095066,0.08740483388824698,0.264930540331227
ES,0.05,0.15,24.898411104610812,0.08740483388824698,0.18077997094905773
ES,0.05,0.25,36.266611111285684,0.08740483388824698,0.09889311479066495
ES,0.05,0.35,46.595899996140766,0.08740483388824698,0.06835256756728708
ES,0.05,0.5,66.19097777972154,0.08740483388824698,0.04743918110507998
ES,0.05,0.75,82.30139999553407,0.08740483388824698,0.028624089558414244
ES,0.05,1.0,112.91875555050663,0.08740483388824698,0.0
ES,0.1,0.05,16.972888886812143,0.05417115050642285,0.5248738485429275
ES,0.1,0.1,21.808499997455836,0.05417115050642285,0.264930540331227
ES,0.1,0.15,24.702011107971583,0.05417115050642285,0.18077997094905773
ES,0.1,0.25,36.070211114646455,0.05417115050642285,0.09889311479066495
ES,0.1,0.35,46.399499999501536,0.05417115050642285,0.06835256756728708
ES,0.1,0.5,65.9945777830823,0.05417115050642285,0.04743918110507998
ES,0.1,0.75,82.10499999889484,0.05417115050642285,0.028624089558414244
ES,0.1,1.0,112.7223555538674,0.05417115050642285,0.0
ES,0.15,0.05,18.80337777644551,0.04414765210017681,0.5248738485429275
ES,0.15,0.1,23.6389888870892,0.04414765210017681,0.264930540331227
ES,0.15,0.15,26.532499997604948,0.04414765210017681,0.18077997094905773
ES,0.15,0.25,37.90070000427982,0.04414765210017681,0.09889311479066495
ES,0.15,0.35,48.22998888913491,0.04414765210017681,0.06835256756728708
ES,0.15,0.5,67.82506667271566,0.04414765210017681,0.04743918110507998
ES,0.15,0.75,83.9354888885282,0.04414765210017681,0.028624089558414244
ES,0.15,1.0,114.55284444350076,0.04414765210017681,0.0
ES,0.25,0.05,21.78545555539636,0.02819551252787836,0.5248738485429275
ES,0.25,0.1,26.621066666040054,0.02819551252787836,0.264930540331227
ES,0.25,0.15,29.5145777765558,0.02819551252787836,0.18077997094905773
ES,0.25,0.25,40.88277778323067,0.02819551252787836,0.09889311479066495
ES,0.25,0.35,51.212066668085754,0.02819551252787836,0.06835256756728708
ES,0.25,0.5,70.80714445166652,0.02819551252787836,0.04743918110507998
ES,0.25,0.75,86.91756666747905,0.02819551252787836,0.028624089558414244
ES,0.25,1.0,117.53492222245161,0.02819551252787836,0.0
ES,0.35,0.05,19.478288888219847,0.02352803642232628,0.5248738485429275
ES,0.35,0.1,24.31389999886354,0.02352803642232628,0.264930540331227
ES,0.35,0.15,27.207411109379287,0.02352803642232628,0.18077997094905773
ES,0.35,0.25,38.575611116054155,0.02352803642232628,0.09889311479066495
ES,0.35,0.35,48.904900000909244,0.02352803642232628,0.06835256756728708
ES,0.35,0.5,68.49997778449,0.02352803642232628,0.04743918110507998
ES,0.35,0.75,84.61040000030253,0.02352803642232628,0.028624089558414244
ES,0.35,1.0,115.2277555552751,0.02352803642232628,0.0
ES,0.5,0.05,20.615999999184474,0.01658846531135075,0.5248738485429275
ES,0.5,0.1,25.451611109828164,0.01658846531135075,0.264930540331227
ES,0.5,0.15,28.34512222034391,0.01658846531135075,0.18077997094905773
ES,0.5,0.25,39.71332222701878,0.01658846531135075,0.09889311479066495
ES,0.5,0.35,50.04261111187387,0.01658846531135075,0.06835256756728708
ES,0.5,0.5,69.63768889545463,0.01658846531135075,0.04743918110507998
ES,0.5,0.75,85.74811111126716,0.01658846531135075,0.028624089558414244
ES,0.5,1.0,116.36546666623973,0.01658846531135075,0.0
ES,0.75,0.05,21.737755555982908,0.009704558088338179,0.5248738485429275
ES,0.75,0.1,26.5733666666266,0.009704558088338179,0.264930540331227
ES,0.75,0.15,29.466877777142347,0.009704558088338179,0.18077997094905773
ES,0.75,0.25,40.83507778381722,0.009704558088338179,0.09889311479066495
ES,0.75,0.35,51.1643666686723,0.009704558088338179,0.06835256756728708
ES,0.75,0.5,70.75944445225306,0.009704558088338179,0.04743918110507998
ES,0.75,0.75,86.8698666680656,0.009704558088338179,0.028624089558414244
ES,0.75,1.0,117.48722222303816,0.009704558088338179,0.0
ES,1.0,0.05,21.854566665650864,0.0,0.5248738485429275
ES,1.0,0.1,26.690177776294554,0.0,0.264930540331227
ES,1.0,0.15,29.5836888868103,0.0,0.18077997094905773
ES,1.0,0.25,40.951888893485176,0.0,0.09889311479066495
ES,1.0,0.35,51.28117777834026,0.0,0.06835256756728708
ES,1.0,0.5,70.87625556192103,0.0,0.04743918110507998
ES,1.0,0.75,86.98667777773355,0.0,0.028624089558414244
ES,1.0,1.0,117.60403333270611,0.0,0.0
FR,0.05,0.05,22.202344444748533,0.08740483388824698,0.5248738485429275
FR,0.05,0.1,33.13213333442238,0.08740483388824698,0.264930540331227
FR,0.05,0.15,41.9286111088392,0.08740483388824698,0.18077997094905773
FR,0.05,0.25,58.949466666995754,0.08740483388824698,0.09889311479066495
FR,0.05,0.35,85.14803333350251,0.08740483388824698,0.06835256756728708
FR,0.05,0.5,119.87177777660287,0.08740483388824698,0.04743918110507998
FR,0.05,0.75,157.97294444605035,0.08740483388824698,0.028624089558414244
FR,0.05,1.0,181.94299999837918,0.08740483388824698,0.0
FR,0.1,0.05,23.08753332989808,0.05417115050642285,0.5248738485429275
FR,0.1,0.1,34.01732221957192,0.05417115050642285,0.264930540331227
FR,0.1,0.15,42.813799993988745,0.05417115050642285,0.18077997094905773
FR,0.1,0.25,59.8346555521453,0.05417115050642285,0.09889311479066495
FR,0.1,0.35,86.03322221865206,0.05417115050642285,0.06835256756728708
FR,0.1,0.5,120.75696666175241,0.05417115050642285,0.04743918110507998
FR,0.1,0.75,158.8581333311999,0.05417115050642285,0.028624089558414244
FR,0.1,1.0,182.82818888352872,0.05417115050642285,0.0
FR,0.15,0.05,22.317422224053495,0.04414765210017681,0.5248738485429275
FR,0.15,0.1,33.24721111372734,0.04414765210017681,0.264930540331227
FR,0.15,0.15,42.04368888814416,0.04414765210017681,0.18077997094905773
FR,0.15,0.25,59.064544446300715,0.04414765210017681,0.09889311479066495
FR,0.15,0.35,85.26311111280747,0.04414765210017681,0.06835256756728708
FR,0.15,0.5,119.98685555590782,0.04414765210017681,0.04743918110507998
FR,0.15,0.75,158.08802222535533,0.04414765210017681,0.028624089558414244
FR,0.15,1.0,182.05807777768416,0.04414765210017681,0.0
FR,0.25,0.05,24.189422220741918,0.02819551252787836,0.5248738485429275
FR,0.25,0.1,35.11921111041576,0.02819551252787836,0.264930540331227
FR,0.25,0.15,43.91568888483258,0.02819551252787836,0.18077997094905773
FR,0.25,0.25,60.93654444298914,0.02819551252787836,0.09889311479066495
FR,0.25,0.35,87.1351111094959,0.02819551252787836,0.06835256756728708
FR,0.25,0.5,121.85885555259625,0.02819551252787836,0.04743918110507998
FR,0.25,0.75,159.96002222204373,0.02819551252787836,0.028624089558414244
FR,0.25,1.0,183.93007777437256,0.02819551252787836,0.0
FR,0.35,0.05,25.897577775241288,0.02352803642232628,0.5248738485429275
FR,0.35,0.1,36.82736666491514,0.02352803642232628,0.264930540331227
FR,0.35,0.15,45.62384443933196,0.02352803642232628,0.18077997094905773
FR,0.35,0.25,62.644699997488516,0.02352803642232628,0.09889311479066495
FR,0.35,0.35,88.84326666399527,0.02352803642232628,0.06835256756728708
FR,0.35,0.5,123.56701110709562,0.02352803642232628,0.04743918110507998
FR,0.35,0.75,161.6681777765431,0.02352803642232628,0.028624089558414244
FR,0.35,1.0,185.63823332887193,0.02352803642232628,0.0
FR,0.5,0.05,28.039077780300026,0.01658846531135075,0.5248738485429275
FR,0.5,0.1,38.96886666997388,0.01658846531135075,0.264930540331227
FR,0.5,0.15,47.7653444443907,0.01658846531135075,0.18077997094905773
FR,0.5,0.25,64.78620000254725,0.01658846531135075,0.09889311479066495
FR,0.5,0.35,90.984766669054,0.01658846531135075,0.06835256756728708
FR,0.5,0.5,125.70851111215435,0.01658846531135075,0.04743918110507998
FR,0.5,0.75,163.80967778160186,0.01658846531135075,0.028624089558414244
FR,0.5,1.0,187.7797333339307,0.01658846531135075,0.0
FR,0.75,0.05,31.288922219472525,0.009704558088338179,0.5248738485429275
FR,0.75,0.1,42.21871110914637,0.009704558088338179,0.264930540331227
FR,0.75,0.15,51.01518888356319,0.009704558088338179,0.18077997094905773
FR,0.75,0.25,68.03604444171975,0.009704558088338179,0.09889311479066495
FR,0.75,0.35,94.2346111082265,0.009704558088338179,0.06835256756728708
FR,0.75,0.5,128.95835555132686,0.009704558088338179,0.04743918110507998
FR,0.75,0.75,167.05952222077434,0.009704558088338179,0.028624089558414244
FR,0.75,1.0,191.02957777310317,0.009704558088338179,0.0
FR,1.0,0.05,30.153399999512153,0.0,0.5248738485429275
FR,1.0,0.1,41.083188889186005,0.0,0.264930540331227
FR,1.0,0.15,49.87966666360282,0.0,0.18077997094905773
FR,1.0,0.25,66.90052222175937,0.0,0.09889311479066495
FR,1.0,0.35,93.09908888826612,0.0,0.06835256756728708
FR,1.0,0.5,127.82283333136648,0.0,0.04743918110507998
FR,1.0,0.75,165.92400000081398,0.0,0.028624089558414244
FR,1.0,1.0,189.8940555531428,0.0,0.0
IT,0.05,0.05,15.314400003666783,0.08740483388824698,0.5248738485429275
IT,0.05,0.1,21.479988889445345,0.08740483388824698,0.264930540331227
IT,0.05,0.15,27.8432666673325,0.08740483388824698,0.18077997094905773
IT,0.05,0.25,37.89088889122164,0.08740483388824698,0.09889311479066495
IT,0.05,0.35,49.36812222553676,0.08740483388824698,0.06835256756728708
IT,0.05,0.5,58.94617778378435,0.08740483388824698,0.04743918110507998
IT,0.05,0.75,83.89407778061772,0.08740483388824698,0.028624089558414244
IT,0.05,1.0,108.19944444584608,0.08740483388824698,0.0
IT,0.1,0.05,16.981955556224825,0.05417115050642285,0.5248738485429275
IT,0.1,0.1,23.147544442003387,0.05417115050642285,0.264930540331227
IT,0.1,0.15,29.510822219890542,0.05417115050642285,0.18077997094905773
IT,0.1,0.25,39.558444443779685,0.05417115050642285,0.09889311479066495
IT,0.1,0.35,51.0356777780948,0.05417115050642285,0.06835256756728708
IT,0.1,0.5,60.61373333634239,0.05417115050642285,0.04743918110507998
IT,0.1,0.75,85.56163333317576,0.05417115050642285,0.028624089558414244
IT,0.1,1.0,109.86699999840413,0.05417115050642285,0.0
IT,0.15,0.05,16.476488890475594,0.04414765210017681,0.5248738485429275
IT,0.15,0.1,22.642077776254155,0.04414765210017681,0.264930540331227
IT,0.15,0.15,29.00535555414131,0.04414765210017681,0.18077997094905773
IT,0.15,0.25,39.05297777803045,0.04414765210017681,0.09889311479066495
IT,0.15,0.35,50.53021111234557,0.04414765210017681,0.06835256756728708
IT,0.15,0.5,60.10826667059317,0.04414765210017681,0.04743918110507998
IT,0.15,0.75,85.05616666742652,0.04414765210017681,0.028624089558414244
IT,0.15,1.0,109.36153333265489,0.04414765210017681,0.0
IT,0.25,0.05,16.367900000962738,0.02819551252787836,0.5248738485429275
IT,0.25,0.1,22.5334888867413,0.02819551252787836,0.264930540331227
IT,0.25,0.15,28.896766664628455,0.02819551252787836,0.18077997094905773
IT,0.25,0.25,38.9443888885176,0.02819551252787836,0.09889311479066495
IT,0.25,0.35,50.42162222283272,0.02819551252787836,0.06835256756728708
IT,0.25,0.5,59.99967778108031,0.02819551252787836,0.04743918110507998
IT,0.25,0.75,84.94757777791368,0.02819551252787836,0.028624089558414244
IT,0.25,1.0,109.25294444314204,0.02819551252787836,0.0
IT,0.35,0.05,17.47385555548438,0.02352803642232628,0.5248738485429275
IT,0.35,0.1,23.639444441262942,0.02352803642232628,0.264930540331227
IT,0.35,0.15,30.002722219150098,0.02352803642232628,0.18077997094905773
IT,0.35,0.25,40.05034444303924,0.02352803642232628,0.09889311479066495
IT,0.35,0.35,51.52757777735436,0.02352803642232628,0.06835256756728708
IT,0.35,0.5,61.10563333560195,0.02352803642232628,0.04743918110507998
IT,0.35,0.75,86.05353333243532,0.02352803642232628,0.028624089558414244
IT,0.35,1.0,110.35889999766368,0.02352803642232628,0.0
IT,0.5,0.05,19.3489666675709,0.01658846531135075,0.5248738485429275
IT,0.5,0.1,25.51455555334946,0.01658846531135075,0.264930540331227
IT,0.5,0.15,31.877833331236616,0.01658846531135075,0.18077997094905773
IT,0.5,0.25,41.92545555512576,0.01658846531135075,0.09889311479066495
IT,0.5,0.35,53.402688889440874,0.01658846531135075,0.06835256756728708
IT,0.5,0.5,62.980744447688465,0.01658846531135075,0.04743918110507998
IT,0.5,0.75,87.92864444452184,0.01658846531135075,0.028624089558414244
IT,0.5,1.0,112.2340111097502,0.01658846531135075,0.0
IT,0.75,0.05,22.4869888916146,0.009704558088338179,0.5248738485429275
IT,0.75,0.1,28.652577777393162,0.009704558088338179,0.264930540331227
IT,0.75,0.15,35.01585555528032,0.009704558088338179,0.18077997094905773
IT,0.75,0.25,45.06347777916946,0.009704558088338179,0.09889311479066495
IT,0.75,0.35,56.540711113484576,0.009704558088338179,0.06835256756728708
IT,0.75,0.5,66.11876667173217,0.009704558088338179,0.04743918110507998
IT,0.75,0.75,91.06666666856553,0.009704558088338179,0.028624089558414244
IT,0.75,1.0,115.3720333337939,0.009704558088338179,0.0
IT,1.0,0.05,18.959788891758457,0.0,0.5248738485429275
IT,1.0,0.1,25.125377777537018,0.0,0.264930540331227
IT,1.0,0.15,31.488655555424174,0.0,0.18077997094905773
IT,1.0,0.25,41.53627777931332,0.0,0.09889311479066495
IT,1.0,0.35,53.01351111362844,0.0,0.06835256756728708
IT,1.0,0.5,62.59156667187603,0.0,0.04743918110507998
IT,1.0,0.75,87.5394666687094,0.0,0.028624089558414244
IT,1.0,1.0,111.84483333393776,0.0,0.0
NL,0.05,0.05,14.743566663431315,0.08740483388824698,0.5248738485429275
NL,0.05,0.1,18.368466660225145,0.08740483388824698,0.264930540331227
NL,0.05,0.15,22.85604443912032,0.08740483388824698,0.18077997094905773
NL,0.05,0.25,30.586955549855094,0.08740483388824698,0.09889311479066495
NL,0.05,0.35,41.143722214554955,0.08740483388824698,0.06835256756728708
NL,0.05,0.5,52.20856666144553,0.08740483388824698,0.04743918110507998
NL,0.05,0.75,81.29313332998814,0.08740483388824698,0.028624089558414244
NL,0.05,1.0,78.13426666285118,0.08740483388824698,0.0
NL,0.1,0.05,16.2654444478297,0.05417115050642285,0.5248738485429275
NL,0.1,0.1,19.89034444462353,0.05417115050642285,0.264930540331227
NL,0.1,0.15,24.377922223518706,0.05417115050642285,0.18077997094905773
NL,0.1,0.25,32.108833334253475,0.05417115050642285,0.09889311479066495
NL,0.1,0.35,42.66559999895334,0.05417115050642285,0.06835256756728708
NL,0.1,0.5,53.730444445843915,0.05417115050642285,0.04743918110507998
NL,0.1,0.75,82.81501111438652,0.05417115050642285,0.028624089558414244
NL,0.1,1.0,79.65614444724956,0.05417115050642285,0.0
NL,0.15,0.05,15.961355557212503,0.04414765210017681,0.5248738485429275
NL,0.15,0.1,19.586255554006332,0.04414765210017681,0.264930540331227
NL,0.15,0.15,24.073833332901508,0.04414765210017681,0.18077997094905773
NL,0.15,0.25,31.80474444363628,0.04414765210017681,0.09889311479066495
NL,0.15,0.35,42.36151110833614,0.04414765210017681,0.06835256756728708
NL,0.15,0.5,53.42635555522671,0.04414765210017681,0.04743918110507998
NL,0.15,0.75,82.51092222376933,0.04414765210017681,0.028624089558414244
NL,0.15,1.0,79.35205555663237,0.04414765210017681,0.0
NL,0.25,0.05,16.001388891406048,0.02819551252787836,0.5248738485429275
NL,0.25,0.1,19.626288888199877,0.02819551252787836,0.264930540331227
NL,0.25,0.15,24.113866667095053,0.02819551252787836,0.18077997094905773
NL,0.25,0.25,31.844777777829826,0.02819551252787836,0.09889311479066495
NL,0.25,0.35,42.40154444252968,0.02819551252787836,0.06835256756728708
NL,0.25,0.5,53.46638888942026,0.02819551252787836,0.04743918110507998
NL,0.25,0.75,82.55095555796288,0.02819551252787836,0.028624089558414244
NL,0.25,1.0,79.39208889082592,0.02819551252787836,0.0
NL,0.35,0.05,17.599999998411576,0.02352803642232628,0.5248738485429275
NL,0.35,0.1,21.224899995205405,0.02352803642232628,0.264930540331227
NL,0.35,0.15,25.712477774100584,0.02352803642232628,0.18077997094905773
NL,0.35,0.25,33.44338888483536,0.02352803642232628,0.09889311479066495
NL,0.35,0.35,44.000155549535215,0.02352803642232628,0.06835256756728708
NL,0.35,0.5,55.06499999642579,0.02352803642232628,0.04743918110507998
NL,0.35,0.75,84.1495666649684,0.02352803642232628,0.028624089558414244
NL,0.35,1.0,80.99069999783144,0.02352803642232628,0.0
NL,0.5,0.05,17.052677776923197,0.01658846531135075,0.5248738485429275
NL,0.5,0.1,20.677577773717026,0.01658846531135075,0.264930540331227
NL,0.5,0.15,25.1651555526122,0.01658846531135075,0.18077997094905773
NL,0.5,0.25,32.89606666334698,0.01658846531135075,0.09889311479066495
NL,0.5,0.35,43.452833328046836,0.01658846531135075,0.06835256756728708
NL,0.5,0.5,54.51767777493741,0.01658846531135075,0.04743918110507998
NL,0.5,0.75,83.60224444348002,0.01658846531135075,0.028624089558414244
NL,0.5,1.0,80.44337777634306,0.01658846531135075,0.0
NL,0.75,0.05,19.412633335580015,0.009704558088338179,0.5248738485429275
NL,0.75,0.1,23.037533332373844,0.009704558088338179,0.264930540331227
NL,0.75,0.15,27.52511111126902,0.009704558088338179,0.18077997094905773
NL,0.75,0.25,35.25602222200379,0.009704558088338179,0.09889311479066495
NL,0.75,0.35,45.81278888670365,0.009704558088338179,0.06835256756728708
NL,0.75,0.5,56.877633333594225,0.009704558088338179,0.04743918110507998
NL,0.75,0.75,85.96220000213684,0.009704558088338179,0.028624089558414244
NL,0.75,1.0,82.80333333499988,0.009704558088338179,0.0
NL,1.0,0.05,17.432055558957572,0.0,0.5248738485429275
NL,1.0,0.1,21.0569555557514,0.0,0.264930540331227
NL,1.0,0.15,25.54453333464658,0.0,0.18077997094905773
NL,1.0,0.25,33.27544444538135,0.0,0.09889311479066495
NL,1.0,0.35,43.83221111008121,0.0,0.06835256756728708
NL,1.0,0.5,54.897055556971786,0.0,0.04743918110507998
NL,1.0,0.75,83.9816222255144,0.0,0.028624089558414244
NL,1.0,1.0,80.82275555837744,0.0,0.0
