seed,country,fidelity,repeat,request_ms,node_count,edge_count
4000,FR,0.05,0,24.492800002917647,783,33
4000,FR,0.15,0,22.9925000021467,2246,279
4000,FR,0.35,0,52.46910000278149,5342,1732
4000,FR,0.5,0,56.363299998338334,7646,3547
4000,FR,0.1,0,100.73529998771846,1525,136
4000,FR,1.0,0,46.03060000226833,14959,13428
4000,FR,0.25,0,16.392999998060986,3814,861
4000,FR,0.75,0,33.89630001038313,11269,7763
4000,FR,0.05,1,4.116999989491887,783,33
4000,FR,0.15,1,5.896700007724576,2246,279
4000,FR,0.35,1,14.051400008611381,5342,1732
4000,FR,1.0,1,33.57810000306927,14959,13428
4000,FR,0.25,1,12.1794000006048,3814,861
4000,FR,0.1,1,4.357300000265241,1525,136
4000,FR,0.5,1,14.099899999564514,7646,3547
4000,FR,0.75,1,19.97300000221003,11269,7763
4000,FR,1.0,2,26.20950000709854,14959,13428
4000,FR,0.35,2,11.03569999395404,5342,1732
4000,FR,0.15,2,5.757400009315461,2246,279
4000,FR,0.1,2,17.08150000195019,1525,136
4000,FR,0.5,2,14.630999998189509,7646,3547
4000,FR,0.05,2,5.249900001217611,783,33
4000,FR,0.25,2,26.680700000724755,3814,861
4000,FR,0.75,2,88.06490000279155,11269,7763
4000,DE,0.05,0,8.999300000141375,538,14
4000,DE,0.15,0,10.402800005977042,1565,146
4000,DE,0.35,0,18.61810000264086,3527,718
4000,DE,0.5,0,21.645200002240017,4997,1434
4000,DE,0.1,0,9.927100007189438,1056,59
4000,DE,1.0,0,29.504799997084774,9855,5833
4000,DE,0.25,0,13.687400001799688,2567,392
4000,DE,0.75,0,25.62509999552276,7384,3232
4000,DE,0.05,1,8.742200006963685,538,14
4000,DE,0.15,1,11.321199999656528,1565,146
4000,DE,0.35,1,15.874300006544217,3527,718
4000,DE,1.0,1,35.172600008081645,9855,5833
4000,DE,0.25,1,23.44699999957811,2567,392
4000,DE,0.1,1,11.000799990142696,1056,59
4000,DE,0.5,1,21.408799992059357,4997,1434
4000,DE,0.75,1,22.071700004744343,7384,3232
4000,DE,1.0,2,34.08759999729227,9855,5833
4000,DE,0.35,2,20.710999990114942,3527,718
4000,DE,0.15,2,13.99959999253042,1565,146
4000,DE,0.1,2,9.639700001571327,1056,59
4000,DE,0.5,2,19.94379999814555,4997,1434
4000,DE,0.05,2,7.365600002231076,538,14
4000,DE,0.25,2,12.486399995395914,2567,392
4000,DE,0.75,2,34.87410000525415,7384,3232
4000,ES,0.05,0,4.134600007091649,438,11
4000,ES,0.15,0,4.661699989810586,1356,116
4000,ES,0.35,0,10.029800003394485,3131,602
4000,ES,0.5,0,15.243200003169477,4489,1242
4000,ES,0.1,0,4.239300003973767,899,48
4000,ES,1.0,0,13.167299999622628,9093,4960
4000,ES,0.25,0,6.190300002344884,2212,278
4000,ES,0.75,0,12.481300000217743,6772,2752
4000,ES,0.05,1,3.4893999982159585,438,11
4000,ES,0.15,1,3.834399991319515,1356,116
4000,ES,0.35,1,7.264399988343939,3131,602
4000,ES,1.0,1,14.04420001199469,9093,4960
4000,ES,0.25,1,5.25519999791868,2212,278
4000,ES,0.1,1,3.4838999999919906,899,48
4000,ES,0.5,1,8.017599990125746,4489,1242
4000,ES,0.75,1,14.710700008436106,6772,2752
4000,ES,1.0,2,18.789399997331202,9093,4960
4000,ES,0.35,2,8.531399987987243,3131,602
4000,ES,0.15,2,5.076399989775382,1356,116
4000,ES,0.1,2,4.720899989479221,899,48
4000,ES,0.5,2,13.291200011735782,4489,1242
4000,ES,0.05,2,4.477199996472336,438,11
4000,ES,0.25,2,14.276899994001724,2212,278
4000,ES,0.75,2,32.33869999530725,6772,2752
4000,IT,0.05,0,9.783300003618933,438,8
4000,IT,0.15,0,14.485899999272078,1329,90
4000,IT,0.35,0,20.204599990393035,3054,579
4000,IT,0.5,0,20.866699996986426,4305,1111
4000,IT,0.1,0,10.57649998983834,880,38
4000,IT,1.0,0,37.793499999679625,8664,4587
4000,IT,0.25,0,18.295000001671724,2204,279
4000,IT,0.75,0,34.54310000233818,6490,2547
4000,IT,0.05,1,12.757699994836003,438,8
4000,IT,0.15,1,12.829899991629645,1329,90
4000,IT,0.35,1,24.04410000599455,3054,579
4000,IT,1.0,1,49.21769999782555,8664,4587
4000,IT,0.25,1,20.62689999002032,2204,279
4000,IT,0.1,1,12.683699998888187,880,38
4000,IT,0.5,1,20.06979999714531,4305,1111
4000,IT,0.75,1,22.976599997491576,6490,2547
4000,IT,1.0,2,24.71030000015162,8664,4587
4000,IT,0.35,2,13.871500006644055,3054,579
4000,IT,0.15,2,9.136900000157766,1329,90
4000,IT,0.1,2,8.064300011028536,880,38
4000,IT,0.5,2,15.13840000552591,4305,1111
4000,IT,0.05,2,4.7845999943092465,438,8
4000,IT,0.25,2,5.298400006722659,2204,279
4000,IT,0.75,2,12.062199995853007,6490,2547
4000,NL,0.05,0,2.8544999950099736,364,10
4000,NL,0.15,0,3.5574000066844746,1107,81
4000,NL,0.35,0,5.1595999975688756,2611,421
4000,NL,0.5,0,7.077400005073287,3718,821
4000,NL,0.1,0,3.0642000056104735,716,25
4000,NL,1.0,0,10.205099999438971,7429,3350
4000,NL,0.25,0,4.515500011621043,1857,243
4000,NL,0.75,0,9.906199993565679,5603,1888
4000,NL,0.05,1,3.6069999914616346,364,10
4000,NL,0.15,1,5.837199991219677,1107,81
4000,NL,0.35,1,5.825999993248843,2611,421
4000,NL,1.0,1,12.042599992128089,7429,3350
4000,NL,0.25,1,5.129099998157471,1857,243
4000,NL,0.1,1,3.218800004106015,716,25
4000,NL,0.5,1,6.473200002801605,3718,821
4000,NL,0.75,1,10.985699991579168,5603,1888
4000,NL,1.0,2,12.913200000184588,7429,3350
4000,NL,0.35,2,6.19159999769181,2611,421
4000,NL,0.15,2,4.765899997437373,1107,81
4000,NL,0.1,2,3.710199991473928,716,25
4000,NL,0.5,2,7.866100000683218,3718,821
4000,NL,0.05,2,3.0520000000251457,364,10
4000,NL,0.25,2,5.2140000043436885,1857,243
4000,NL,0.75,2,16.156199999386445,5603,1888
4001,FR,0.05,0,7.872899994254112,734,29
4001,FR,0.15,0,11.57200000307057,2255,267
4001,FR,0.35,0,19.80819999880623,5268,1622
4001,FR,1.0,0,22.006600003805943,14959,13428
4001,FR,0.25,0,9.855099997366779,3758,802
4001,FR,0.1,0,5.177900005946867,1502,115
4001,FR,0.5,0,12.62029999634251,7495,3295
4001,FR,0.75,0,17.196000000694767,11166,7394
4001,FR,1.0,1,20.452900003874674,14959,13428
4001,FR,0.35,1,9.769900003448129,5268,1622
4001,FR,0.15,1,5.311699991580099,2255,267
4001,FR,0.1,1,4.185199999483302,1502,115
4001,FR,0.5,1,17.766099990694784,7495,3295
4001,FR,0.05,1,4.596500002662651,734,29
4001,FR,0.25,1,10.435499993036501,3758,802
4001,FR,0.75,1,28.378199989674613,11166,7394
4001,FR,0.15,2,13.510400007362477,2255,267
4001,FR,0.35,2,31.205999999656342,5268,1622
4001,FR,1.0,2,43.26330000185408,14959,13428
4001,FR,0.05,2,3.8241000002017245,734,29
4001,FR,0.5,2,23.670900001889095,7495,3295
4001,FR,0.1,2,16.315899993060157,1502,115
4001,FR,0.75,2,75.91270000557415,11166,7394
4001,FR,0.25,2,13.694599998416379,3758,802
4001,DE,0.05,0,9.122799994656816,467,15
4001,DE,0.15,0,9.783300003618933,1462,132
4001,DE,0.35,0,13.886100001400337,3487,720
4001,DE,1.0,0,13.354199996683747,9855,5833
4001,DE,0.25,0,5.831700007547624,2460,345
4001,DE,0.1,0,5.014099995605648,940,65
4001,DE,0.5,0,8.909700001822785,4978,1456
4001,DE,0.75,0,18.265700011397712,7474,3386
4001,DE,1.0,1,24.520599996321835,9855,5833
4001,DE,0.35,1,7.5705000053858384,3487,720
4001,DE,0.15,1,4.196800000499934,1462,132
4001,DE,0.1,1,4.969400004483759,940,65
4001,DE,0.5,1,14.743399995495565,4978,1456
4001,DE,0.05,1,4.582499997923151,467,15
4001,DE,0.25,1,9.061400007340126,2460,345
4001,DE,0.75,1,17.049300004146062,7474,3386
4001,DE,0.15,2,4.098300007171929,1462,132
4001,DE,0.35,2,6.422600010409951,3487,720
4001,DE,1.0,2,21.005699993111193,9855,5833
4001,DE,0.05,2,5.045400001108646,467,15
4001,DE,0.5,2,23.70810000866186,4978,1456
4001,DE,0.1,2,15.349199995398521,940,65
4001,DE,0.75,2,45.77090000384487,7474,3386
4001,DE,0.25,2,21.389499990618788,2460,345
4001,ES,0.05,0,11.288100009551272,441,15
4001,ES,0.15,0,12.233100002049468,1355,120
4001,ES,0.35,0,20.322600001236424,3134,594
4001,ES,1.0,0,38.32749999128282,9093,4960
4001,ES,0.25,0,12.534699999378063,2263,317
4001,ES,0.1,0,13.105200006975792,880,48
4001,ES,0.5,0,24.50890000909567,4486,1167
4001,ES,0.75,0,35.53010000905488,6729,2728
4001,ES,1.0,1,52.12089999986347,9093,4960
4001,ES,0.35,1,22.86130000720732,3134,594
4001,ES,0.15,1,6.5337999985786155,1355,120
4001,ES,0.1,1,3.7791999930050224,880,48
4001,ES,0.5,1,12.584700001752935,4486,1167
4001,ES,0.05,1,4.690300003858283,441,15
4001,ES,0.25,1,7.188200004748069,2263,317
4001,ES,0.75,1,22.15520000027027,6729,2728
4001,ES,0.15,2,10.729299989179708,1355,120
4001,ES,0.35,2,17.813400001614355,3134,594
4001,ES,1.0,2,30.96720000030473,9093,4960
4001,ES,0.05,2,5.971899998257868,441,15
4001,ES,0.5,2,14.068000004044734,4486,1167
4001,ES,0.1,2,3.503400002955459,880,48
4001,ES,0.75,2,17.114500005845912,6729,2728
4001,ES,0.25,2,8.158900003763847,2263,317
4001,IT,0.05,0,3.223799998522736,450,24
4001,IT,0.15,0,4.3600000062724575,1306,130
4001,IT,0.35,0,6.285900002694689,3026,584
4001,IT,1.0,0,16.217099997447804,8664,4587
4001,IT,0.25,0,7.007699998212047,2194,317
4001,IT,0.1,0,4.336400001193397,882,61
4001,IT,0.5,0,7.586300009279512,4299,1127
4001,IT,0.75,0,10.104500004672445,6474,2565
4001,IT,1.0,1,10.839000009582378,8664,4587
4001,IT,0.35,1,5.7188999926438555,3026,584
4001,IT,0.15,1,3.9259000041056424,1306,130
4001,IT,0.1,1,4.14920000184793,882,61
4001,IT,0.5,1,7.078099995851517,4299,1127
4001,IT,0.05,1,3.4161999938078225,450,24
4001,IT,0.25,1,4.984399987733923,2194,317
4001,IT,0.75,1,10.064699992653914,6474,2565
4001,IT,0.15,2,4.145700004301034,1306,130
4001,IT,0.35,2,5.776899997727014,3026,584
4001,IT,1.0,2,22.373300002072938,8664,4587
4001,IT,0.05,2,7.473500008927658,450,24
4001,IT,0.5,2,14.545099998940714,4299,1127
4001,IT,0.1,2,8.973499992862344,882,61
4001,IT,0.75,2,23.05770000384655,6474,2565
4001,IT,0.25,2,11.920599994482473,2194,317
4001,NL,0.05,0,3.819399993517436,371,10
4001,NL,0.15,0,6.068299990147352,1092,78
4001,NL,0.35,0,6.244099989999086,2530,387
4001,NL,1.0,0,11.49799999257084,7429,3350
4001,NL,0.25,0,5.473400000482798,1796,204
4001,NL,0.1,0,4.8057999956654385,750,35
4001,NL,0.5,0,6.381300001521595,3620,807
4001,NL,0.75,0,20.57520000380464,5515,1827
4001,NL,1.0,1,10.188100000959821,7429,3350
4001,NL,0.35,1,5.652499996358529,2530,387
4001,NL,0.15,1,3.726399998413399,1092,78
4001,NL,0.1,1,3.20909998845309,750,35
4001,NL,0.5,1,7.474199999705888,3620,807
4001,NL,0.05,1,2.8882999904453754,371,10
4001,NL,0.25,1,7.061199998133816,1796,204
4001,NL,0.75,1,9.342399993329309,5515,1827
4001,NL,0.15,2,5.494900004123338,1092,78
4001,NL,0.35,2,6.207000013091601,2530,387
4001,NL,1.0,2,11.503599991556257,7429,3350
4001,NL,0.05,2,2.6114999927813187,371,10
4001,NL,0.5,2,11.590399997658096,3620,807
4001,NL,0.1,2,4.48560000222642,750,35
4001,NL,0.75,2,14.443199994275346,5515,1827
4001,NL,0.25,2,5.4782999941380695,1796,204
4002,FR,1.0,0,44.83579999941867,14959,13428
4002,FR,0.35,0,20.12619999004528,5146,1552
4002,FR,0.15,0,181.5939999942202,2213,302
4002,FR,0.1,0,115.73419999331236,1449,135
4002,FR,0.5,0,43.97310000786092,7420,3181
4002,FR,0.05,0,11.475199993583374,709,31
4002,FR,0.25,0,29.832700005499646,3714,820
4002,FR,0.75,0,54.986200004350394,11175,7404
4002,FR,0.15,1,19.081199992797337,2213,302
4002,FR,0.35,1,28.6640999984229,5146,1552
4002,FR,1.0,1,63.41000000247732,14959,13428
4002,FR,0.05,1,12.798299998394214,709,31
4002,FR,0.5,1,29.654199999640696,7420,3181
4002,FR,0.1,1,13.417599999229424,1449,135
4002,FR,0.75,1,52.235999988624826,11175,7404
4002,FR,0.25,1,25.833200008491985,3714,820
4002,FR,0.75,2,33.009400009177625,11175,7404
4002,FR,0.35,2,27.44620000885334,5146,1552
4002,FR,0.1,2,12.251800013473257,1449,135
4002,FR,0.05,2,11.455300002126023,709,31
4002,FR,0.25,2,34.46080000139773,3714,820
4002,FR,0.15,2,57.12399999902118,2213,302
4002,FR,0.5,2,29.914900005678646,7420,3181
4002,FR,1.0,2,43.98459999356419,14959,13428
4002,DE,1.0,0,18.30980001250282,9855,5833
4002,DE,0.35,0,12.12390000000596,3434,677
4002,DE,0.15,0,4.924900000332855,1490,135
4002,DE,0.1,0,4.447200000868179,962,59
4002,DE,0.5,0,11.704200005624443,4943,1446
4002,DE,0.05,0,3.401599999051541,494,13
4002,DE,0.25,0,5.088200006866828,2417,342
4002,DE,0.75,0,15.374099995824508,7405,3261
4002,DE,0.15,1,17.94839999638498,1490,135
4002,DE,0.35,1,8.826799996313639,3434,677
4002,DE,1.0,1,35.995400001411326,9855,5833
4002,DE,0.05,1,15.420000010635704,494,13
4002,DE,0.5,1,36.33509999781381,4943,1446
4002,DE,0.1,1,6.118600009358488,962,59
4002,DE,0.75,1,20.697899992228486,7405,3261
4002,DE,0.25,1,9.074400004465133,2417,342
4002,DE,0.75,2,34.73669999220874,7405,3261
4002,DE,0.35,2,8.428300003288314,3434,677
4002,DE,0.1,2,7.049199994071387,962,59
4002,DE,0.05,2,3.088700002990663,494,13
4002,DE,0.25,2,5.404099996667355,2417,342
4002,DE,0.15,2,4.2757000046549365,1490,135
4002,DE,0.5,2,19.594099998357706,4943,1446
4002,DE,1.0,2,19.75740000489168,9855,5833
4002,ES,1.0,0,18.492600007448345,9093,4960
4002,ES,0.35,0,6.759899988537654,3183,601
4002,ES,0.15,0,4.03359999472741,1354,93
4002,ES,0.1,0,3.2976999937091023,922,49
4002,ES,0.5,0,8.660300009069033,4548,1269
4002,ES,0.05,0,4.131699999561533,449,16
4002,ES,0.25,0,9.872900001937523,2259,315
4002,ES,0.75,0,17.736199995852076,6858,2864
4002,ES,0.15,1,10.427399989566766,1354,93
4002,ES,0.35,1,20.52190000540577,3183,601
4002,ES,1.0,1,27.444999999715947,9093,4960
4002,ES,0.05,1,6.376299992552958,449,16
4002,ES,0.5,1,27.84960001008585,4548,1269
4002,ES,0.1,1,4.195300003630109,922,49
4002,ES,0.75,1,18.523299993830733,6858,2864
4002,ES,0.25,1,7.601700010127388,2259,315
4002,ES,0.75,2,14.455199998337775,6858,2864
4002,ES,0.35,2,7.228899994515814,3183,601
4002,ES,0.1,2,3.3313000021735206,922,49
4002,ES,0.05,2,2.9508000006899238,449,16
4002,ES,0.25,2,6.931099997018464,2259,315
4002,ES,0.15,2,5.471700002090074,1354,93
4002,ES,0.5,2,11.121200004708953,4548,1269
4002,ES,1.0,2,16.90289999532979,9093,4960
4002,IT,1.0,0,11.331899993820116,8664,4587
4002,IT,0.35,0,7.3917999980039895,3065,605
4002,IT,0.15,0,4.33149999298621,1318,129
4002,IT,0.1,0,10.461399986525066,879,51
4002,IT,0.5,0,22.595600006752647,4390,1215
4002,IT,0.05,0,3.8724000041838735,448,12
4002,IT,0.25,0,5.28709999343846,2199,331
4002,IT,0.75,0,14.440900005865842,6522,2582
4002,IT,0.15,1,5.178799998247996,1318,129
4002,IT,0.35,1,9.823599990340881,3065,605
4002,IT,1.0,1,24.229700007708743,8664,4587
4002,IT,0.05,1,4.126300002099015,448,12
4002,IT,0.5,1,10.303899995051324,4390,1215
4002,IT,0.1,1,4.018499996163882,879,51
4002,IT,0.75,1,14.220000011846423,6522,2582
4002,IT,0.25,1,5.685399999492802,2199,331
4002,IT,0.75,2,11.18470000801608,6522,2582
4002,IT,0.35,2,5.805900000268593,3065,605
4002,IT,0.1,2,3.743399996892549,879,51
4002,IT,0.05,2,3.0319000070448965,448,12
4002,IT,0.25,2,4.757400005473755,2199,331
4002,IT,0.15,2,4.0609999996377155,1318,129
4002,IT,0.5,2,8.793000000878237,4390,1215
4002,IT,1.0,2,18.357400011154823,8664,4587
4002,NL,1.0,0,9.993700004997663,7429,3350
4002,NL,0.35,0,5.4146000038599595,2631,418
4002,NL,0.15,0,3.6077000113436952,1126,100
4002,NL,0.1,0,3.029900006367825,755,45
4002,NL,0.5,0,7.694100000662729,3781,879
4002,NL,0.05,0,2.7460999990580603,364,11
4002,NL,0.25,0,5.35449999733828,1866,214
4002,NL,0.75,0,11.206199997104704,5597,1891
4002,NL,0.15,1,3.6602000036509708,1126,100
4002,NL,0.35,1,5.45159999455791,2631,418
4002,NL,1.0,1,13.040799996815622,7429,3350
4002,NL,0.05,1,3.1570999999530613,364,11
4002,NL,0.5,1,6.42639999568928,3781,879
4002,NL,0.1,1,3.0630999972345307,755,45
4002,NL,0.75,1,9.190500000840984,5597,1891
4002,NL,0.25,1,4.395500000100583,1866,214
4002,NL,0.75,2,8.97330000589136,5597,1891
4002,NL,0.35,2,5.29380000079982,2631,418
4002,NL,0.1,2,3.191199997672811,755,45
4002,NL,0.05,2,2.5605999981053174,364,11
4002,NL,0.25,2,4.343799999332987,1866,214
4002,NL,0.15,2,4.392899994854815,1126,100
4002,NL,0.5,2,6.591900004423223,3781,879
4002,NL,1.0,2,9.978900008718483,7429,3350
4003,FR,0.15,0,27.806199999758974,2213,295
4003,FR,0.35,0,18.58290001109708,5223,1622
4003,FR,1.0,0,55.693699992843904,14959,13428
4003,FR,0.05,0,10.564999989583157,748,37
4003,FR,0.5,0,36.93020000355318,7556,3409
4003,FR,0.1,0,13.29010000335984,1490,132
4003,FR,0.75,0,40.71410000324249,11230,7571
4003,FR,0.25,0,14.472000009845942,3678,811
4003,FR,0.75,1,37.10399998817593,11230,7571
4003,FR,0.35,1,20.876900001894683,5223,1622
4003,FR,0.1,1,10.625100010656752,1490,132
4003,FR,0.05,1,5.199199993512593,748,37
4003,FR,0.25,1,11.248200011323206,3678,811
4003,FR,0.15,1,5.598399991868064,2213,295
4003,FR,0.5,1,14.065099996514618,7556,3409
4003,FR,1.0,1,38.8295000011567,14959,13428
4003,FR,0.15,2,14.873799998895265,2213,295
4003,FR,0.1,2,18.467499990947545,1490,132
4003,FR,1.0,2,72.80150000588037,14959,13428
4003,FR,0.05,2,8.892700003343634,748,37
4003,FR,0.75,2,56.31909999647178,11230,7571
4003,FR,0.35,2,43.866399995749816,5223,1622
4003,FR,0.5,2,47.12869999639224,7556,3409
4003,FR,0.25,2,15.752100007375702,3678,811
4003,DE,0.15,0,7.095999986631796,1496,142
4003,DE,0.35,0,8.711399990716018,3461,733
4003,DE,1.0,0,31.77069999219384,9855,5833
4003,DE,0.05,0,11.432400002377108,473,13
4003,DE,0.5,0,25.963299995055422,4905,1463
4003,DE,0.1,0,11.907199994311668,979,57
4003,DE,0.75,0,34.38290000485722,7344,3198
4003,DE,0.25,0,14.835199996014126,2495,393
4003,DE,0.75,1,32.869200003915466,7344,3198
4003,DE,0.35,1,15.646100000594743,3461,733
4003,DE,0.1,1,19.10810000845231,979,57
4003,DE,0.05,1,12.276200010091998,473,13
4003,DE,0.25,1,18.657699998584576,2495,393
4003,DE,0.15,1,11.609799999860115,1496,142
4003,DE,0.5,1,20.4826000117464,4905,1463
4003,DE,1.0,1,29.644599999301136,9855,5833
4003,DE,0.15,2,11.461900008725934,1496,142
4003,DE,0.1,2,12.02999999804888,979,57
4003,DE,1.0,2,31.588900004862808,9855,5833
4003,DE,0.05,2,4.297300009056926,473,13
4003,DE,0.75,2,25.048399998922832,7344,3198
4003,DE,0.35,2,14.080900000408292,3461,733
4003,DE,0.5,2,9.862000006251037,4905,1463
4003,DE,0.25,2,5.4062999988673255,2495,393
4003,ES,0.15,0,5.094599997391924,1324,112
4003,ES,0.35,0,6.105400010710582,3085,587
4003,ES,1.0,0,14.213200003723614,9093,4960
4003,ES,0.05,0,7.249799993587658,460,17
4003,ES,0.5,0,26.034299997263588,4459,1215
4003,ES,0.1,0,14.31459999002982,908,56
4003,ES,0.75,0,37.20890000113286,6791,2729
4003,ES,0.25,0,13.760599991655909,2218,312
4003,ES,0.75,1,26.689700011047535,6791,2729
4003,ES,0.35,1,16.348500008461997,3085,587
4003,ES,0.1,1,10.076699996716343,908,56
4003,ES,0.05,1,8.544299998902716,460,17
4003,ES,0.25,1,14.872600004309788,2218,312
4003,ES,0.15,1,10.031700003310107,1324,112
4003,ES,0.5,1,26.092200001585297,4459,1215
4003,ES,1.0,1,38.36099999898579,9093,4960
4003,ES,0.15,2,18.74840000527911,1324,112
4003,ES,0.1,2,12.464499988709576,908,56
4003,ES,1.0,2,30.844399996567518,9093,4960
4003,ES,0.05,2,12.105200003134087,460,17
4003,ES,0.75,2,34.96990000712685,6791,2729
4003,ES,0.35,2,19.53720000165049,3085,587
4003,ES,0.5,2,19.75249999668449,4459,1215
4003,ES,0.25,2,15.332900002249517,2218,312
4003,IT,0.15,0,9.09469999896828,1313,112
4003,IT,0.35,0,19.371599992155097,3012,568
4003,IT,1.0,0,43.988100005663,8664,4587
4003,IT,0.05,0,10.48820000141859,436,6
4003,IT,0.5,0,21.670999994967133,4369,1166
4003,IT,0.1,0,9.164899995084852,894,42
4003,IT,0.75,0,31.55719999631401,6494,2600
4003,IT,0.25,0,13.952199995401315,2174,294
4003,IT,0.75,1,25.358299986692145,6494,2600
4003,IT,0.35,1,14.981700005591847,3012,568
4003,IT,0.1,1,9.504600006039254,894,42
4003,IT,0.05,1,7.065900004818104,436,6
4003,IT,0.25,1,12.74040000862442,2174,294
4003,IT,0.15,1,11.989899998297915,1313,112
4003,IT,0.5,1,18.938799999887124,4369,1166
4003,IT,1.0,1,26.5542999986792,8664,4587
4003,IT,0.15,2,11.258700003963895,1313,112
4003,IT,0.1,2,5.096399996546097,894,42
4003,IT,1.0,2,25.212799999280833,8664,4587
4003,IT,0.05,2,7.5527000008150935,436,6
4003,IT,0.75,2,26.14079999329988,6494,2600
4003,IT,0.35,2,14.537800001562573,3012,568
4003,IT,0.5,2,17.934999996214174,4369,1166
4003,IT,0.25,2,9.800100000575185,2174,294
4003,NL,0.15,0,5.198200000450015,1113,66
4003,NL,0.35,0,9.686999997938983,2585,384
4003,NL,1.0,0,24.606999999377877,7429,3350
4003,NL,0.05,0,9.706799988634884,361,6
4003,NL,0.5,0,24.363099990296178,3711,801
4003,NL,0.1,0,12.332700003753416,743,31
4003,NL,0.75,0,36.60999999556225,5547,1861
4003,NL,0.25,0,15.92059999529738,1851,192
4003,NL,0.75,1,30.518300001858734,5547,1861
4003,NL,0.35,1,19.15190000727307,2585,384
4003,NL,0.1,1,11.817400009022094,743,31
4003,NL,0.05,1,10.788100000354461,361,6
4003,NL,0.25,1,21.072699993965216,1851,192
4003,NL,0.15,1,7.604099999298342,1113,66
4003,NL,0.5,1,23.166900005890056,3711,801
4003,NL,1.0,1,28.846400004113093,7429,3350
4003,NL,0.15,2,10.229300009086728,1113,66
4003,NL,0.1,2,10.175500006880611,743,31
4003,NL,1.0,2,30.07649999926798,7429,3350
4003,NL,0.05,2,10.788600004161708,361,6
4003,NL,0.75,2,41.124700001091696,5547,1861
4003,NL,0.35,2,18.67839999613352,2585,384
4003,NL,0.5,2,21.496000001206994,3711,801
4003,NL,0.25,2,13.970600004540756,1851,192
4004,FR,0.75,0,69.20040000113659,11210,7507
4004,FR,0.35,0,33.83090000716038,5176,1589
4004,FR,0.1,0,12.437700002919883,1484,113
4004,FR,0.05,0,9.346099992399104,735,27
4004,FR,0.25,0,17.598699996597134,3729,820
4004,FR,0.15,0,13.20119999581948,2240,263
4004,FR,0.5,0,27.015100000426173,7429,3333
4004,FR,1.0,0,30.885200001648627,14959,13428
4004,FR,0.15,1,7.837900004233234,2240,263
4004,FR,0.1,1,4.0972999995574355,1484,113
4004,FR,1.0,1,20.546600004308857,14959,13428
4004,FR,0.05,1,4.2421999969519675,735,27
4004,FR,0.75,1,16.935199993895367,11210,7507
4004,FR,0.35,1,10.52319999143947,5176,1589
4004,FR,0.5,1,13.851800002157688,7429,3333
4004,FR,0.25,1,7.115500004147179,3729,820
4004,FR,1.0,2,21.130900000571273,14959,13428
4004,FR,0.05,2,3.4989999985555187,735,27
4004,FR,0.35,2,9.82379999186378,5176,1589
4004,FR,0.1,2,4.739800002425909,1484,113
4004,FR,0.15,2,5.159799999091774,2240,263
4004,FR,0.5,2,16.027999998186715,7429,3333
4004,FR,0.75,2,18.093000006047077,11210,7507
4004,FR,0.25,2,7.635299989487976,3729,820
4004,DE,0.75,0,20.813099996303208,7351,3214
4004,DE,0.35,0,21.956699987640604,3426,711
4004,DE,0.1,0,15.855400008149445,972,55
4004,DE,0.05,0,9.798799990676343,495,15
4004,DE,0.25,0,18.326699995668605,2497,382
4004,DE,0.15,0,13.954800000647083,1467,132
4004,DE,0.5,0,45.09390000021085,4900,1424
4004,DE,1.0,0,29.463699989719316,9855,5833
4004,DE,0.15,1,29.01450000354089,1467,132
4004,DE,0.1,1,10.334000005968846,972,55
4004,DE,1.0,1,31.40480000001844,9855,5833
4004,DE,0.05,1,9.567700006300583,495,15
4004,DE,0.75,1,27.205100006540306,7351,3214
4004,DE,0.35,1,15.184900010353886,3426,711
4004,DE,0.5,1,26.686199998948723,4900,1424
4004,DE,0.25,1,13.517800005502068,2497,382
4004,DE,1.0,2,29.490000000805594,9855,5833
4004,DE,0.05,2,8.531400002539158,495,15
4004,DE,0.35,2,13.854500008164905,3426,711
4004,DE,0.1,2,7.455500002834015,972,55
4004,DE,0.15,2,10.893699989537708,1467,132
4004,DE,0.5,2,24.222599997301586,4900,1424
4004,DE,0.75,2,24.6626999869477,7351,3214
4004,DE,0.25,2,7.751999990432523,2497,382
4004,ES,0.75,0,21.914199998718686,6766,2757
4004,ES,0.35,0,14.26280000305269,3136,630
4004,ES,0.1,0,8.679899998242036,920,56
4004,ES,0.05,0,7.39100000646431,444,11
4004,ES,0.25,0,11.242499997024424,2267,317
4004,ES,0.15,0,7.698999994318001,1349,110
4004,ES,0.5,0,9.168100004899316,4486,1249
4004,ES,1.0,0,19.08690000709612,9093,4960
4004,ES,0.15,1,7.049699997878633,1349,110
4004,ES,0.1,1,4.430300003150478,920,56
4004,ES,1.0,1,14.751900002011098,9093,4960
4004,ES,0.05,1,2.962900005513802,444,11
4004,ES,0.75,1,13.00710000214167,6766,2757
4004,ES,0.35,1,8.637499995529652,3136,630
4004,ES,0.5,1,7.965299999341369,4486,1249
4004,ES,0.25,1,5.60859999677632,2267,317
4004,ES,1.0,2,12.502600002335384,9093,4960
4004,ES,0.05,2,2.9405999957816675,444,11
4004,ES,0.35,2,5.765399997471832,3136,630
4004,ES,0.1,2,3.4820000000763685,920,56
4004,ES,0.15,2,3.6334000033093616,1349,110
4004,ES,0.5,2,9.17479999770876,4486,1249
4004,ES,0.75,2,12.80560001032427,6766,2757
4004,ES,0.25,2,4.968900000676513,2267,317
4004,IT,0.75,0,10.40669999201782,6502,2570
4004,IT,0.35,0,5.877899995539337,3034,585
4004,IT,0.1,0,3.525899999658577,881,52
4004,IT,0.05,0,2.6224000030197203,430,12
4004,IT,0.25,0,4.584300011629239,2151,302
4004,IT,0.15,0,3.65359999705106,1282,110
4004,IT,0.5,0,7.3994999984279275,4298,1143
4004,IT,1.0,0,13.61229999747593,8664,4587
4004,IT,0.15,1,4.0182000084314495,1282,110
4004,IT,0.1,1,3.6617000005207956,881,52
4004,IT,1.0,1,15.722500000265427,8664,4587
4004,IT,0.05,1,2.9818000039085746,430,12
4004,IT,0.75,1,9.887899999739602,6502,2570
4004,IT,0.35,1,6.056199999875389,3034,585
4004,IT,0.5,1,8.827600002405234,4298,1143
4004,IT,0.25,1,5.167099996469915,2151,302
4004,IT,1.0,2,18.563100005849265,8664,4587
4004,IT,0.05,2,4.0972999995574355,430,12
4004,IT,0.35,2,7.303699996555224,3034,585
4004,IT,0.1,2,3.916000001481734,881,52
4004,IT,0.15,2,3.751900003408082,1282,110
4004,IT,0.5,2,10.498299991013482,4298,1143
4004,IT,0.75,2,27.568500008783303,6502,2570
4004,IT,0.25,2,9.747700009029359,2151,302
4004,NL,0.75,0,31.11440000066068,5618,1962
4004,NL,0.35,0,16.511399997398257,2625,411
4004,NL,0.1,0,9.78959999338258,763,35
4004,NL,0.05,0,8.670600000186823,394,7
4004,NL,0.25,0,13.046599997323938,1908,212
4004,NL,0.15,0,10.668000002624467,1164,77
4004,NL,0.5,0,19.048600006499328,3794,864
4004,NL,1.0,0,34.39780000189785,7429,3350
4004,NL,0.15,1,14.362400004756637,1164,77
4004,NL,0.1,1,10.108699992997572,763,35
4004,NL,1.0,1,32.41349999734666,7429,3350
4004,NL,0.05,1,8.481900003971532,394,7
4004,NL,0.75,1,27.491699991514906,5618,1962
4004,NL,0.35,1,17.520300010801293,2625,411
4004,NL,0.5,1,18.428600000333972,3794,864
4004,NL,0.25,1,15.194899999187328,1908,212
4004,NL,1.0,2,24.796099998638965,7429,3350
4004,NL,0.05,2,8.184700011042878,394,7
4004,NL,0.35,2,16.27550000557676,2625,411
4004,NL,0.1,2,14.799199998378754,763,35
4004,NL,0.15,2,7.6176000002305955,1164,77
4004,NL,0.5,2,9.200400003464893,3794,864
4004,NL,0.75,2,9.224900000845082,5618,1962
4004,NL,0.25,2,5.049200000939891,1908,212
