run,method,node_f,edge_f,cost_ms,error,business_queries
0,random,0.75,0.1,3.5506999993231148,0.09889782543938054,4
0,random,0.75,0.05,3.8496000051964074,0.37150694325389993,4
0,random,1.0,0.05,3.448300005402416,0.37150694325389993,4
0,random,0.25,0.15,3.0115999979898334,0.09720555460312018,4
0,random,0.05,0.15,3.6703999794553965,0.09720555460312018,4
0,random,0.15,0.05,2.994899987243116,0.37150694325389993,4
0,random,0.35,0.05,3.0678999901283532,0.37150694325389993,4
0,random,0.25,1.0,2.944099949672818,0.024048706240487064,4
0,random,0.25,0.1,2.9223000165075064,0.09889782543938054,4
0,random,0.75,0.15,3.296199982287362,0.09720555460312018,4
0,random,0.75,0.5,2.923400024883449,0.031575811736669644,4
0,random,0.15,0.25,2.975299983518198,0.0593607305936073,4
0,random,0.25,0.75,2.9202000005170703,0.024048706240487064,4
0,random,0.15,0.75,3.1522999925073236,0.0593607305936073,4
0,random,0.35,0.5,3.1268000311683863,0.031575811736669644,4
0,random,0.1,0.5,2.9112000192981213,0.06443429731100964,4
0,surrogate,1.0,1.0,2.9306000215001404,0.0,4
0,surrogate,0.75,0.75,3.016199974808842,0.0204216727898587,4
0,surrogate,0.75,1.0,2.8871999820694327,0.002942668696093354,4
0,surrogate,0.5,1.0,2.929900016169995,0.0076103500761035,4
0,surrogate,0.05,0.05,3.1418999715242535,0.37150694325389993,4
0,surrogate,0.1,1.0,4.01949996012263,0.06443429731100964,4
0,surrogate,1.0,0.75,3.0206000374164432,0.0204216727898587,4
0,surrogate,0.75,0.5,3.004200028954074,0.031575811736669644,4
0,surrogate,1.0,0.05,2.836799976648763,0.37150694325389993,4
0,surrogate,0.5,0.5,3.339799994137138,0.031575811736669644,4
0,surrogate,0.5,0.75,3.1199999793898314,0.0204216727898587,4
0,surrogate,1.0,0.5,3.2135000510606915,0.031575811736669644,4
0,surrogate,0.05,0.5,3.07290002820082,0.08777270421106037,4
0,surrogate,0.35,0.75,2.9664999747183174,0.0204216727898587,4
0,surrogate,0.35,0.5,3.361899987794459,0.031575811736669644,4
0,surrogate,0.5,0.35,3.247499989811331,0.03339351826521486,4
0,nsga2,0.75,0.1,2.9244000324979424,0.09889782543938054,4
0,nsga2,0.75,0.5,2.98839999595657,0.031575811736669644,4
0,nsga2,0.05,0.5,3.31890003872104,0.08777270421106037,4
0,nsga2,0.35,0.1,3.407300013350323,0.09889782543938054,4
0,nsga2,1.0,0.75,3.1904999632388353,0.0204216727898587,4
0,nsga2,0.75,0.25,2.968600019812584,0.03485254691689008,4
0,nsga2,0.35,0.75,3.17209999775514,0.0204216727898587,4
0,nsga2,1.0,0.5,2.9576999659184366,0.031575811736669644,4
0,nsga2,0.5,0.05,3.21499997517094,0.37150694325389993,4
0,nsga2,1.0,0.15,3.3869000035338104,0.09720555460312018,4
0,nsga2,0.35,0.35,3.096000029472634,0.03339351826521486,4
0,nsga2,0.15,0.35,3.146999981254339,0.0593607305936073,4
0,nsga2,0.15,1.0,3.0623999482486397,0.0593607305936073,4
0,nsga2,0.5,0.75,3.378399967914447,0.0204216727898587,4
0,nsga2,0.1,0.25,3.6529000208247453,0.06443429731100964,4
0,nsga2,0.75,0.05,3.076599969062954,0.37150694325389993,4
0,exhaustive,0.05,0.05,3.0771000601816922,0.37150694325389993,4
0,exhaustive,0.05,0.1,3.3404000278096646,0.09889782543938054,4
0,exhaustive,0.05,0.15,3.2939000229816884,0.09720555460312018,4
0,exhaustive,0.05,0.25,3.143700014334172,0.08777270421106037,4
0,exhaustive,0.05,0.35,2.9573000210803,0.08777270421106037,4
0,exhaustive,0.05,0.5,3.709599986905232,0.08777270421106037,4
0,exhaustive,0.05,0.75,2.900900028180331,0.08777270421106037,4
0,exhaustive,0.05,1.0,2.8874999552499503,0.08777270421106037,4
0,exhaustive,0.1,0.05,3.219799982616678,0.37150694325389993,4
0,exhaustive,0.1,0.1,3.2407999970018864,0.09889782543938054,4
0,exhaustive,0.1,0.15,3.0082000012043864,0.09720555460312018,4
0,exhaustive,0.1,0.25,2.8523999790195376,0.06443429731100964,4
0,exhaustive,0.1,0.35,2.8440000023692846,0.06443429731100964,4
0,exhaustive,0.1,0.5,3.276100062066689,0.06443429731100964,4
0,exhaustive,0.1,0.75,3.4456000139471143,0.06443429731100964,4
0,exhaustive,0.1,1.0,2.981200028443709,0.06443429731100964,4
0,exhaustive,0.15,0.05,2.911099960329011,0.37150694325389993,4
0,exhaustive,0.15,0.1,2.935199998319149,0.09889782543938054,4
0,exhaustive,0.15,0.15,2.8694999928120524,0.09720555460312018,4
0,exhaustive,0.15,0.25,3.276200033724308,0.0593607305936073,4
0,exhaustive,0.15,0.35,2.9308999655768275,0.0593607305936073,4
0,exhaustive,0.15,0.5,2.861300017684698,0.0593607305936073,4
0,exhaustive,0.15,0.75,2.9494000191334635,0.0593607305936073,4
0,exhaustive,0.15,1.0,3.3777000207919627,0.0593607305936073,4
0,exhaustive,0.25,0.05,3.2470000442117453,0.37150694325389993,4
0,exhaustive,0.25,0.1,3.1916999723762274,0.09889782543938054,4
0,exhaustive,0.25,0.15,3.0078999989200383,0.09720555460312018,4
0,exhaustive,0.25,0.25,3.208399983122945,0.03485254691689008,4
0,exhaustive,0.25,0.35,2.97510001109913,0.03339351826521486,4
0,exhaustive,0.25,0.5,3.4414999827276915,0.031575811736669644,4
0,exhaustive,0.25,0.75,3.12320000375621,0.024048706240487064,4
0,exhaustive,0.25,1.0,3.144600021187216,0.024048706240487064,4
0,exhaustive,0.35,0.05,3.076900029554963,0.37150694325389993,4
0,exhaustive,0.35,0.1,3.0025999585632235,0.09889782543938054,4
0,exhaustive,0.35,0.15,2.952700015157461,0.09720555460312018,4
0,exhaustive,0.35,0.25,3.074699954595417,0.03485254691689008,4
0,exhaustive,0.35,0.35,3.0575999699067324,0.03339351826521486,4
0,exhaustive,0.35,0.5,2.855399972759187,0.031575811736669644,4
0,exhaustive,0.35,0.75,2.861299959477037,0.0204216727898587,4
0,exhaustive,0.35,1.0,2.825499977916479,0.01587301587301598,4
0,exhaustive,0.5,0.05,3.25360000715591,0.37150694325389993,4
0,exhaustive,0.5,0.1,3.2671000226400793,0.09889782543938054,4
0,exhaustive,0.5,0.15,2.9688999929931015,0.09720555460312018,4
0,exhaustive,0.5,0.25,2.9091000033076853,0.03485254691689008,4
0,exhaustive,0.5,0.35,2.8444999479688704,0.03339351826521486,4
0,exhaustive,0.5,0.5,3.044900018721819,0.031575811736669644,4
0,exhaustive,0.5,0.75,3.7360000133048743,0.0204216727898587,4
0,exhaustive,0.5,1.0,2.955299976747483,0.0076103500761035,4
0,exhaustive,0.75,0.05,2.964100014651194,0.37150694325389993,4
0,exhaustive,0.75,0.1,2.989500033436343,0.09889782543938054,4
0,exhaustive,0.75,0.15,3.04770001093857,0.09720555460312018,4
0,exhaustive,0.75,0.25,3.6222999915480614,0.03485254691689008,4
0,exhaustive,0.75,0.35,3.0026999884285033,0.03339351826521486,4
0,exhaustive,0.75,0.5,3.0698000045958906,0.031575811736669644,4
0,exhaustive,0.75,0.75,3.069499973207712,0.0204216727898587,4
0,exhaustive,0.75,1.0,3.1814000103622675,0.002942668696093354,4
0,exhaustive,1.0,0.05,3.3467999601271003,0.37150694325389993,4
0,exhaustive,1.0,0.1,3.098700020927936,0.09889782543938054,4
0,exhaustive,1.0,0.15,2.8533999575302005,0.09720555460312018,4
0,exhaustive,1.0,0.25,3.0304999963846058,0.03485254691689008,4
0,exhaustive,1.0,0.35,3.0439999827649444,0.03339351826521486,4
0,exhaustive,1.0,0.5,3.0707000114489347,0.031575811736669644,4
0,exhaustive,1.0,0.75,3.248300025006756,0.0204216727898587,4
0,exhaustive,1.0,1.0,2.9310999962035567,0.0,4
1,nsga2,0.15,0.1,2.9075000202283263,0.06166219839142105,4
1,nsga2,0.1,0.05,3.0021000129636377,0.16578090176581503,4
1,nsga2,0.35,0.05,3.3588000223971903,0.16578090176581503,4
1,nsga2,0.1,1.0,3.077899949857965,0.0015220700152207,4
1,nsga2,1.0,1.0,3.6146999918855727,0.0,4
1,nsga2,1.0,0.1,2.877499966416508,0.06166219839142105,4
1,nsga2,1.0,0.35,2.9987000161781907,0.03982618248739589,4
1,nsga2,0.75,0.05,3.797999961534515,0.16578090176581503,4
1,nsga2,0.75,0.1,3.151900047669187,0.06166219839142105,4
1,nsga2,0.5,1.0,2.9611000209115446,0.005580923389142567,4
1,nsga2,0.35,0.1,2.9113999917171896,0.06166219839142105,4
1,nsga2,0.5,0.75,2.8170999430585653,0.01922014591309983,4
1,nsga2,0.15,0.75,3.701400011777878,0.01922014591309983,4
1,nsga2,0.75,0.75,3.077900008065626,0.01922014591309983,4
1,nsga2,0.05,0.05,2.9180000128690153,0.16578090176581503,4
1,nsga2,0.05,0.35,3.135499980999157,0.03982618248739589,4
1,surrogate,1.0,1.0,2.852799982065335,0.0,4
1,surrogate,0.1,0.05,3.600499971071258,0.16578090176581503,4
1,surrogate,0.75,1.0,2.9550000035669655,0.004122378946899262,4
1,surrogate,1.0,0.75,2.883900044253096,0.01922014591309983,4
1,surrogate,0.05,0.75,2.9956999351270497,0.02546961695300488,4
1,surrogate,1.0,0.5,2.860199980204925,0.01937253557346134,4
1,surrogate,1.0,0.15,3.0218000465538353,0.05910813951273415,4
1,surrogate,0.75,0.75,3.459500032477081,0.01922014591309983,4
1,surrogate,0.5,0.35,2.880799991544336,0.03982618248739589,4
1,surrogate,1.0,0.35,2.901599946198985,0.03982618248739589,4
1,surrogate,1.0,0.25,2.875899983337149,0.03425677688412273,4
1,surrogate,1.0,0.1,3.0694000306539237,0.06166219839142105,4
1,surrogate,0.35,1.0,3.8432999863289297,0.012348037015461222,4
1,surrogate,0.75,0.25,3.090899990638718,0.03425677688412273,4
1,surrogate,1.0,0.05,2.987799991387874,0.16578090176581503,4
1,surrogate,0.75,0.35,2.9924000264145434,0.03982618248739589,4
1,random,0.15,0.1,3.1114999728742987,0.06166219839142105,4
1,random,0.35,0.35,3.47740002325736,0.03982618248739589,4
1,random,0.75,0.75,2.984099992318079,0.01922014591309983,4
1,random,0.75,0.25,3.0674999579787254,0.03425677688412273,4
1,random,0.75,0.05,3.12759997905232,0.16578090176581503,4
1,random,0.05,0.35,3.132299956632778,0.03982618248739589,4
1,random,0.15,0.05,3.682499984279275,0.16578090176581503,4
1,random,0.05,1.0,3.0348000291269273,0.02546961695300488,4
1,random,0.25,1.0,2.9304999916348606,0.009842719431760528,4
1,random,1.0,0.25,3.089300007559359,0.03425677688412273,4
1,random,0.25,0.35,2.8597999771591276,0.03982618248739589,4
1,random,0.25,0.75,2.9824000084772706,0.01922014591309983,4
1,random,0.5,0.1,3.245299943955615,0.06166219839142105,4
1,random,0.25,0.05,3.1210999586619437,0.16578090176581503,4
1,random,0.1,0.5,3.378899971721694,0.01937253557346134,4
1,random,0.05,0.75,2.8676999791059643,0.02546961695300488,4
1,exhaustive,0.05,0.05,2.8931000269949436,0.16578090176581503,4
1,exhaustive,0.05,0.1,3.217599994968623,0.06166219839142105,4
1,exhaustive,0.05,0.15,2.972199989017099,0.05910813951273415,4
1,exhaustive,0.05,0.25,3.1016999564599246,0.03425677688412273,4
1,exhaustive,0.05,0.35,3.06410004850477,0.03982618248739589,4
1,exhaustive,0.05,0.5,3.1818999850656837,0.02546961695300488,4
1,exhaustive,0.05,0.75,3.3657999883871526,0.02546961695300488,4
1,exhaustive,0.05,1.0,3.227900044294074,0.02546961695300488,4
1,exhaustive,0.1,0.05,3.120900015346706,0.16578090176581503,4
1,exhaustive,0.1,0.1,3.1353999802377075,0.06166219839142105,4
1,exhaustive,0.1,0.15,3.1180000223685056,0.05910813951273415,4
1,exhaustive,0.1,0.25,3.7057999870739877,0.03425677688412273,4
1,exhaustive,0.1,0.35,4.383699968457222,0.03982618248739589,4
1,exhaustive,0.1,0.5,3.4810999932233244,0.01937253557346134,4
1,exhaustive,0.1,0.75,3.268499975092709,0.01922014591309983,4
1,exhaustive,0.1,1.0,2.9754000424873084,0.0015220700152207,4
1,exhaustive,0.15,0.05,3.631100000347942,0.16578090176581503,4
1,exhaustive,0.15,0.1,3.275600029155612,0.06166219839142105,4
1,exhaustive,0.15,0.15,3.362899966305122,0.05910813951273415,4
1,exhaustive,0.15,0.25,3.2291999959852546,0.03425677688412273,4
1,exhaustive,0.15,0.35,3.4528999822214246,0.03982618248739589,4
1,exhaustive,0.15,0.5,4.050000017741695,0.01937253557346134,4
1,exhaustive,0.15,0.75,3.7778999540023506,0.01922014591309983,4
1,exhaustive,0.15,1.0,3.306800004793331,0.015977003810415134,4
1,exhaustive,0.25,0.05,3.238200006308034,0.16578090176581503,4
1,exhaustive,0.25,0.1,3.0057000112719834,0.06166219839142105,4
1,exhaustive,0.25,0.15,3.9883000135887414,0.05910813951273415,4
1,exhaustive,0.25,0.25,3.504599997540936,0.03425677688412273,4
1,exhaustive,0.25,0.35,3.6069999914616346,0.03982618248739589,4
1,exhaustive,0.25,0.5,3.4067999513354152,0.01937253557346134,4
1,exhaustive,0.25,0.75,3.3770000154618174,0.01922014591309983,4
1,exhaustive,0.25,1.0,3.906700003426522,0.009842719431760528,4
1,exhaustive,0.35,0.05,3.1743000145070255,0.16578090176581503,4
1,exhaustive,0.35,0.1,3.2868999987840652,0.06166219839142105,4
1,exhaustive,0.35,0.15,3.3952000085264444,0.05910813951273415,4
1,exhaustive,0.35,0.25,3.8670000212732702,0.03425677688412273,4
1,exhaustive,0.35,0.35,4.331700009061024,0.03982618248739589,4
1,exhaustive,0.35,0.5,4.375700023956597,0.01937253557346134,4
1,exhaustive,0.35,0.75,4.2195999994874,0.01922014591309983,4
1,exhaustive,0.35,1.0,3.9949000056367368,0.012348037015461222,4
1,exhaustive,0.5,0.05,4.572700010612607,0.16578090176581503,4
1,exhaustive,0.5,0.1,4.430400003911927,0.06166219839142105,4
1,exhaustive,0.5,0.15,4.1312999674119055,0.05910813951273415,4
1,exhaustive,0.5,0.25,5.408099998021498,0.03425677688412273,4
1,exhaustive,0.5,0.35,3.9426999574061483,0.03982618248739589,4
1,exhaustive,0.5,0.5,3.7008999788668007,0.01937253557346134,4
1,exhaustive,0.5,0.75,3.910700004780665,0.01922014591309983,4
1,exhaustive,0.5,1.0,4.725599981611595,0.005580923389142567,4
1,exhaustive,0.75,0.05,4.265299998223782,0.16578090176581503,4
1,exhaustive,0.75,0.1,3.8324999914038926,0.06166219839142105,4
1,exhaustive,0.75,0.15,3.7455000274349004,0.05910813951273415,4
1,exhaustive,0.75,0.25,4.350199975306168,0.03425677688412273,4
1,exhaustive,0.75,0.35,3.295300033641979,0.03982618248739589,4
1,exhaustive,0.75,0.5,3.2239999854937196,0.01937253557346134,4
1,exhaustive,0.75,0.75,3.0666000384371728,0.01922014591309983,4
1,exhaustive,0.75,1.0,3.0796999926678836,0.004122378946899262,4
1,exhaustive,1.0,0.05,3.282399964518845,0.16578090176581503,4
1,exhaustive,1.0,0.1,3.094200015766546,0.06166219839142105,4
1,exhaustive,1.0,0.15,3.1328999903053045,0.05910813951273415,4
1,exhaustive,1.0,0.25,3.0550999799743295,0.03425677688412273,4
1,exhaustive,1.0,0.35,3.05359999765642,0.03982618248739589,4
1,exhaustive,1.0,0.5,3.3509999921079725,0.01937253557346134,4
1,exhaustive,1.0,0.75,3.016400005435571,0.01922014591309983,4
1,exhaustive,1.0,1.0,2.989600005093962,0.0,4
2,nsga2,0.05,1.0,3.0297000193968415,0.014773714820509392,4
2,nsga2,0.1,0.25,3.7307999737095088,0.05914623692782445,4
2,nsga2,0.1,0.15,3.107399941654876,0.11613996990304207,4
2,nsga2,0.5,0.75,3.0546000052709132,0.014927349154337598,4
2,nsga2,0.15,0.5,2.8794999525416642,0.03480198868506772,4
2,nsga2,0.35,1.0,2.9849999700672925,0.019352033050663242,4
2,nsga2,0.35,0.05,3.1915000290609896,0.31424652837305006,4
2,nsga2,0.25,0.25,3.357699984917417,0.05914623692782445,4
2,nsga2,0.15,0.35,3.0306999979075044,0.03886487570899664,4
2,nsga2,0.1,0.75,3.5632999788504094,0.04619292733471489,4
2,nsga2,0.1,0.5,3.1323000439442694,0.04619292733471489,4
2,nsga2,0.15,0.05,3.32770001841709,0.31424652837305006,4
2,nsga2,0.05,0.15,3.082700044615194,0.11613996990304207,4
2,nsga2,0.25,0.5,3.5754000127781183,0.03480198868506772,4
2,nsga2,0.5,0.35,3.3734000171534717,0.03886487570899664,4
2,nsga2,1.0,0.75,3.204200038453564,0.014927349154337598,4
2,surrogate,1.0,1.0,3.721499990206212,0.0,4
2,surrogate,1.0,0.5,3.428799973335117,0.03480198868506772,4
2,surrogate,1.0,0.05,3.370299964444712,0.31424652837305006,4
2,surrogate,0.05,0.75,3.315100009785965,0.014927349154337598,4
2,surrogate,0.25,0.05,3.271699999459088,0.31424652837305006,4
2,surrogate,0.1,0.75,4.672300041420385,0.04619292733471489,4
2,surrogate,1.0,0.75,3.216000011889264,0.014927349154337598,4
2,surrogate,0.75,0.75,3.037699993001297,0.014927349154337598,4
2,surrogate,0.5,0.35,3.225099964765832,0.03886487570899664,4
2,surrogate,0.75,0.5,3.036700014490634,0.03480198868506772,4
2,surrogate,0.5,0.5,4.209100006846711,0.03480198868506772,4
2,surrogate,0.75,1.0,3.53660000837408,0.008016235413495687,4
2,surrogate,0.05,0.35,2.9642000154126436,0.03886487570899664,4
2,surrogate,0.5,1.0,3.229599999031052,0.012683916793505834,4
2,surrogate,0.5,0.75,3.4742999996524304,0.014927349154337598,4
2,surrogate,0.35,1.0,4.063699976541102,0.019352033050663242,4
2,random,0.05,1.0,3.294499998446554,0.014773714820509392,4
2,random,0.05,0.5,3.583199984859675,0.03480198868506772,4
2,random,1.0,0.75,3.7759999686386436,0.014927349154337598,4
2,random,0.15,1.0,4.321999935200438,0.0343828687300845,4
2,random,0.75,0.5,4.346400004578754,0.03480198868506772,4
2,random,0.1,0.15,3.7847000639885664,0.11613996990304207,4
2,random,0.5,1.0,4.052400006912649,0.012683916793505834,4
2,random,0.75,0.25,5.239699996309355,0.05914623692782445,4
2,random,0.5,0.15,3.937800007406622,0.11613996990304207,4
2,random,0.75,0.75,3.556300012860447,0.014927349154337598,4
2,random,0.15,0.25,3.874799993354827,0.05914623692782445,4
2,random,0.15,0.05,4.3981999915558845,0.31424652837305006,4
2,random,0.35,0.75,4.811100021470338,0.019352033050663242,4
2,random,0.1,0.5,3.8156000373419374,0.04619292733471489,4
2,random,1.0,0.05,3.112000005785376,0.31424652837305006,4
2,random,0.05,0.15,3.579900017939508,0.11613996990304207,4
2,exhaustive,0.05,0.05,3.7005999765824527,0.31424652837305006,4
2,exhaustive,0.05,0.1,3.3740000217221677,0.12566432367563876,4
2,exhaustive,0.05,0.15,3.413100028410554,0.11613996990304207,4
2,exhaustive,0.05,0.25,3.3663999929558486,0.05914623692782445,4
2,exhaustive,0.05,0.35,4.485100012971088,0.03886487570899664,4
2,exhaustive,0.05,0.5,3.902399999788031,0.03480198868506772,4
2,exhaustive,0.05,0.75,3.3130000228993595,0.014927349154337598,4
2,exhaustive,0.05,1.0,3.584599995519966,0.014773714820509392,4
2,exhaustive,0.1,0.05,3.3342999522574246,0.31424652837305006,4
2,exhaustive,0.1,0.1,3.5228999913670123,0.12566432367563876,4
2,exhaustive,0.1,0.15,3.2023999956436455,0.11613996990304207,4
2,exhaustive,0.1,0.25,3.3527000050526112,0.05914623692782445,4
2,exhaustive,0.1,0.35,3.450799995334819,0.04619292733471489,4
2,exhaustive,0.1,0.5,3.452399978414178,0.04619292733471489,4
2,exhaustive,0.1,0.75,3.445799957262352,0.04619292733471489,4
2,exhaustive,0.1,1.0,3.104600007645786,0.04619292733471489,4
2,exhaustive,0.15,0.05,3.0972000386100262,0.31424652837305006,4
2,exhaustive,0.15,0.1,3.25360000715591,0.12566432367563876,4
2,exhaustive,0.15,0.15,3.5597999521996826,0.11613996990304207,4
2,exhaustive,0.15,0.25,3.9926000172272325,0.05914623692782445,4
2,exhaustive,0.15,0.35,3.456000005826354,0.03886487570899664,4
2,exhaustive,0.15,0.5,3.315499983727932,0.03480198868506772,4
2,exhaustive,0.15,0.75,3.2472000166308135,0.0343828687300845,4
2,exhaustive,0.15,1.0,4.074600030435249,0.0343828687300845,4
2,exhaustive,0.25,0.05,4.165000020293519,0.31424652837305006,4
2,exhaustive,0.25,0.1,3.6372999602463096,0.12566432367563876,4
2,exhaustive,0.25,0.15,3.0491999932564795,0.11613996990304207,4
2,exhaustive,0.25,0.25,4.22999999136664,0.05914623692782445,4
2,exhaustive,0.25,0.35,4.032800003187731,0.03886487570899664,4
2,exhaustive,0.25,0.5,3.5497999633662403,0.03480198868506772,4
2,exhaustive,0.25,0.75,3.6447000165935606,0.023865231633130556,4
2,exhaustive,0.25,1.0,3.307500039227307,0.023865231633130556,4
2,exhaustive,0.35,0.05,4.88050002604723,0.31424652837305006,4
2,exhaustive,0.35,0.1,3.6048000038135797,0.12566432367563876,4
2,exhaustive,0.35,0.15,3.546400024788454,0.11613996990304207,4
2,exhaustive,0.35,0.25,3.4490999823901802,0.05914623692782445,4
2,exhaustive,0.35,0.35,3.9346999838016927,0.03886487570899664,4
2,exhaustive,0.35,0.5,3.2923000399023294,0.03480198868506772,4
2,exhaustive,0.35,0.75,3.391499980352819,0.019352033050663242,4
2,exhaustive,0.35,1.0,3.8234999519772828,0.019352033050663242,4
2,exhaustive,0.5,0.05,4.225199954817072,0.31424652837305006,4
2,exhaustive,0.5,0.1,3.824200015515089,0.12566432367563876,4
2,exhaustive,0.5,0.15,3.603999997721985,0.11613996990304207,4
2,exhaustive,0.5,0.25,3.7184000248089433,0.05914623692782445,4
2,exhaustive,0.5,0.35,3.064600023208186,0.03886487570899664,4
2,exhaustive,0.5,0.5,3.4773999941535294,0.03480198868506772,4
2,exhaustive,0.5,0.75,3.0114999681245536,0.014927349154337598,4
2,exhaustive,0.5,1.0,3.0083999736234546,0.012683916793505834,4
2,exhaustive,0.75,0.05,3.0818999803159386,0.31424652837305006,4
2,exhaustive,0.75,0.1,2.8885000210721046,0.12566432367563876,4
2,exhaustive,0.75,0.15,3.0911999638192356,0.11613996990304207,4
2,exhaustive,0.75,0.25,2.9670999792870134,0.05914623692782445,4
2,exhaustive,0.75,0.35,3.0026999884285033,0.03886487570899664,4
2,exhaustive,0.75,0.5,3.5764999920502305,0.03480198868506772,4
2,exhaustive,0.75,0.75,2.930799964815378,0.014927349154337598,4
2,exhaustive,0.75,1.0,2.8748000040650368,0.008016235413495687,4
2,exhaustive,1.0,0.05,3.2472000166308135,0.31424652837305006,4
2,exhaustive,1.0,0.1,3.1153000018093735,0.12566432367563876,4
2,exhaustive,1.0,0.15,2.8802000160794705,0.11613996990304207,4
2,exhaustive,1.0,0.25,2.909399976488203,0.05914623692782445,4
2,exhaustive,1.0,0.35,2.9990000184625387,0.03886487570899664,4
2,exhaustive,1.0,0.5,3.4249000309500843,0.03480198868506772,4
2,exhaustive,1.0,0.75,3.609999956097454,0.014927349154337598,4
2,exhaustive,1.0,1.0,3.6609999951906502,0.0,4
3,nsga2,0.25,0.75,2.966400032164529,0.014510400811770675,4
3,nsga2,0.15,0.05,2.86850004340522,0.28090557044980613,4
3,nsga2,0.5,1.0,2.84309996641241,0.004345210241326292,4
3,nsga2,1.0,0.35,4.154200025368482,0.028749164675299126,4
3,nsga2,0.1,0.05,3.4607999841682613,0.28090557044980613,4
3,nsga2,0.05,0.1,3.301599994301796,0.23622281799225472,4
3,nsga2,0.35,0.1,2.8932000568602234,0.23622281799225472,4
3,nsga2,1.0,0.05,2.9024000104982406,0.28090557044980613,4
3,nsga2,0.1,0.5,3.2116000074893236,0.044059660552031546,4
3,nsga2,0.75,0.75,2.969900000607595,0.007844305431436844,4
3,nsga2,0.25,1.0,2.9870000144001096,0.014510400811770675,4
3,nsga2,0.05,0.75,2.9962000262457877,0.016110702587071327,4
3,nsga2,0.05,0.15,3.0171000107657164,0.141892562804091,4
3,nsga2,0.05,0.25,4.226299992296845,0.06285373845695562,4
3,nsga2,0.1,0.25,3.559500037226826,0.06285373845695562,4
3,nsga2,0.75,0.5,2.890900010243058,0.044059660552031546,4
3,surrogate,1.0,1.0,2.7948000060860068,0.0,4
3,surrogate,0.1,1.0,2.892299962695688,0.008625063419583967,4
3,surrogate,1.0,0.75,3.172400000039488,0.007844305431436844,4
3,surrogate,0.05,1.0,3.371499973582104,0.016110702587071327,4
3,surrogate,0.25,0.05,3.3125999907497317,0.28090557044980613,4
3,surrogate,0.75,1.0,3.0131000094115734,0.005459366713461198,4
3,surrogate,0.75,0.75,3.1169999856501818,0.007844305431436844,4
3,surrogate,0.5,1.0,3.1947999668773264,0.004345210241326292,4
3,surrogate,1.0,0.05,3.6869999894406646,0.28090557044980613,4
3,surrogate,0.5,0.75,3.0510000069625676,0.007844305431436844,4
3,surrogate,0.35,0.75,3.068300022277981,0.007844305431436844,4
3,surrogate,0.25,0.75,3.030200023204088,0.014510400811770675,4
3,surrogate,0.5,0.35,2.891000040108338,0.028749164675299126,4
3,surrogate,0.5,0.5,3.6063000152353197,0.044059660552031546,4
3,surrogate,0.35,1.0,2.8716999804601073,0.0013771109661521411,4
3,surrogate,0.25,1.0,2.917799982242286,0.014510400811770675,4
3,random,0.25,0.75,3.0169000092428178,0.014510400811770675,4
3,random,0.35,0.5,2.9193999944254756,0.044059660552031546,4
3,random,0.35,0.15,3.574400005163625,0.141892562804091,4
3,random,0.1,0.05,2.966600004583597,0.28090557044980613,4
3,random,0.15,1.0,2.844300033757463,0.03263994588195495,4
3,random,1.0,0.15,3.083900024648756,0.141892562804091,4
3,random,0.35,0.75,2.941200014902279,0.007844305431436844,4
3,random,1.0,1.0,2.9952000186312944,0.0,4
3,random,0.5,0.05,3.292699984740466,0.28090557044980613,4
3,random,1.0,0.75,3.036700014490634,0.007844305431436844,4
3,random,0.05,0.35,3.003599966177717,0.028749164675299126,4
3,random,1.0,0.1,2.9642000154126436,0.23622281799225472,4
3,random,0.05,0.05,2.9784000071231276,0.28090557044980613,4
3,random,1.0,0.05,3.4333000367041677,0.28090557044980613,4
3,random,0.15,0.05,3.1080000335350633,0.28090557044980613,4
3,random,0.35,0.25,2.933199953986332,0.06285373845695562,4
3,exhaustive,0.05,0.05,2.934799966169521,0.28090557044980613,4
3,exhaustive,0.05,0.1,2.9127000307198614,0.23622281799225472,4
3,exhaustive,0.05,0.15,3.83590001729317,0.141892562804091,4
3,exhaustive,0.05,0.25,4.085799999302253,0.06285373845695562,4
3,exhaustive,0.05,0.35,2.9448000132106245,0.028749164675299126,4
3,exhaustive,0.05,0.5,2.8602000093087554,0.044059660552031546,4
3,exhaustive,0.05,0.75,3.1467000080738217,0.016110702587071327,4
3,exhaustive,0.05,1.0,3.319600014947355,0.016110702587071327,4
3,exhaustive,0.1,0.05,3.0220999906305224,0.28090557044980613,4
3,exhaustive,0.1,0.1,2.864400012185797,0.23622281799225472,4
3,exhaustive,0.1,0.15,2.8239999955985695,0.141892562804091,4
3,exhaustive,0.1,0.25,2.859200001694262,0.06285373845695562,4
3,exhaustive,0.1,0.35,2.901499974541366,0.028749164675299126,4
3,exhaustive,0.1,0.5,3.2132999622263014,0.044059660552031546,4
3,exhaustive,0.1,0.75,2.906999987317249,0.008625063419583967,4
3,exhaustive,0.1,1.0,2.912899974035099,0.008625063419583967,4
3,exhaustive,0.15,0.05,2.9919999942649156,0.28090557044980613,4
3,exhaustive,0.15,0.1,3.039400005945936,0.23622281799225472,4
3,exhaustive,0.15,0.15,3.1366000475827605,0.141892562804091,4
3,exhaustive,0.15,0.25,3.090800018981099,0.06285373845695562,4
3,exhaustive,0.15,0.35,3.0297000193968415,0.03263994588195495,4
3,exhaustive,0.15,0.5,3.2017000194173306,0.044059660552031546,4
3,exhaustive,0.15,0.75,2.9179999546613544,0.03263994588195495,4
3,exhaustive,0.15,1.0,2.8520000050775707,0.03263994588195495,4
3,exhaustive,0.25,0.05,3.5130000032950193,0.28090557044980613,4
3,exhaustive,0.25,0.1,2.987100015161559,0.23622281799225472,4
3,exhaustive,0.25,0.15,3.142699977615848,0.141892562804091,4
3,exhaustive,0.25,0.25,2.925099979620427,0.06285373845695562,4
3,exhaustive,0.25,0.35,2.8877000440843403,0.028749164675299126,4
3,exhaustive,0.25,0.5,3.5966000286862254,0.044059660552031546,4
3,exhaustive,0.25,0.75,3.2715999986976385,0.014510400811770675,4
3,exhaustive,0.25,1.0,2.977199968881905,0.014510400811770675,4
3,exhaustive,0.35,0.05,2.851000055670738,0.28090557044980613,4
3,exhaustive,0.35,0.1,2.9232999950181693,0.23622281799225472,4
3,exhaustive,0.35,0.15,2.8819999715778977,0.141892562804091,4
3,exhaustive,0.35,0.25,3.343099931953475,0.06285373845695562,4
3,exhaustive,0.35,0.35,3.3013000211212784,0.028749164675299126,4
3,exhaustive,0.35,0.5,3.0875999946147203,0.044059660552031546,4
3,exhaustive,0.35,0.75,2.9593000072054565,0.007844305431436844,4
3,exhaustive,0.35,1.0,2.881500025978312,0.0013771109661521411,4
3,exhaustive,0.5,0.05,3.7681999674532562,0.28090557044980613,4
3,exhaustive,0.5,0.1,2.9836000176146626,0.23622281799225472,4
3,exhaustive,0.5,0.15,2.9848999984096736,0.141892562804091,4
3,exhaustive,0.5,0.25,2.9624000017065555,0.06285373845695562,4
3,exhaustive,0.5,0.35,3.0703999509569257,0.028749164675299126,4
3,exhaustive,0.5,0.5,3.233999974327162,0.044059660552031546,4
3,exhaustive,0.5,0.75,3.4186000120826066,0.007844305431436844,4
3,exhaustive,0.5,1.0,2.9562999843619764,0.004345210241326292,4
3,exhaustive,0.75,0.05,2.835500054061413,0.28090557044980613,4
3,exhaustive,0.75,0.1,3.3366000279784203,0.23622281799225472,4
3,exhaustive,0.75,0.15,3.295400005299598,0.141892562804091,4
3,exhaustive,0.75,0.25,3.807200031587854,0.06285373845695562,4
3,exhaustive,0.75,0.35,3.375799977220595,0.028749164675299126,4
3,exhaustive,0.75,0.5,3.208099980838597,0.044059660552031546,4
3,exhaustive,0.75,0.75,3.4112999856006354,0.007844305431436844,4
3,exhaustive,0.75,1.0,3.8648999761790037,0.005459366713461198,4
3,exhaustive,1.0,0.05,3.5389999975450337,0.28090557044980613,4
3,exhaustive,1.0,0.1,3.9179999730549753,0.23622281799225472,4
3,exhaustive,1.0,0.15,3.1214000191539526,0.141892562804091,4
3,exhaustive,1.0,0.25,3.251100017223507,0.06285373845695562,4
3,exhaustive,1.0,0.35,3.3605000062379986,0.028749164675299126,4
3,exhaustive,1.0,0.5,3.3163999614771456,0.044059660552031546,4
3,exhaustive,1.0,0.75,3.135400009341538,0.007844305431436844,4
3,exhaustive,1.0,1.0,3.081000002566725,0.0,4
4,surrogate,1.0,1.0,3.953499981435016,0.0,4
4,surrogate,0.1,1.0,3.1774999806657434,0.0593607305936073,4
4,surrogate,0.5,1.0,3.179799998179078,0.011263318112633182,4
4,surrogate,0.1,0.75,3.1259000243153423,0.0593607305936073,4
4,surrogate,0.75,0.05,3.188200033036992,0.3029315960912049,4
4,surrogate,0.25,0.75,4.423299978952855,0.01691289524700849,4
4,surrogate,0.05,1.0,3.135600039968267,0.020801623541349568,4
4,surrogate,0.15,1.0,3.026299993507564,0.03838998816167772,4
4,surrogate,0.05,0.05,3.087900026002899,0.3029315960912049,4
4,surrogate,0.25,1.0,3.3522000012453645,0.01691289524700849,4
4,surrogate,0.35,1.0,3.893300046911463,0.015293179676741374,4
4,surrogate,0.05,0.75,3.1375000544358045,0.020801623541349568,4
4,surrogate,1.0,0.5,3.00480003352277,0.043789097408400354,4
4,surrogate,0.15,0.75,3.085999982431531,0.03838998816167772,4
4,surrogate,0.1,0.5,4.4948999711778015,0.0593607305936073,4
4,surrogate,1.0,0.75,4.771399981109425,0.01221022153646882,4
4,nsga2,0.25,0.75,3.7448999646585435,0.01691289524700849,4
4,nsga2,0.35,0.75,3.479199920548126,0.015293179676741374,4
4,nsga2,0.1,0.5,4.604999965522438,0.0593607305936073,4
4,nsga2,0.75,0.15,3.9964999887160957,0.024706173686115433,4
4,nsga2,1.0,0.5,3.1663000117987394,0.043789097408400354,4
4,nsga2,0.15,0.25,2.9558999522123486,0.04498063747393506,4
4,nsga2,0.1,0.25,2.9942999535705894,0.0593607305936073,4
4,nsga2,0.1,0.05,3.3987999777309597,0.3029315960912049,4
4,nsga2,0.35,0.25,3.3056999964173883,0.04498063747393506,4
4,nsga2,0.5,0.1,3.25209999573417,0.08728030980041677,4
4,nsga2,0.15,0.1,3.138800006126985,0.08728030980041677,4
4,nsga2,0.35,0.1,3.2466999837197363,0.08728030980041677,4
4,nsga2,0.1,1.0,3.3540999866090715,0.0593607305936073,4
4,nsga2,0.5,0.15,3.300099982880056,0.024706173686115433,4
4,nsga2,0.15,0.05,3.300100041087717,0.3029315960912049,4
4,nsga2,1.0,0.05,3.1737999815959483,0.3029315960912049,4
4,random,0.25,0.75,3.2100000244099647,0.01691289524700849,4
4,random,0.15,0.25,3.4112000139430165,0.04498063747393506,4
4,random,0.05,0.75,3.198400023393333,0.020801623541349568,4
4,random,0.5,0.75,3.1467999797314405,0.01221022153646882,4
4,random,0.25,0.1,3.1060999899636954,0.08728030980041677,4
4,random,1.0,1.0,3.108300006715581,0.0,4
4,random,0.1,0.1,3.2798000029288232,0.08728030980041677,4
4,random,0.05,0.5,3.2065999694168568,0.043789097408400354,4
4,random,0.05,0.35,3.3257999748457223,0.04502927176232436,4
4,random,0.05,0.1,3.177300008246675,0.08728030980041677,4
4,random,1.0,0.25,3.379100002348423,0.04498063747393506,4
4,random,0.35,0.25,3.2865999964997172,0.04498063747393506,4
4,random,0.15,0.15,3.286200051661581,0.03838998816167772,4
4,random,0.75,0.05,3.101699985563755,0.3029315960912049,4
4,random,0.05,0.25,3.0984999611973763,0.04498063747393506,4
4,random,0.1,0.75,3.199700004188344,0.0593607305936073,4
4,exhaustive,0.05,0.05,3.197200014255941,0.3029315960912049,4
4,exhaustive,0.05,0.1,3.343599964864552,0.08728030980041677,4
4,exhaustive,0.05,0.15,3.2047000131569803,0.024706173686115433,4
4,exhaustive,0.05,0.25,4.337999998824671,0.04498063747393506,4
4,exhaustive,0.05,0.35,3.392699989490211,0.04502927176232436,4
4,exhaustive,0.05,0.5,3.5954999912064523,0.043789097408400354,4
4,exhaustive,0.05,0.75,3.7192000017967075,0.020801623541349568,4
4,exhaustive,0.05,1.0,3.2986000005621463,0.020801623541349568,4
4,exhaustive,0.1,0.05,3.162500011967495,0.3029315960912049,4
4,exhaustive,0.1,0.1,3.1212999601848423,0.08728030980041677,4
4,exhaustive,0.1,0.15,3.3502000442240387,0.0593607305936073,4
4,exhaustive,0.1,0.25,3.3671999990474433,0.0593607305936073,4
4,exhaustive,0.1,0.35,3.1943000212777406,0.0593607305936073,4
4,exhaustive,0.1,0.5,3.199299972038716,0.0593607305936073,4
4,exhaustive,0.1,0.75,3.1142000225372612,0.0593607305936073,4
4,exhaustive,0.1,1.0,3.5797000164166093,0.0593607305936073,4
4,exhaustive,0.15,0.05,3.5721999884117395,0.3029315960912049,4
4,exhaustive,0.15,0.1,3.3716999751050025,0.08728030980041677,4
4,exhaustive,0.15,0.15,3.4365999745205045,0.03838998816167772,4
4,exhaustive,0.15,0.25,3.317099966807291,0.04498063747393506,4
4,exhaustive,0.15,0.35,4.4470000138971955,0.04502927176232436,4
4,exhaustive,0.15,0.5,3.0910999630577862,0.043789097408400354,4
4,exhaustive,0.15,0.75,3.4152000152971596,0.03838998816167772,4
4,exhaustive,0.15,1.0,3.039399947738275,0.03838998816167772,4
4,exhaustive,0.25,0.05,3.4021999745164067,0.3029315960912049,4
4,exhaustive,0.25,0.1,3.076300024986267,0.08728030980041677,4
4,exhaustive,0.25,0.15,3.2287000212818384,0.024706173686115433,4
4,exhaustive,0.25,0.25,3.2801000052131712,0.04498063747393506,4
4,exhaustive,0.25,0.35,2.911799994762987,0.04502927176232436,4
4,exhaustive,0.25,0.5,3.139299980830401,0.043789097408400354,4
4,exhaustive,0.25,0.75,4.089499998372048,0.01691289524700849,4
4,exhaustive,0.25,1.0,3.094399959081784,0.01691289524700849,4
4,exhaustive,0.35,0.05,3.349500009790063,0.3029315960912049,4
4,exhaustive,0.35,0.1,3.4350999630987644,0.08728030980041677,4
4,exhaustive,0.35,0.15,3.3894999942276627,0.024706173686115433,4
4,exhaustive,0.35,0.25,3.387800039490685,0.04498063747393506,4
4,exhaustive,0.35,0.35,3.3019999973475933,0.04502927176232436,4
4,exhaustive,0.35,0.5,3.067299985559657,0.043789097408400354,4
4,exhaustive,0.35,0.75,3.1520000484306365,0.015293179676741374,4
4,exhaustive,0.35,1.0,3.3663999929558486,0.015293179676741374,4
4,exhaustive,0.5,0.05,3.5450000141281635,0.3029315960912049,4
4,exhaustive,0.5,0.1,3.4417000133544207,0.08728030980041677,4
4,exhaustive,0.5,0.15,3.431700053624809,0.024706173686115433,4
4,exhaustive,0.5,0.25,3.2236999832093716,0.04498063747393506,4
4,exhaustive,0.5,0.35,3.4073000424541533,0.04502927176232436,4
4,exhaustive,0.5,0.5,3.1734000076539814,0.043789097408400354,4
4,exhaustive,0.5,0.75,3.1463000632356852,0.01221022153646882,4
4,exhaustive,0.5,1.0,3.0467000033240765,0.011263318112633182,4
4,exhaustive,0.75,0.05,3.072499966947362,0.3029315960912049,4
4,exhaustive,0.75,0.1,3.0759000219404697,0.08728030980041677,4
4,exhaustive,0.75,0.15,3.0903999868314713,0.024706173686115433,4
4,exhaustive,0.75,0.25,3.200300066964701,0.04498063747393506,4
4,exhaustive,0.75,0.35,3.298199997516349,0.04502927176232436,4
4,exhaustive,0.75,0.5,3.2076999777927995,0.043789097408400354,4
4,exhaustive,0.75,0.75,3.1765999738126993,0.01221022153646882,4
4,exhaustive,0.75,1.0,3.3109999785665423,0.004295619820734038,4
4,exhaustive,1.0,0.05,3.2090000167954713,0.3029315960912049,4
4,exhaustive,1.0,0.1,3.1624999828636646,0.08728030980041677,4
4,exhaustive,1.0,0.15,3.131400007987395,0.024706173686115433,4
4,exhaustive,1.0,0.25,3.1114000594243407,0.04498063747393506,4
4,exhaustive,1.0,0.35,3.3334000036120415,0.04502927176232436,4
4,exhaustive,1.0,0.5,3.137499967124313,0.043789097408400354,4
4,exhaustive,1.0,0.75,3.1017000146675855,0.01221022153646882,4
4,exhaustive,1.0,1.0,3.084199968725443,0.0,4
