run,method,evaluations,search_ms,exhaustive_ms,exhaustive_evaluations,node_f,edge_f,reference_cost_ratio,reference_feasible,heldout_max_error,heldout_pass,heldout_queries,heldout_query_ms
0,random,16,51.12889999873005,198.67729998077266,64,0.25,0.75,1.105361892821268,True,0.03694859038142622,True,6,4.561100009595975
0,surrogate,16,51.56900000292808,198.67729998077266,64,0.75,1.0,1.125960019546073,True,0.0020895194105355766,True,6,4.07590001123026
0,nsga2,16,52.22499999217689,198.67729998077266,64,1.0,0.5,1.0867811132362017,True,0.04119402985074627,True,6,4.603099951054901
1,nsga2,16,51.30530000315048,228.7330999970436,64,0.5,0.75,1.3143442726818964,True,0.02792703150912109,True,6,4.136300005484372
1,surrogate,16,50.38090000743978,228.7330999970436,64,1.0,1.0,1.0047724549317352,True,0.0,True,6,3.9963000162970275
1,random,16,50.37450001691468,228.7330999970436,64,0.25,0.35,1.2122739597887267,True,0.08924763935424937,False,6,5.032900022342801
2,nsga2,16,52.7052000106778,222.75419998914003,64,0.15,0.5,1.1532976134130148,True,0.03531206532956428,True,6,13.562699954491109
2,surrogate,16,57.46349997934885,222.75419998914003,64,0.05,0.35,1.5601433166234342,True,0.03219836005036423,True,6,4.5421000104397535
2,random,16,63.96110000787303,222.75419998914003,64,0.05,1.0,1.2469041291398548,True,0.018005540166204988,True,6,4.47010004427284
3,nsga2,16,52.20180001924746,203.54000001680106,64,0.5,1.0,1.0365708201608397,True,0.007386888273314866,True,6,4.27729997318238
3,surrogate,16,51.24839997733943,203.54000001680106,64,1.0,1.0,1.0802945291309443,True,0.0,True,6,4.986299987649545
3,random,16,49.33589999563992,203.54000001680106,64,0.15,1.0,1.0,True,0.04249113833176283,True,6,4.475499998079613
4,surrogate,16,57.57480001193471,212.3876999830827,64,1.0,0.5,1.0775121824188676,True,0.07258064516129033,False,6,4.523999959928915
4,nsga2,16,55.97979997401126,212.3876999830827,64,0.15,0.25,1.1391922428646388,True,0.11164179104477612,False,6,4.552499973215163
4,random,16,51.75660000531934,212.3876999830827,64,0.05,0.25,1.4898001259106992,True,0.11164179104477612,False,6,4.453200032003224
