epoch,request,kind,step,fidelity,bound,accepted,count,query_ms
0,0,node,0,0.75,0.03775608145316644,True,1922,7.059899973683059
0,0,edge,0,1.0,0.0,True,992,15.982699987944216
0,1,node,0,0.75,0.05805215326911305,True,813,4.6938000014051795
0,1,edge,0,1.0,0.0,True,203,7.02290004119277
0,2,node,0,0.25,0.15222684916116666,True,366,3.8767000078223646
0,2,edge,0,0.75,0.15484138351170276,True,208,7.2663999744690955
0,3,node,0,0.75,0.03655835750322452,True,2050,3.536399977747351
0,3,edge,0,1.0,0.0,True,1095,15.184700023382902
0,4,node,0,0.75,0.04447733111680059,True,1385,6.206099991686642
0,4,edge,0,1.0,0.0,True,492,11.437100009061396
0,5,node,0,0.25,0.23095812165826604,False,159,5.528800014872104
0,5,node,1,0.5,0.18707038764979528,True,335,5.60060003772378
0,5,edge,0,0.75,0.3366606614282733,False,44,4.778699949383736
0,5,edge,1,1.0,0.0,True,73,6.307400006335229
0,6,node,0,0.75,0.07402503200720448,False,500,6.270899961236864
0,6,node,1,1.0,0.0,True,682,8.150399953592569
0,6,edge,0,1.0,0.0,True,81,11.197299987543374
0,7,node,0,0.75,0.04552478238022545,True,1322,6.214599998202175
0,7,edge,0,1.0,0.0,True,490,19.46410001255572
0,8,node,0,0.25,0.12451972068820114,True,547,4.043900000397116
0,8,edge,0,0.75,0.10129793121383097,True,486,16.04129996849224
0,9,node,0,0.75,0.04173488726350576,True,1573,7.164699956774712
0,9,edge,0,1.0,0.0,True,641,21.776099980343133
0,10,node,0,0.75,0.04193531207852305,True,1558,5.09079999756068
0,10,edge,0,1.0,0.0,True,707,9.448500000871718
0,11,node,0,0.25,0.13821027017896437,True,444,2.657199976965785
0,11,edge,0,0.75,0.13744113949452597,True,264,17.803599999751896
0,12,node,0,0.75,0.03446194688633075,True,2307,19.45800002431497
0,12,edge,0,1.0,0.0,True,1485,16.37480000499636
0,13,node,0,0.75,0.03951163903558712,True,1755,4.691099980846047
0,13,edge,0,1.0,0.0,True,877,14.081400004215539
0,14,node,0,0.25,0.1219816133658862,True,570,3.381399961654097
0,14,edge,0,0.75,0.1009867233164267,True,489,14.24709998536855
0,15,node,0,0.75,0.04361966842487126,True,1440,11.761299974750727
0,15,edge,0,1.0,0.0,True,603,12.01890001539141
0,16,node,0,0.75,0.04384864463554845,True,1425,4.987599968444556
0,16,edge,0,1.0,0.0,True,540,14.268799975980073
0,17,node,0,0.25,0.15456730135068966,True,355,3.1746000167913735
0,17,edge,0,0.75,0.17599720568691893,True,161,8.740599965676665
0,18,node,0,0.75,0.04731217320652651,True,1224,10.758500022348017
0,18,edge,0,1.0,0.0,True,386,10.91349998023361
0,19,node,0,0.75,0.06361642674341997,True,677,8.732999966014177
0,19,edge,0,1.0,0.0,True,130,8.999900019261986
0,20,node,0,0.25,0.10691283561846847,True,742,3.542000020388514
0,20,edge,0,0.75,0.07668682977399444,True,848,11.992399988230318
0,21,node,0,0.75,0.04383326723909607,True,1426,4.534900013823062
0,21,edge,0,1.0,0.0,True,547,12.165699969045818
0,22,node,0,0.75,0.06160202763411366,True,722,4.7907999833114445
0,22,edge,0,1.0,0.0,True,146,5.458100000396371
0,23,node,0,0.25,0.19372139217432205,True,226,3.9895999943837523
0,23,edge,0,0.75,0.27488227898905193,False,66,8.119600010104477
0,23,edge,1,1.0,0.0,True,107,6.465100042987615
0,24,node,0,0.75,0.036009231882971615,True,2113,4.753499990329146
0,24,edge,0,1.0,0.0,True,1224,17.75399997131899
0,25,node,0,0.75,0.04098610284605692,True,1631,4.234699998050928
0,25,edge,0,1.0,0.0,True,703,9.835599979851395
0,26,node,0,0.25,0.20962986106686696,False,193,3.404200018849224
0,26,node,1,0.5,0.1736011704938888,True,389,5.979100009426475
0,26,edge,0,0.75,0.3292606223550165,False,46,5.720100016333163
0,26,edge,1,1.0,0.0,True,70,5.992499995045364
0,27,node,0,0.75,0.05152568300885392,False,1032,3.7969000404700637
0,27,node,1,1.0,0.0,True,1363,8.964599983301014
0,27,edge,0,1.0,0.0,True,255,10.236900008749217
0,28,node,0,0.75,0.04641090641375243,True,1272,3.9260999765247107
0,28,edge,0,1.0,0.0,True,430,9.48070001322776
0,29,node,0,0.25,0.12509275510350104,True,542,5.025800026487559
0,29,edge,0,0.75,0.11264772762600796,True,393,10.265799995977432
0,30,node,0,0.75,0.04056546765743691,True,1665,4.427299951203167
0,30,edge,0,1.0,0.0,True,792,9.658699971623719
0,31,node,0,0.75,0.030281215884102465,True,2988,8.739399956539273
0,31,edge,0,1.0,0.0,True,2442,17.644100007601082
0,32,node,0,0.25,0.15413373162888205,True,357,4.751799977384508
0,32,edge,0,0.75,0.1544705054138321,True,209,6.6895000054501
0,33,node,0,0.75,0.049197200732601365,True,1132,2.3492000182159245
0,33,edge,0,1.0,0.0,True,348,27.215000009164214
0,34,node,0,0.75,0.0649742473796216,True,649,12.215999944601208
0,34,edge,0,1.0,0.0,True,113,16.27230003941804
0,35,node,0,0.25,0.13334373371093022,True,477,19.791600003372878
0,35,edge,0,0.75,0.11455839285509638,True,380,20.316900045145303
0,36,node,0,0.75,0.07169683780532422,False,533,10.220299998763949
0,36,node,1,1.0,0.0,True,709,6.671299983281642
0,36,edge,0,1.0,0.0,True,83,9.077300026547164
0,37,node,0,0.75,0.032862709851614734,True,2537,13.554800010751933
0,37,edge,0,1.0,0.0,True,1819,25.395400007255375
0,38,node,0,0.25,0.12520831425526013,True,541,3.3094999962486327
0,38,edge,0,0.75,0.1069486891670743,True,436,8.258199959527701
0,39,node,0,0.75,0.03760960703008021,True,1937,6.540899979881942
0,39,edge,0,1.0,0.0,True,1033,15.329300018493086
1,0,node,0,0.75,0.03412342713697417,True,2353,6.4489999786019325
1,0,edge,0,1.0,0.0,True,1523,22.663199983071536
1,1,node,0,0.75,0.047526212508238595,True,1213,12.936700019054115
1,1,edge,0,1.0,0.0,True,427,7.869500026572496
1,2,node,0,0.25,0.1091419739467972,True,712,3.188600006978959
1,2,edge,0,0.75,0.08220354176712749,True,738,14.556500012986362
1,3,node,0,0.75,0.04948215014579277,True,1119,4.239299974869937
1,3,edge,0,1.0,0.0,True,321,9.016799973323941
1,4,node,0,0.75,0.05520567954767117,True,899,6.622899963986129
1,4,edge,0,1.0,0.0,True,212,7.233400014229119
1,5,node,0,0.25,0.1756165552314721,True,275,2.5680999970063567
1,5,edge,0,0.75,0.2233154191260914,False,100,7.317200012039393
1,5,edge,1,1.0,0.0,True,177,10.059099993668497
1,6,node,0,0.75,0.03463502904907429,True,2284,4.73069999134168
1,6,edge,0,1.0,0.0,True,1455,13.183499977458268
1,7,node,0,0.75,0.059343588910458996,True,778,7.816700031980872
1,7,edge,0,1.0,0.0,True,149,11.243100045248866
1,8,node,0,0.25,0.23023524626491257,False,160,4.139199969358742
1,8,node,1,0.5,0.1879136844306639,True,332,3.0143000185489655
1,8,edge,0,0.75,0.4466308382521828,False,25,16.372600046452135
1,8,edge,1,1.0,0.0,True,49,8.804199984297156
1,9,node,0,0.75,0.04336444876272979,True,1457,5.63899998087436
1,9,edge,0,1.0,0.0,True,551,13.82629998261109
1,10,node,0,0.75,0.03564006877761036,True,2157,22.4195999908261
1,10,edge,0,1.0,0.0,True,1236,40.07310001179576
1,11,node,0,0.25,0.12614446421844117,True,533,4.934900032822043
1,11,edge,0,0.75,0.1142581082157973,True,382,41.41370003344491
1,12,node,0,0.75,0.030574241861111136,True,2931,5.111699982080609
1,12,edge,0,1.0,0.0,True,2324,18.788899993523955
1,13,node,0,0.75,0.041074339983377554,True,1624,4.141499986872077
1,13,edge,0,1.0,0.0,True,684,15.326199994888157
1,14,node,0,0.25,0.22603607478936427,False,166,3.1214000191539526
1,14,node,1,0.5,0.18096139537362585,True,358,2.685900020878762
1,14,edge,0,0.75,0.4379575691577275,False,26,4.884099995251745
1,14,edge,1,1.0,0.0,True,54,4.694500006735325
1,15,node,0,0.75,0.05076880882041697,False,1063,4.28039999678731
1,15,node,1,1.0,0.0,True,1416,10.416399978566915
1,15,edge,0,1.0,0.0,True,303,8.18890001391992
1,16,node,0,0.75,0.0519809998081895,True,1014,4.038600018247962
1,16,edge,0,1.0,0.0,True,238,9.112700005061924
1,17,node,0,0.25,0.08829118654192013,True,1088,4.814000043552369
1,17,edge,0,0.75,0.05586378056209344,True,1598,28.04080001078546
1,18,node,0,0.75,0.02881420462956581,True,3300,5.306699953507632
1,18,edge,0,1.0,0.0,True,3050,20.680499961599708
1,19,node,0,0.75,0.02959581022177712,True,3128,4.414799972437322
1,19,edge,0,1.0,0.0,True,2642,20.125799986999482
1,20,node,0,0.25,0.09288702257032493,True,983,6.315200007520616
1,20,edge,0,0.75,0.06256536702253251,True,1274,22.51899999100715
1,21,node,0,0.75,0.0369203302664264,True,2010,9.543900028802454
1,21,edge,0,1.0,0.0,True,1041,16.58639998640865
1,22,node,0,0.75,0.04979462510595269,True,1105,5.142500041984022
1,22,edge,0,1.0,0.0,True,365,7.14729999890551
1,23,node,0,0.25,0.13210329992503256,True,486,11.225400026887655
1,23,edge,0,0.75,0.12622533785560244,True,313,10.792499990202487
1,24,node,0,0.75,0.057523915230717745,False,828,9.276000026147813
1,24,node,1,1.0,0.0,True,1112,5.829100031405687
1,24,edge,0,1.0,0.0,True,175,7.351999985985458
1,25,node,0,0.75,0.031076631504602156,True,2837,5.029499996453524
1,25,edge,0,1.0,0.0,True,2242,17.753400024957955
1,26,node,0,0.25,0.09365232508277027,True,967,3.7823999882675707
1,26,edge,0,0.75,0.06039965435128204,True,1367,29.8915000166744
1,27,node,0,0.75,0.03775608145316644,True,1922,3.820100042503327
1,27,edge,0,1.0,0.0,True,976,12.62920000590384
1,28,node,0,0.75,0.04052897150280813,True,1668,4.995800030883402
1,28,edge,0,1.0,0.0,True,803,11.708700039889663
1,29,node,0,0.25,0.14417890387505972,True,408,4.173399996943772
1,29,edge,0,0.75,0.13393568791106164,True,278,9.46020003175363
1,30,node,0,0.75,0.03811472246836961,True,1886,6.095699965953827
1,30,edge,0,1.0,0.0,True,961,11.412299994844943
1,31,node,0,0.75,0.03267011563677464,True,2567,4.2489999905228615
1,31,edge,0,1.0,0.0,True,1798,18.422799999825656
1,32,node,0,0.25,0.10495096554270458,True,770,7.263200008310378
1,32,edge,0,0.75,0.08138066277378744,True,753,14.457200013566762
1,33,node,0,0.75,0.043305045380373205,True,1461,8.281800022814423
1,33,edge,0,1.0,0.0,True,551,27.775400027167052
1,34,node,0,0.75,0.03550044819957438,True,2174,9.89280000794679
1,34,edge,0,1.0,0.0,True,1239,29.971799987833947
1,35,node,0,0.25,0.11989630392252305,True,590,6.471799977589399
1,35,edge,0,0.75,0.09583381912228084,True,543,10.420700011309236
1,36,node,0,0.75,0.06319774004421784,False,686,6.629900017287582
1,36,node,1,1.0,0.0,True,930,4.452900029718876
1,36,edge,0,1.0,0.0,True,135,13.666799990460277
1,37,node,0,0.75,0.042234562344153966,True,1536,4.034099983982742
1,37,edge,0,1.0,0.0,True,631,9.55179997254163
1,38,node,0,0.25,0.1240669202042878,True,551,4.598100029397756
1,38,edge,0,0.75,0.10562456880174816,True,447,29.012500017415732
1,39,node,0,0.75,0.038226362155516516,True,1875,18.572800036054105
1,39,edge,0,1.0,0.0,True,916,13.731000013649464
2,0,node,0,0.75,0.04363482203603705,True,1439,5.4225000203587115
2,0,edge,0,1.0,0.0,True,524,21.673200011719018
2,1,node,0,0.75,0.04032400439521324,True,1685,7.611499982886016
2,1,edge,0,1.0,0.0,True,737,23.13529996899888
2,2,node,0,0.25,0.1778952712578931,True,268,4.996400035452098
2,2,edge,0,0.75,0.2688401723870062,False,69,7.648800034075975
2,2,edge,1,1.0,0.0,True,135,6.963399995584041
2,3,node,0,0.75,0.05113084437034695,False,1048,6.098399986512959
2,3,node,1,1.0,0.0,True,1377,7.007200038060546
2,3,edge,0,1.0,0.0,True,257,11.733599996659905
2,4,node,0,0.75,0.0598456913540063,True,765,5.808099987916648
2,4,edge,0,1.0,0.0,True,145,9.071599983144552
2,5,node,0,0.25,0.09463609498912282,True,947,4.768399987369776
2,5,edge,0,0.75,0.06375238392682944,True,1227,19.14240000769496
2,6,node,0,0.75,0.043099039918787475,True,1475,4.553399980068207
2,6,edge,0,1.0,0.0,True,650,11.989800026640296
2,7,node,0,0.75,0.03352329936662031,True,2438,4.39160002861172
2,7,edge,0,1.0,0.0,True,1708,16.348400036804378
2,8,node,0,0.25,0.10921869942126211,True,711,2.9537000227719545
2,8,edge,0,0.75,0.08983063569821427,True,618,7.695599982980639
2,9,node,0,0.75,0.04238661002485605,True,1525,6.335699988994747
2,9,edge,0,1.0,0.0,True,578,10.334499995224178
2,10,node,0,0.75,0.036094744308975246,True,2103,3.3460999839007854
2,10,edge,0,1.0,0.0,True,1118,17.164100019726902
2,11,node,0,0.25,0.2024168342327382,False,207,2.9421999934129417
2,11,node,1,0.5,0.17921774869582507,True,365,2.7196999872103333
2,11,edge,0,0.75,0.3445831726934452,False,42,4.660799982957542
2,11,edge,1,1.0,0.0,True,83,4.446699982509017
2,12,node,0,0.75,0.0497047430378965,True,1109,6.228199985343963
2,12,edge,0,1.0,0.0,True,317,9.500399988610297
2,13,node,0,0.75,0.04493385527544222,True,1357,5.016000010073185
2,13,edge,0,1.0,0.0,True,485,6.028999981936067
2,14,node,0,0.25,0.24102127143700877,False,146,3.5580999683588743
2,14,node,1,0.5,0.19080928926739024,True,322,4.444700025487691
2,14,edge,0,0.75,0.3774719532417962,False,35,5.39449998177588
2,14,edge,1,1.0,0.0,True,57,6.407800014130771
2,15,node,0,0.75,0.07058009868657701,False,550,5.286300031002611
2,15,node,1,1.0,0.0,True,738,5.245400010608137
2,15,edge,0,1.0,0.0,True,68,14.36880003893748
2,16,node,0,0.75,0.032575079706828124,True,2582,10.872400016523898
2,16,edge,0,1.0,0.0,True,1891,28.996000008191913
2,17,node,0,0.25,0.09260483349523323,True,989,3.3094999962486327
2,17,edge,0,0.75,0.05850445455205865,True,1457,13.218199950642884
2,18,node,0,0.75,0.05618284708218483,False,868,7.731500023510307
2,18,node,1,1.0,0.0,True,1197,4.033499979414046
2,18,edge,0,1.0,0.0,True,222,8.08220001636073
2,19,node,0,0.75,0.060360758108723836,True,752,4.166700004134327
2,19,edge,0,1.0,0.0,True,161,5.890399974305183
2,20,node,0,0.25,0.1019498806340981,True,816,5.611300002783537
2,20,edge,0,0.75,0.07151817156174053,True,975,14.47240001289174
2,21,node,0,0.75,0.06234032291187779,False,705,4.264899995177984
2,21,node,1,1.0,0.0,True,948,4.137700016144663
2,21,edge,0,1.0,0.0,True,135,8.984099957160652
2,22,node,0,0.75,0.029338998620194245,True,3183,4.7231000498868525
2,22,edge,0,1.0,0.0,True,2823,17.37769995816052
2,23,node,0,0.25,0.1598316412763491,True,332,4.110999987460673
2,23,edge,0,0.75,0.2100774750037437,False,113,13.630500005092472
2,23,edge,1,1.0,0.0,True,222,6.208200007677078
2,24,node,0,0.75,0.03951163903558712,True,1755,5.618099996354431
2,24,edge,0,1.0,0.0,True,793,11.437700013630092
2,25,node,0,0.75,0.029478244768502127,True,3153,4.770300001837313
2,25,edge,0,1.0,0.0,True,2832,20.560700038913637
2,26,node,0,0.25,0.11909162164989325,True,598,3.4394999966025352
2,26,edge,0,0.75,0.09793028958972441,True,520,9.084899968001992
2,27,node,0,0.75,0.06492424795137819,False,650,4.787300014868379
2,27,node,1,1.0,0.0,True,878,6.95309997536242
2,27,edge,0,1.0,0.0,True,110,7.6790000312030315
2,28,node,0,0.75,0.06084820148615537,True,740,6.113000039476901
2,28,edge,0,1.0,0.0,True,157,8.87029996374622
2,29,node,0,0.25,0.09643493272455964,True,912,3.8309000083245337
2,29,edge,0,0.75,0.06409281805436606,True,1214,12.002000003121793
2,30,node,0,0.75,0.04547321568550264,True,1325,3.250100009609014
2,30,edge,0,1.0,0.0,True,469,14.590999984648079
2,31,node,0,0.75,0.03443956172847259,True,2310,6.0455999919213355
2,31,edge,0,1.0,0.0,True,1531,13.576800003647804
2,32,node,0,0.25,0.15099422280861052,True,372,5.175600002985448
2,32,edge,0,0.75,0.18294711969218233,True,149,6.313900055829436
2,33,node,0,0.75,0.039455474630457454,True,1760,2.7713000308722258
2,33,edge,0,1.0,0.0,True,808,11.167199991177768
2,34,node,0,0.75,0.03779543121001949,True,1918,6.445700011681765
2,34,edge,0,1.0,0.0,True,960,12.201299949083477
2,35,node,0,0.25,0.1990787541956347,True,214,2.8119999915361404
2,35,edge,0,0.75,0.27488227898905193,False,66,6.094100011978298
2,35,edge,1,1.0,0.0,True,110,11.24399999389425
2,36,node,0,0.75,0.05260729950727661,False,990,4.174400004558265
2,36,node,1,1.0,0.0,True,1329,3.8696000119671226
2,36,edge,0,1.0,0.0,True,249,7.057999959215522
2,37,node,0,0.75,0.03208186303935319,True,2662,4.618300008587539
2,37,edge,0,1.0,0.0,True,1969,16.5998000302352
2,38,node,0,0.25,0.15456730135068966,True,355,3.2497000065632164
2,38,edge,0,0.75,0.16374280977312825,True,186,7.964500051457435
2,39,node,0,0.75,0.035533152442529865,True,2170,5.188299983274192
2,39,edge,0,1.0,0.0,True,1214,13.538299943320453
3,0,node,0,0.75,0.03841118045531568,True,1857,4.115100018680096
3,0,edge,0,1.0,0.0,True,890,14.332099992316216
3,1,node,0,0.75,0.04508360747634854,True,1348,4.667999979574233
3,1,edge,0,1.0,0.0,True,482,8.921800006646663
3,2,node,0,0.25,0.13076483277694442,True,496,3.089300007559359
3,2,edge,0,0.75,0.12022898010802154,True,345,10.147300024982542
3,3,node,0,0.75,0.040395990178897036,True,1679,5.135099985636771
3,3,edge,0,1.0,0.0,True,738,11.592500028200448
3,4,node,0,0.75,0.07846637699503968,True,445,4.019699990749359
3,4,edge,0,1.0,0.0,True,51,7.384099997580051
3,5,node,0,0.25,0.08788821234108812,True,1098,3.4916999866254628
3,5,edge,0,0.75,0.055898771972077654,True,1596,13.401799951680005
3,6,node,0,0.75,0.04425422593498782,True,1399,4.636099969502538
3,6,edge,0,1.0,0.0,True,511,10.99929999327287
3,7,node,0,0.75,0.07096825980978977,True,544,4.327500006183982
3,7,edge,0,1.0,0.0,True,58,6.349299976136535
3,8,node,0,0.25,0.08756977574215888,True,1106,4.397300013806671
3,8,edge,0,0.75,0.05607472069795094,True,1586,17.581499996595085
3,9,node,0,0.75,0.03977312015053804,True,1732,5.440999986603856
3,9,edge,0,1.0,0.0,True,760,15.916700009256601
3,10,node,0,0.75,0.03977312015053804,True,1732,4.400399979203939
3,10,edge,0,1.0,0.0,True,762,13.55969998985529
3,11,node,0,0.25,0.17822809712652574,True,267,5.663899995852262
3,11,edge,0,0.75,0.22003922073046822,False,103,7.4412000249139965
3,11,edge,1,1.0,0.0,True,174,5.399300018325448
3,12,node,0,0.75,0.06933079467982847,False,570,3.5501999664120376
3,12,node,1,1.0,0.0,True,748,3.4539999905973673
3,12,edge,0,1.0,0.0,True,58,7.808699971064925
3,13,node,0,0.75,0.04592604325084894,True,1299,4.670900001656264
3,13,edge,0,1.0,0.0,True,495,12.889399949926883
3,14,node,0,0.25,0.1520193141646514,True,367,3.208799986168742
3,14,edge,0,0.75,0.167381983276398,True,178,16.969299991615117
3,15,node,0,0.75,0.043305045380373205,True,1461,7.6419999822974205
3,15,edge,0,1.0,0.0,True,514,14.105799957178533
3,16,node,0,0.75,0.05223922792401734,True,1004,4.7364000347442925
3,16,edge,0,1.0,0.0,True,289,13.382499979343265
3,17,node,0,0.25,0.2107245414138203,False,191,6.937200028914958
3,17,node,1,0.5,0.1765767533100131,True,376,4.327500006183982
3,17,edge,0,0.75,0.3328989717265314,False,45,6.2686000019311905
3,17,edge,1,1.0,0.0,True,82,7.723299961071461
3,18,node,0,0.75,0.041788052746543236,True,1569,6.668000016361475
3,18,edge,0,1.0,0.0,True,635,17.353200004436076
3,19,node,0,0.75,0.05221323179007408,True,1005,4.888899973593652
3,19,edge,0,1.0,0.0,True,267,10.878800007048994
3,20,node,0,0.25,0.21952069403934013,False,176,3.5744999768212438
3,20,node,1,0.5,0.1768120322329071,True,375,3.1498000025749207
3,20,edge,0,0.75,0.30674731909597774,False,53,6.611500051803887
3,20,edge,1,1.0,0.0,True,90,6.563999981153756
3,21,node,0,0.75,0.0463018324523541,True,1278,5.860900040715933
3,21,edge,0,1.0,0.0,True,397,9.437000029720366
3,22,node,0,0.75,0.030705473650873862,True,2906,4.245100019033998
3,22,edge,0,1.0,0.0,True,2335,19.873399985954165
3,23,node,0,0.25,0.13899511618258883,True,439,4.070299968589097
3,23,edge,0,0.75,0.13590543610453432,True,270,10.217499977443367
3,24,node,0,0.75,0.043589408505568666,True,1442,8.56819999171421
3,24,edge,0,1.0,0.0,True,580,11.779099993873388
3,25,node,0,0.75,0.03858821543634611,True,1840,4.545899981167167
3,25,edge,0,1.0,0.0,True,857,16.85160002671182
3,26,node,0,0.25,0.14295776593971113,True,415,3.340900002513081
3,26,edge,0,0.75,0.14724982677994075,True,230,7.052199973259121
3,27,node,0,0.75,0.05152568300885392,False,1032,3.1207000138238072
3,27,node,1,1.0,0.0,True,1366,4.4861999922432005
3,27,edge,0,1.0,0.0,True,294,10.756899951957166
3,28,node,0,0.75,0.04224831729073072,True,1535,5.240499973297119
3,28,edge,0,1.0,0.0,True,634,8.717000018805265
3,29,node,0,0.25,0.11743410523592897,True,615,2.9220000142231584
3,29,edge,0,0.75,0.09601079770169826,True,541,11.567299952730536
3,30,node,0,0.75,0.05996338210948113,False,762,3.4771000500768423
3,30,node,1,1.0,0.0,True,1021,3.6014000070281327
3,30,edge,0,1.0,0.0,True,154,5.848200002219528
3,31,node,0,0.75,0.03703103615287408,True,1998,5.289799999445677
3,31,edge,0,1.0,0.0,True,1151,14.201699988916516
3,32,node,0,0.25,0.10876075736484718,True,717,3.202499996405095
3,32,edge,0,0.75,0.0850763990470509,True,689,9.917399962432683
3,33,node,0,0.75,0.053534612057160674,False,956,7.1152999880723655
3,33,node,1,1.0,0.0,True,1281,7.354400004260242
3,33,edge,0,1.0,0.0,True,270,7.305299979634583
3,34,node,0,0.75,0.044381302222221954,True,1391,3.7850000080652535
3,34,edge,0,1.0,0.0,True,514,12.766600004397333
3,35,node,0,0.25,0.12832999770106035,True,515,3.7697000079788268
3,35,edge,0,0.75,0.11322541206886821,True,389,9.64059995021671
3,36,node,0,0.75,0.04531956067842367,True,1334,7.062699995003641
3,36,edge,0,1.0,0.0,True,443,9.979900030884892
3,37,node,0,0.75,0.036576203907754984,True,2048,3.5158999962732196
3,37,edge,0,1.0,0.0,True,1106,10.753599985036999
3,38,node,0,0.25,0.143303492601651,True,413,5.644200020469725
3,38,edge,0,0.75,0.16330440788930306,True,187,12.951600016094744
3,39,node,0,0.75,0.03937724531616202,True,1767,6.25380000565201
3,39,edge,0,1.0,0.0,True,823,17.270100011955947
4,0,node,0,0.75,0.03202177333865474,True,2672,7.861000020056963
4,0,edge,0,1.0,0.0,True,1994,20.822899998165667
4,1,node,0,0.75,0.03457453113555379,True,2292,10.894700011704117
4,1,edge,0,1.0,0.0,True,1467,27.220999996643513
4,2,node,0,0.25,0.15701913469926085,True,344,4.947599954903126
4,2,edge,0,0.75,0.17491413567395164,True,163,9.83049999922514
4,3,node,0,0.75,0.04002815297152964,True,1710,5.487299989908934
4,3,edge,0,1.0,0.0,True,737,13.752600003499538
4,4,node,0,0.75,0.030983938476728885,True,2854,4.679100005887449
4,4,edge,0,1.0,0.0,True,2293,20.636099972762167
4,5,node,0,0.25,0.14803905989585506,True,387,3.321400028653443
4,5,edge,0,0.75,0.14954306550027846,True,223,7.903899997472763
4,6,node,0,0.75,0.03394358279879419,True,2378,6.1935000121593475
4,6,edge,0,1.0,0.0,True,1530,20.781500032171607
4,7,node,0,0.75,0.06020086177987362,True,756,5.255000025499612
4,7,edge,0,1.0,0.0,True,182,11.478299973532557
4,8,node,0,0.25,0.11969360503889397,True,592,4.169800027739257
4,8,edge,0,0.75,0.0962781136650677,True,538,8.667099988088012
4,9,node,0,0.75,0.03944427046307822,True,1761,6.997699965722859
4,9,edge,0,1.0,0.0,True,796,16.731099982280284
4,10,node,0,0.75,0.03644298917390207,True,2063,4.843599977903068
4,10,edge,0,1.0,0.0,True,1100,15.056999982334673
4,11,node,0,0.25,0.12998102052402463,True,502,3.2388000399805605
4,11,edge,0,0.75,0.11802586642385253,True,358,8.907200011890382
4,12,node,0,0.75,0.046447436058458434,True,1270,6.992800044827163
4,12,edge,0,1.0,0.0,True,390,11.693099979311228
4,13,node,0,0.75,0.05481080579443558,True,912,5.545500025618821
4,13,edge,0,1.0,0.0,True,250,7.4492000276222825
4,14,node,0,0.25,0.13050198862620585,True,498,6.057500024326146
4,14,edge,0,0.75,0.11704908383804075,True,364,9.434400009922683
4,15,node,0,0.75,0.02919716403398112,True,3214,4.3338999967090786
4,15,edge,0,1.0,0.0,True,2821,27.71769999526441
4,16,node,0,0.75,0.04535357161054904,True,1332,3.8584000431001186
4,16,edge,0,1.0,0.0,True,447,14.4706999999471
4,17,node,0,0.25,0.11939147513749271,True,595,3.6039999686181545
4,17,edge,0,0.75,0.09709366048960498,True,529,9.232200041878968
4,18,node,0,0.75,0.04857887981443878,True,1161,3.0697000329382718
4,18,edge,0,1.0,0.0,True,315,11.583000014070421
4,19,node,0,0.75,0.037580516186204234,True,1940,4.807499994058162
4,19,edge,0,1.0,0.0,True,1010,13.392499997280538
4,20,node,0,0.25,0.09862194391043236,True,872,7.2388999979011714
4,20,edge,0,0.75,0.0657663980847301,True,1153,17.05800002673641
4,21,node,0,0.75,0.03356462664678768,True,2432,9.546400047838688
4,21,edge,0,1.0,0.0,True,1602,20.002799981739372
4,22,node,0,0.75,0.03618086885114305,True,2093,8.943900000303984
4,22,edge,0,1.0,0.0,True,1256,14.592999999877065
4,23,node,0,0.25,0.13563798778442968,True,461,2.8552000294439495
4,23,edge,0,0.75,0.12368297146043503,True,326,9.027099993545562
4,24,node,0,0.75,0.07210382407060652,False,527,5.2343999850563705
4,24,node,1,1.0,0.0,True,674,2.976900024805218
4,24,edge,0,1.0,0.0,True,63,7.581599988043308
4,25,node,0,0.75,0.029206252645573694,True,3212,4.892900004051626
4,25,edge,0,1.0,0.0,True,2849,21.034599980339408
4,26,node,0,0.25,0.0963821061346056,True,913,3.078299982007593
4,26,edge,0,0.75,0.06266381770030074,True,1270,16.618099994957447
4,27,node,0,0.75,0.07982324487810148,False,430,4.226799996104091
4,27,node,1,1.0,0.0,True,588,3.1946999952197075
4,27,edge,0,1.0,0.0,True,37,4.010000033304095
4,28,node,0,0.75,0.03697555891400298,True,2004,3.190400020685047
4,28,edge,0,1.0,0.0,True,1008,18.460399995092303
4,29,node,0,0.25,0.22603607478936427,False,166,2.8442000038921833
4,29,node,1,0.5,0.18934488320588616,True,327,2.6706000207923353
4,29,edge,0,0.75,0.31581569441515056,False,50,4.507900041062385
4,29,edge,1,1.0,0.0,True,78,4.218700050842017
4,30,node,0,0.75,0.031005673967635445,True,2850,8.875500003341585
4,30,edge,0,1.0,0.0,True,2222,16.69170003151521
4,31,node,0,0.75,0.030849119551246862,True,2879,6.81400002213195
4,31,edge,0,1.0,0.0,True,2320,25.961800012737513
4,32,node,0,0.25,0.13728577639059977,True,450,4.62689995765686
4,32,edge,0,0.75,0.12368297146043503,True,326,9.497599967289716
4,33,node,0,0.75,0.029408374452740426,True,3168,4.718700016383082
4,33,edge,0,1.0,0.0,True,2776,21.40490000601858
4,34,node,0,0.75,0.0376290384997466,True,1935,4.138299962505698
4,34,edge,0,1.0,0.0,True,977,14.126800000667572
4,35,node,0,0.25,0.15656466447053088,True,346,5.906700040213764
4,35,edge,0,0.75,0.17491413567395164,True,163,8.194299996830523
4,36,node,0,0.75,0.030962248632644903,True,2858,5.031800013966858
4,36,edge,0,1.0,0.0,True,2268,20.741399959661067
4,37,node,0,0.75,0.035130725507736396,True,2220,6.07599999057129
4,37,edge,0,1.0,0.0,True,1356,17.648499982897192
4,38,node,0,0.25,0.134763834825706,True,467,3.515999997034669
4,38,edge,0,0.75,0.12022898010802154,True,345,10.32830000622198
4,39,node,0,0.75,0.035314135376812564,True,2197,3.6820999812334776
4,39,edge,0,1.0,0.0,True,1255,17.885299981571734
5,0,node,0,0.75,0.03907980487789334,True,1794,6.242099974770099
5,0,edge,0,1.0,0.0,True,892,11.983500036876649
5,1,node,0,0.75,0.03037795309593836,True,2969,7.02880002791062
5,1,edge,0,1.0,0.0,True,2491,16.25909999711439
5,2,node,0,0.25,0.1163049049201926,True,627,2.762800024356693
5,2,edge,0,0.75,0.09049197445972408,True,609,16.665900009684265
5,3,node,0,0.75,0.03722719133001588,True,1977,5.725600000005215
5,3,edge,0,1.0,0.0,True,1055,12.65889999922365
5,4,node,0,0.75,0.0378349042559839,True,1914,7.828100002370775
5,4,edge,0,1.0,0.0,True,957,16.451300005428493
5,5,node,0,0.25,0.12626296538521956,True,532,3.4333000076003373
5,5,edge,0,0.75,0.10622031277506246,True,442,12.072500016074628
5,6,node,0,0.75,0.03665683740063627,True,2039,5.198200000450015
5,6,edge,0,1.0,0.0,True,1142,16.126799979247153
5,7,node,0,0.75,0.03595821523603121,True,2119,7.265600026585162
5,7,edge,0,1.0,0.0,True,1268,12.950799951795489
5,8,node,0,0.25,0.15435005977973162,True,356,5.677299981471151
5,8,edge,0,0.75,0.16418476148050956,True,185,7.229599985294044
5,9,node,0,0.75,0.03671992235494059,True,2032,3.667099983431399
5,9,edge,0,1.0,0.0,True,1086,17.54530001198873
5,10,node,0,0.75,0.058891153424673076,True,790,4.933099960908294
5,10,edge,0,1.0,0.0,True,167,6.683099956717342
5,11,node,0,0.25,0.11611985324384047,True,629,2.9741000034846365
5,11,edge,0,0.75,0.09185968887298315,True,591,12.247900012880564
5,12,node,0,0.75,0.07293903135374748,False,515,4.637099977117032
5,12,node,1,1.0,0.0,True,691,4.273800004739314
5,12,edge,0,1.0,0.0,True,61,4.817299952264875
5,13,node,0,0.75,0.07882143028795566,True,441,3.484399989247322
5,13,edge,0,1.0,0.0,True,41,6.720900011714548
5,14,node,0,0.25,0.1622945235030689,True,322,3.4320999984629452
5,14,edge,0,0.75,0.18481715588445916,True,146,7.0300999796018
5,15,node,0,0.75,0.053450811412948926,False,959,3.3090999932028353
5,15,node,1,1.0,0.0,True,1284,3.9043999859131873
5,15,edge,0,1.0,0.0,True,240,7.813500007614493
5,16,node,0,0.75,0.04452557990818883,True,1382,5.042599979788065
5,16,edge,0,1.0,0.0,True,553,9.986599965486676
5,17,node,0,0.25,0.1622945235030689,True,322,2.9587000026367605
5,17,edge,0,0.75,0.18356414377000424,True,148,10.690300026908517
5,18,node,0,0.75,0.05185331354359398,False,1019,5.537400022149086
5,18,node,1,1.0,0.0,True,1373,4.244700015988201
5,18,edge,0,1.0,0.0,True,282,7.082299969624728
5,19,node,0,0.75,0.04077415807999196,True,1648,4.72050003008917
5,19,edge,0,1.0,0.0,True,712,17.414100002497435
5,20,node,0,0.25,0.09034914087371433,True,1039,3.3753999741747975
5,20,edge,0,0.75,0.05568980386876632,True,1608,29.773799993563443
5,21,node,0,0.75,0.03307854845885015,True,2504,10.682100022677332
5,21,edge,0,1.0,0.0,True,1706,19.713299989234656
5,22,node,0,0.75,0.050297844941469105,True,1083,4.88480000058189
5,22,edge,0,1.0,0.0,True,298,13.720899994950742
5,23,node,0,0.25,0.15306557093119533,True,362,6.062300002668053
5,23,edge,0,0.75,0.15597025423014335,True,205,17.250599979888648
5,24,node,0,0.75,0.031027455265697685,True,2846,10.393200034741312
5,24,edge,0,1.0,0.0,True,2279,35.98410001723096
5,25,node,0,0.75,0.029695659812948545,True,3107,11.846399982459843
5,25,edge,0,1.0,0.0,True,2725,33.94799999659881
5,26,node,0,0.25,0.10048289939578674,True,840,4.671999951824546
5,26,edge,0,0.75,0.06846173428989,True,1064,17.298299993854016
5,27,node,0,0.75,0.03691114953017445,True,2011,4.501399991568178
5,27,edge,0,1.0,0.0,True,1151,12.895499996375293
5,28,node,0,0.75,0.031175689550591915,True,2819,7.9617000301368535
5,28,edge,0,1.0,0.0,True,2216,24.777199956588447
5,29,node,0,0.25,0.1180111804813355,True,609,3.925000026356429
5,29,edge,0,0.75,0.09462177986235466,True,557,10.19040000392124
5,30,node,0,0.75,0.04874711886283564,True,1153,4.4219999690540135
5,30,edge,0,1.0,0.0,True,372,11.667400016449392
5,31,node,0,0.75,0.04706290774307816,True,1237,3.7804999738000333
5,31,edge,0,1.0,0.0,True,416,15.67829999839887
5,32,node,0,0.25,0.10182517125330925,True,818,4.2149999644607306
5,32,edge,0,0.75,0.07222536818574996,True,956,15.701800002716482
5,33,node,0,0.75,0.04804389913582574,True,1187,4.122000013012439
5,33,edge,0,1.0,0.0,True,356,13.960799959022552
5,34,node,0,0.75,0.06390021890343832,True,671,5.951899976935238
5,34,edge,0,1.0,0.0,True,112,6.904900015797466
5,35,node,0,0.25,0.12985175045671407,True,503,5.689399957191199
5,35,edge,0,0.75,0.11337122721244187,True,388,14.666599978227168
5,36,node,0,0.75,0.037580516186204234,True,1940,8.36219999473542
5,36,edge,0,1.0,0.0,True,978,21.81970002129674
5,37,node,0,0.75,0.0426248570229781,True,1508,6.550999998580664
5,37,edge,0,1.0,0.0,True,669,14.552200038451701
5,38,node,0,0.25,0.1399548176813101,True,433,2.8100000345148146
5,38,edge,0,0.75,0.1349097784753602,True,274,7.303900027181953
5,39,node,0,0.75,0.04845383744537028,True,1167,3.140800050459802
5,39,edge,0,1.0,0.0,True,356,13.173699961043894
