block,parameter,variant,query_ms,rows
0,13,candidate,90.06350001436658,20
0,13,reference,98.2273000117857,20
0,14,candidate,105.17019999679178,20
0,14,reference,67.24380000378005,20
0,8,candidate,129.2212999833282,20
0,8,reference,111.4423000253737,20
0,4,candidate,166.9877000094857,20
0,4,reference,79.23659999505617,20
0,2,reference,90.088700002525,20
0,2,candidate,117.0603999926243,20
0,1,reference,64.50019998010248,20
0,1,candidate,101.8853000132367,20
0,9,candidate,95.81640001852065,20
0,9,reference,87.58120000129566,20
0,11,candidate,154.33999997912906,20
0,11,reference,95.32029999536462,20
0,5,candidate,86.6925000154879,20
0,5,reference,57.03890000586398,20
0,0,candidate,124.78810001630336,20
0,0,reference,61.71619999804534,20
0,10,reference,74.20709999860264,20
0,10,candidate,107.33679999248125,20
0,6,candidate,207.9080000112299,20
0,6,reference,117.62570001883432,20
0,3,reference,78.20990000618622,20
0,3,candidate,160.10509998886846,20
0,12,reference,67.35490000573918,20
0,12,candidate,119.28970000008121,20
0,7,reference,59.10990000120364,20
0,7,candidate,90.6628999800887,20
1,14,candidate,80.65439999336377,20
1,14,reference,93.25999999418855,20
1,4,candidate,104.65999998268671,20
1,4,reference,83.89539999188855,20
1,10,candidate,199.0640000149142,20
1,10,reference,90.3245999943465,20
1,1,reference,84.61079999688081,20
1,1,candidate,99.37470001750626,20
1,7,candidate,85.43649999774061,20
1,7,reference,67.83879999420606,20
1,3,reference,64.04679999104701,20
1,3,candidate,105.00580002553761,20
1,5,candidate,97.6059999957215,20
1,5,reference,59.476900001754984,20
1,9,reference,54.90039999131113,20
1,9,candidate,88.65280001191422,20
1,8,candidate,94.973300001584,20
1,8,reference,63.59949999023229,20
1,13,reference,67.92349999886937,20
1,13,candidate,97.414599993499,20
1,6,candidate,105.74879997875541,20
1,6,reference,71.07180001912639,20
1,12,reference,68.5632000095211,20
1,12,candidate,98.3577000151854,20
1,11,candidate,131.59249999444,20
1,11,reference,72.38970001344569,20
1,2,candidate,110.42700000689365,20
1,2,reference,70.39629999781027,20
1,0,reference,71.41740000224672,20
1,0,candidate,88.82129998528399,20
2,7,reference,94.17430000030436,20
2,7,candidate,82.03580000554211,20
2,14,reference,56.600999989314005,20
2,14,candidate,79.72540002083406,20
2,4,candidate,88.68440001970157,20
2,4,reference,82.29419999406673,20
2,5,reference,59.330100018996745,20
2,5,candidate,89.20480002416298,20
2,0,candidate,92.65199999208562,20
2,0,reference,67.10439999005757,20
2,3,candidate,120.5472000001464,20
2,3,reference,81.58060000278056,20
2,11,reference,95.57549998862669,20
2,11,candidate,84.88839998608455,20
2,10,candidate,141.01579997804947,20
2,10,reference,93.25609999359585,20
2,12,candidate,103.39020000537857,20
2,12,reference,68.57010000385344,20
2,13,reference,109.11229997873306,20
2,13,candidate,125.32159997499548,20
2,2,reference,116.91849998896942,20
2,2,candidate,160.12479999335483,20
2,6,candidate,118.33550001028925,20
2,6,reference,128.62679999670945,20
2,8,candidate,114.28159999195486,20
2,8,reference,48.993000003974885,20
2,1,candidate,104.85429997788742,20
2,1,reference,73.52440000977367,20
2,9,reference,92.4341999925673,20
2,9,candidate,76.79039999493398,20
3,4,reference,91.92299999995157,20
3,4,candidate,141.82509999955073,20
3,0,reference,84.24870000453666,20
3,0,candidate,154.2570000165142,20
3,7,candidate,102.78509999625385,20
3,7,reference,83.36029999190941,20
3,2,reference,95.39319999748841,20
3,2,candidate,140.69390000076964,20
3,14,reference,135.02040001912974,20
3,14,candidate,108.24299999512732,20
3,6,reference,61.662099993554875,20
3,6,candidate,112.2482999926433,20
3,11,reference,70.31609999830835,20
3,11,candidate,103.19609998259693,20
3,3,reference,77.2745999856852,20
3,3,candidate,178.15160000463948,20
3,1,reference,117.21949998172931,20
3,1,candidate,163.27660001115873,20
3,9,candidate,116.14950001239777,20
3,9,reference,86.12560000619851,20
3,13,candidate,121.57620000652969,20
3,13,reference,105.76159998890944,20
3,12,reference,87.39080000668764,20
3,12,candidate,113.19890001323074,20
3,10,candidate,122.10339997545816,20
3,10,reference,79.36050000716932,20
3,8,reference,46.172100002877414,20
3,8,candidate,70.54029998835176,20
3,5,candidate,75.70230000419542,20
3,5,reference,87.38219999941066,20
4,12,candidate,173.29470001277514,20
4,12,reference,79.59910001954995,20
4,5,reference,79.4068000104744,20
4,5,candidate,101.7736999783665,20
4,11,reference,74.46919998619705,20
4,11,candidate,100.87540000677109,20
4,14,candidate,125.19809999503195,20
4,14,reference,88.61439998145215,20
4,0,reference,75.73859998956323,20
4,0,candidate,113.04060000111349,20
4,2,reference,95.8231000113301,20
4,2,candidate,96.16849999292754,20
4,4,candidate,105.9026000148151,20
4,4,reference,62.18340000486933,20
4,13,reference,44.82909999205731,20
4,13,candidate,152.74099999805912,20
4,10,candidate,119.2975000012666,20
4,10,reference,89.47099998476915,20
4,3,candidate,155.37140000378713,20
4,3,reference,66.07770000118762,20
4,7,candidate,108.451200008858,20
4,7,reference,71.59179999143817,20
4,8,candidate,68.19849999737926,20
4,8,reference,50.44540000380948,20
4,9,candidate,87.82179999980144,20
4,9,reference,49.40260000876151,20
4,6,candidate,96.3587999867741,20
4,6,reference,72.5871000031475,20
4,1,reference,76.10639999620616,20
4,1,candidate,139.62410000385717,20
