degree_group,fidelity,requests,mean_error,max_error,empty_sample_positive_truth
0,0.1,18,0.0,0.0,0
0,0.25,18,0.0,0.0,0
0,0.5,18,0.0,0.0,0
0,0.75,18,0.0,0.0,0
0,1.0,18,0.0,0.0,0
1–4,0.1,33,1.0555555555555556,2.3333333333333335,31
1–4,0.25,33,0.9191919191919192,3.0,19
1–4,0.5,33,0.6161616161616161,1.0,14
1–4,0.75,33,0.39057239057239057,1.0,6
1–4,1.0,33,0.0,0.0,0
5–15,0.1,30,0.6799210049210049,1.0,15
5–15,0.25,30,0.43836311836311836,1.4,3
5–15,0.5,30,0.2544030044030044,0.6666666666666666,0
5–15,0.75,30,0.20649745316411983,0.5555555555555556,0
5–15,1.0,30,0.0,0.0,0
16+,0.1,15,0.4930022359821121,1.0,3
16+,0.25,15,0.34298555211558307,0.7894736842105263,0
16+,0.5,15,0.21103388372893017,0.6842105263157895,0
16+,0.75,15,0.08460004586629974,0.2982456140350877,0
16+,1.0,15,0.0,0.0,0
