seed,mode,country,kind,step,fidelity,raw_count,uncertainty,accepted,query_ms
18000,dynamic_corrected,FR,node,0,0.05,805,0.056534476578539716,False,0.7424000068567693
18000,dynamic_corrected,FR,node,1,0.1,1540,0.05802371635087194,False,0.7238000107463449
18000,dynamic_corrected,FR,node,2,0.15,2277,0.04653210617190185,True,0.700899981893599
18000,dynamic_corrected,FR,edge,0,0.05,44,0.3009651339302709,False,1.0127999994438142
18000,dynamic_corrected,FR,edge,1,0.1,151,0.23718304527519213,False,0.9428999910596758
18000,dynamic_corrected,FR,edge,2,0.15,318,0.1879983634293994,False,0.9486999770160764
18000,dynamic_corrected,FR,edge,3,0.25,852,0.08018165100633394,False,0.9284999978262931
18000,dynamic_corrected,FR,edge,4,0.35,1665,0.07228733993175535,False,0.9868000051937997
18000,dynamic_corrected,FR,edge,5,0.5,3413,0.05104405219002201,False,1.03270000545308
18000,dynamic_corrected,FR,edge,6,0.75,7461,0.027004734290773505,True,1.036400004522875
18000,dynamic_corrected,DE,node,0,0.05,517,0.07054496856324476,False,0.6876999977976084
18000,dynamic_corrected,DE,node,1,0.1,1013,0.07154201683534667,False,0.661000027321279
18000,dynamic_corrected,DE,node,2,0.15,1506,0.05721655951510031,False,0.6506000063382089
18000,dynamic_corrected,DE,node,3,0.25,2540,0.04395828592046394,True,0.6495999987237155
18000,dynamic_corrected,DE,edge,0,0.05,12,0.5763043554287165,False,0.8045000140555203
18000,dynamic_corrected,DE,edge,1,0.1,55,0.3929983886589241,False,0.8145000028889626
18000,dynamic_corrected,DE,edge,2,0.15,132,0.29179689282436794,False,0.7622000121045858
18000,dynamic_corrected,DE,edge,3,0.25,373,0.12118263064363559,False,0.7572000031359494
18000,dynamic_corrected,DE,edge,4,0.35,736,0.1087252601262749,False,0.7647000020369887
18000,dynamic_corrected,DE,edge,5,0.5,1506,0.0768423790567041,False,0.7600999961141497
18000,dynamic_corrected,DE,edge,6,0.75,3281,0.040722582635877115,True,0.7899999909568578
18000,dynamic_corrected,ES,node,0,1.0,9093,0.0,True,0.6209999846760184
18000,dynamic_corrected,ES,edge,0,1.0,4960,0.0,True,0.8158999844454229
18000,dynamic_corrected,IT,node,0,1.0,8664,0.0,True,0.6319000094663352
18000,dynamic_corrected,IT,edge,0,1.0,4587,0.0,True,0.839299988001585
18000,dynamic_corrected,NL,node,0,1.0,7429,0.0,True,0.5388999998103827
18000,dynamic_corrected,NL,edge,0,1.0,3350,0.0,True,0.7570000016130507
18000,dynamic_raw,FR,node,0,0.05,805,0.05963638005569646,False,0.7585999846924096
18000,dynamic_raw,FR,node,1,0.1,1540,0.05742346958589183,False,0.7230000046547502
18000,dynamic_raw,FR,node,2,0.15,2277,0.041065792314595735,True,0.7344000041484833
18000,dynamic_raw,FR,edge,0,0.05,44,0.3596752648346452,False,0.9319999953731894
18000,dynamic_raw,FR,edge,1,0.1,151,0.23202430236403798,False,0.9269000147469342
18000,dynamic_raw,FR,edge,2,0.15,318,0.17924399675617134,False,1.1115999950561672
18000,dynamic_raw,FR,edge,3,0.25,852,0.08045540124478642,False,0.9722999820951372
18000,dynamic_raw,FR,edge,4,0.35,1665,0.07700951001545185,False,0.9525999776087701
18000,dynamic_raw,FR,edge,5,0.5,3413,0.04253063666797403,True,0.8989999769255519
18000,dynamic_raw,DE,node,0,0.05,517,0.07441559223441724,False,0.6165000086184591
18000,dynamic_raw,DE,node,1,0.1,1013,0.07080192525096948,False,0.607599999057129
18000,dynamic_raw,DE,node,2,0.15,1506,0.05049509990634456,False,0.5679000169038773
18000,dynamic_raw,DE,node,3,0.25,2540,0.03466297307421029,True,0.5678000161424279
18000,dynamic_raw,DE,edge,0,0.05,12,0.6887256970842586,False,0.8654999837744981
18000,dynamic_raw,DE,edge,1,0.1,55,0.3844506543584518,False,0.7686000026296824
18000,dynamic_raw,DE,edge,2,0.15,132,0.27820902457224633,False,0.7671000203117728
18000,dynamic_raw,DE,edge,3,0.25,373,0.12159636338196964,False,0.758699985453859
18000,dynamic_raw,DE,edge,4,0.35,736,0.11582773714638825,False,0.7580000092275441
18000,dynamic_raw,DE,edge,5,0.5,1506,0.0640261727692981,False,0.7831999973859638
18000,dynamic_raw,DE,edge,6,0.75,3281,0.0398842714775563,True,0.767599995015189
18000,dynamic_raw,ES,node,0,1.0,9093,0.0,True,0.6186999962665141
18000,dynamic_raw,ES,edge,0,1.0,4960,0.0,True,0.8310000121127814
18000,dynamic_raw,IT,node,0,1.0,8664,0.0,True,0.6436000112444162
18000,dynamic_raw,IT,edge,0,1.0,4587,0.0,True,0.8546999888494611
18000,dynamic_raw,NL,node,0,1.0,7429,0.0,True,0.5661000031977892
18000,dynamic_raw,NL,edge,0,1.0,3350,0.0,True,1.177600002847612
18001,dynamic_corrected,FR,node,0,0.05,751,0.05853172821197214,False,0.7282999868039042
18001,dynamic_corrected,FR,node,1,0.1,1476,0.059268334470828674,False,0.7116999768186361
18001,dynamic_corrected,FR,node,2,0.15,2233,0.046988314200341934,True,0.7012999849393964
18001,dynamic_corrected,FR,edge,0,0.05,30,0.3644868777259935,False,0.9597000025678426
18001,dynamic_corrected,FR,edge,1,0.1,140,0.24632477605603906,False,0.906000001123175
18001,dynamic_corrected,FR,edge,2,0.15,325,0.1859627449817934,False,0.9045999904628843
18001,dynamic_corrected,FR,edge,3,0.25,895,0.07823179123963261,False,0.897699996130541
18001,dynamic_corrected,FR,edge,4,0.35,1773,0.07005110571581719,False,0.906300003407523
18001,dynamic_corrected,FR,edge,5,0.5,3397,0.05116412069390896,False,0.9175000013783574
18001,dynamic_corrected,FR,edge,6,0.75,7504,0.02692725082446217,True,0.8968999900389463
18001,dynamic_corrected,DE,node,0,0.05,510,0.07102745076649924,False,0.7992000028025359
18001,dynamic_corrected,DE,node,1,0.1,979,0.07277371672437652,False,0.5955999949947
18001,dynamic_corrected,DE,node,2,0.15,1482,0.057677990854608376,False,0.5748000112362206
18001,dynamic_corrected,DE,node,3,0.25,2439,0.044859218939529016,True,0.5516000092029572
18001,dynamic_corrected,DE,edge,0,0.05,13,0.5536953147877867,False,0.836199993500486
18001,dynamic_corrected,DE,edge,1,0.1,56,0.3894736682339956,False,0.8045999857131392
18001,dynamic_corrected,DE,edge,2,0.15,138,0.28538299106585996,False,0.7963999814819545
18001,dynamic_corrected,DE,edge,3,0.25,347,0.1256406152633519,False,0.7954000029712915
18001,dynamic_corrected,DE,edge,4,0.35,667,0.11421060855141266,False,0.9651000145822763
18001,dynamic_corrected,DE,edge,5,0.5,1413,0.07933086820179323,False,0.8165999897755682
18001,dynamic_corrected,DE,edge,6,0.75,3267,0.04080974313261195,True,0.7359999872278422
18001,dynamic_corrected,ES,node,0,1.0,9093,0.0,True,0.6172000139486045
18001,dynamic_corrected,ES,edge,0,1.0,4960,0.0,True,0.8131999929901212
18001,dynamic_corrected,IT,node,0,1.0,8664,0.0,True,0.6508000078611076
18001,dynamic_corrected,IT,edge,0,1.0,4587,0.0,True,0.8679000020492822
18001,dynamic_corrected,NL,node,0,1.0,7429,0.0,True,0.5599999858532101
18001,dynamic_corrected,NL,edge,0,1.0,3350,0.0,True,0.8006000134628266
18001,dynamic_raw,FR,node,0,0.05,751,0.061743215825419494,False,0.8415000047534704
18001,dynamic_raw,FR,node,1,0.1,1476,0.05865521231545437,False,0.7408999954350293
18001,dynamic_raw,FR,node,2,0.15,2233,0.04146840774917249,True,0.7449999975506216
18001,dynamic_raw,FR,edge,0,0.05,30,0.435588377174689,False,0.9858999983407557
18001,dynamic_raw,FR,edge,1,0.1,140,0.24096720005035804,False,0.91559998691082
18001,dynamic_raw,FR,edge,2,0.15,325,0.17730316929489126,False,0.9454999817535281
18001,dynamic_raw,FR,edge,3,0.25,895,0.07849888441166923,False,0.8993000083137304
18001,dynamic_raw,FR,edge,4,0.35,1773,0.07462719381164953,False,1.019100018311292
18001,dynamic_raw,FR,edge,5,0.5,3397,0.04263067946816302,True,0.9977000008802861
18001,dynamic_raw,DE,node,0,0.05,510,0.07492454701360267,False,0.6302999972831458
18001,dynamic_raw,DE,node,1,0.1,979,0.0720208833867937,False,0.6529999955091625
18001,dynamic_raw,DE,node,2,0.15,1482,0.050902325048608296,False,0.6404000159818679
18001,dynamic_raw,DE,node,3,0.25,2439,0.03537339697558861,True,0.6264999974519014
18001,dynamic_raw,DE,edge,0,0.05,13,0.661706246113344,False,0.8554999949410558
18001,dynamic_raw,DE,edge,1,0.1,56,0.381002596776286,False,0.7961999799590558
18001,dynamic_raw,DE,edge,2,0.15,138,0.27209379375307946,False,0.8234000124502927
18001,dynamic_raw,DE,edge,3,0.25,347,0.12606956812171777,False,0.8426000131294131
18001,dynamic_raw,DE,edge,4,0.35,667,0.12167141592724655,False,0.819200009573251
18001,dynamic_raw,DE,edge,5,0.5,1413,0.06609961762998398,False,0.8711999980732799
18001,dynamic_raw,DE,edge,6,0.75,3267,0.03996963769671225,True,0.7867999956943095
18001,dynamic_raw,ES,node,0,1.0,9093,0.0,True,0.6255999905988574
18001,dynamic_raw,ES,edge,0,1.0,4960,0.0,True,0.8392000163439661
18001,dynamic_raw,IT,node,0,1.0,8664,0.0,True,0.658300006762147
18001,dynamic_raw,IT,edge,0,1.0,4587,0.0,True,0.8488000021316111
18001,dynamic_raw,NL,node,0,1.0,7429,0.0,True,0.5413000180851668
18001,dynamic_raw,NL,edge,0,1.0,3350,0.0,True,0.7679999980609864
18002,dynamic_corrected,FR,node,0,0.05,745,0.05876695378759482,False,0.8211999956984073
18002,dynamic_corrected,FR,node,1,0.1,1487,0.05904871044476068,False,0.8067000017035753
18002,dynamic_corrected,FR,node,2,0.15,2194,0.04740410092021343,True,0.737000023946166
18002,dynamic_corrected,FR,edge,0,0.05,37,0.3282023321652938,False,1.0345999908167869
18002,dynamic_corrected,FR,edge,1,0.1,131,0.2546457701563783,False,0.9357999952044338
18002,dynamic_corrected,FR,edge,2,0.15,290,0.1968650537225082,False,0.9578999888617545
18002,dynamic_corrected,FR,edge,3,0.25,853,0.08013463742796992,False,0.9821000276133418
18002,dynamic_corrected,FR,edge,4,0.35,1652,0.07257120612563778,False,1.0009999969042838
18002,dynamic_corrected,FR,edge,5,0.5,3441,0.05083595093604698,False,1.0569999867584556
18002,dynamic_corrected,FR,edge,6,0.75,7542,0.026859329340162247,True,1.1354000016581267
18002,dynamic_corrected,DE,node,0,0.05,503,0.07151996994566658,False,0.6288000149652362
18002,dynamic_corrected,DE,node,1,0.1,987,0.07247818771984656,False,0.6094000127632171
18002,dynamic_corrected,DE,node,2,0.15,1513,0.057084047867692424,False,0.5778000049758703
18002,dynamic_corrected,DE,node,3,0.25,2550,0.0438720085342099,True,0.5858000076841563
18002,dynamic_corrected,DE,edge,0,0.05,22,0.42562897420562407,False,0.914699980057776
18002,dynamic_corrected,DE,edge,1,0.1,80,0.3258570495989785,False,0.7904999947641045
18002,dynamic_corrected,DE,edge,2,0.15,143,0.2803493864041615,False,0.7921999786049128
18002,dynamic_corrected,DE,edge,3,0.25,412,0.11530448061232451,False,0.7637999951839447
18002,dynamic_corrected,DE,edge,4,0.35,722,0.1097743220829399,False,0.7601000252179801
18002,dynamic_corrected,DE,edge,5,0.5,1481,0.07748823323779268,False,0.759299990022555
18002,dynamic_corrected,DE,edge,6,0.75,3269,0.0407972573611303,True,0.7742000161670148
18002,dynamic_corrected,ES,node,0,1.0,9093,0.0,True,0.6262999959290028
18002,dynamic_corrected,ES,edge,0,1.0,4960,0.0,True,0.9220000065397471
18002,dynamic_corrected,IT,node,0,1.0,8664,0.0,True,0.6455999973695725
18002,dynamic_corrected,IT,edge,0,1.0,4587,0.0,True,0.8230000094044954
18002,dynamic_corrected,NL,node,0,1.0,7429,0.0,True,0.5379000212997198
18002,dynamic_corrected,NL,edge,0,1.0,3350,0.0,True,0.8556999964639544
18002,dynamic_raw,FR,node,0,0.05,745,0.06199134763233851,False,0.7833999989088625
18002,dynamic_raw,FR,node,1,0.1,1487,0.05843786026745758,False,0.7508000126108527
18002,dynamic_raw,FR,node,2,0.15,2194,0.041835350329040503,True,0.7449999975506216
18002,dynamic_raw,FR,edge,0,0.05,37,0.3922257013606426,False,0.9953000117093325
18002,dynamic_raw,FR,edge,1,0.1,131,0.24910721211937598,False,0.9278000215999782
18002,dynamic_raw,FR,edge,2,0.15,290,0.18769779910393916,False,0.9034000104293227
18002,dynamic_raw,FR,edge,3,0.25,853,0.08040822715615446,False,0.9405000018887222
18002,dynamic_raw,FR,edge,4,0.35,1652,0.0773119197668893,False,0.8580000139772892
18002,dynamic_raw,FR,edge,5,0.5,3441,0.04235724371731224,True,0.8910000033210963
18002,dynamic_raw,DE,node,0,0.05,503,0.07544408947213659,False,0.7270999776665121
18002,dynamic_raw,DE,node,1,0.1,987,0.07172841158611215,False,0.6941999890841544
18002,dynamic_raw,DE,node,2,0.15,1513,0.0503781549356696,False,0.599599996348843
18002,dynamic_raw,DE,node,3,0.25,2550,0.03459493969542823,True,0.5732999998144805
18002,dynamic_raw,DE,edge,0,0.05,22,0.50865763757929,False,0.9261000086553395
18002,dynamic_raw,DE,edge,1,0.1,80,0.3187696427283991,False,0.7870999979786575
18002,dynamic_raw,DE,edge,2,0.15,143,0.26729458486000757,False,0.7369999948423356
18002,dynamic_raw,DE,edge,3,0.25,412,0.11569814460734218,False,0.7309000066015869
18002,dynamic_raw,DE,edge,4,0.35,722,0.11694532906960596,False,0.7455000013578683
18002,dynamic_raw,DE,edge,5,0.5,1481,0.06456430773973722,False,0.7693999796174467
18002,dynamic_raw,DE,edge,6,0.75,3269,0.03995740895611803,True,0.7590999884996563
18002,dynamic_raw,ES,node,0,1.0,9093,0.0,True,0.6478999857790768
18002,dynamic_raw,ES,edge,0,1.0,4960,0.0,True,0.8387000125367194
18002,dynamic_raw,IT,node,0,1.0,8664,0.0,True,0.6441999867092818
18002,dynamic_raw,IT,edge,0,1.0,4587,0.0,True,1.004199992166832
18002,dynamic_raw,NL,node,0,1.0,7429,0.0,True,0.5450999888125807
18002,dynamic_raw,NL,edge,0,1.0,3350,0.0,True,0.7881000055931509
18003,dynamic_raw,FR,node,0,0.05,748,0.06186690853536226,False,0.7657000096514821
18003,dynamic_raw,FR,node,1,0.1,1497,0.05824234998285821,False,0.7982999959494919
18003,dynamic_raw,FR,node,2,0.15,2219,0.041599017230841265,True,0.7405999931506813
18003,dynamic_raw,FR,edge,0,0.05,33,0.41531722194626464,False,1.031799998600036
18003,dynamic_raw,FR,edge,1,0.1,136,0.24448515548006688,False,1.1037999938707799
18003,dynamic_raw,FR,edge,2,0.15,286,0.18900581352895443,False,0.9171999990940094
18003,dynamic_raw,FR,edge,3,0.25,812,0.08241323990177692,False,0.9154999861493707
18003,dynamic_raw,FR,edge,4,0.35,1610,0.07831384389187701,False,0.9726999851409346
18003,dynamic_raw,FR,edge,5,0.5,3377,0.04275673142709079,True,1.9022999913431704
18003,dynamic_raw,DE,node,0,0.05,450,0.07976327127539778,False,0.7061999931465834
18003,dynamic_raw,DE,node,1,0.1,918,0.0743752518407632,False,0.6271000020205975
18003,dynamic_raw,DE,node,2,0.15,1380,0.05274996533081413,False,0.5991999933030456
18003,dynamic_raw,DE,node,3,0.25,2352,0.03602168378019931,True,0.6160000048112124
18003,dynamic_raw,DE,edge,0,0.05,12,0.6887256970842586,False,0.9147000091616064
18003,dynamic_raw,DE,edge,1,0.1,52,0.3953850803091379,False,0.7862999918870628
18003,dynamic_raw,DE,edge,2,0.15,127,0.28363271274208574,False,0.7732000085525215
18003,dynamic_raw,DE,edge,3,0.25,333,0.12869239571697336,False,0.763599993661046
18003,dynamic_raw,DE,edge,4,0.35,652,0.12306305190777084,False,0.7681999995838851
18003,dynamic_raw,DE,edge,5,0.5,1428,0.0657515392883205,False,0.8616999839432538
18003,dynamic_raw,DE,edge,6,0.75,3239,0.04014202756870174,True,0.8101999992504716
18003,dynamic_raw,ES,node,0,1.0,9093,0.0,True,0.6236000044737011
18003,dynamic_raw,ES,edge,0,1.0,4960,0.0,True,0.8213000255636871
18003,dynamic_raw,IT,node,0,1.0,8664,0.0,True,0.6390000053215772
18003,dynamic_raw,IT,edge,0,1.0,4587,0.0,True,0.8295000006910414
18003,dynamic_raw,NL,node,0,1.0,7429,0.0,True,0.5468000017572194
18003,dynamic_raw,NL,edge,0,1.0,3350,0.0,True,0.7766999769955873
18003,dynamic_corrected,FR,node,0,0.05,748,0.05864898721740917,False,2.124899998307228
18003,dynamic_corrected,FR,node,1,0.1,1497,0.058851156493752825,False,3.1834000255912542
18003,dynamic_corrected,FR,node,2,0.15,2219,0.04713630925718901,True,2.421400015009567
18003,dynamic_corrected,FR,edge,0,0.05,33,0.34752460218266734,False,3.314599976874888
18003,dynamic_corrected,FR,edge,1,0.1,136,0.24992094841151757,False,3.2590999908279628
18003,dynamic_corrected,FR,edge,2,0.15,286,0.19823695222787027,False,3.001600009156391
18003,dynamic_corrected,FR,edge,3,0.25,812,0.08213282809939074,False,4.07890000496991
18003,dynamic_corrected,FR,edge,4,0.35,1610,0.07351169295374876,False,2.8479000029619783
18003,dynamic_corrected,FR,edge,5,0.5,3377,0.051315404645296624,False,3.039200004423037
18003,dynamic_corrected,FR,edge,6,0.75,7494,0.026945210708286736,True,3.3745999971870333
18003,dynamic_corrected,DE,node,0,0.05,450,0.0756144955065218,False,1.6975000035017729
18003,dynamic_corrected,DE,node,1,0.1,918,0.07515269536052863,False,1.6185999847948551
18003,dynamic_corrected,DE,node,2,0.15,1380,0.05977157261532184,False,1.570199994603172
18003,dynamic_corrected,DE,node,3,0.25,2352,0.045681352016646505,True,1.5774999919813126
18003,dynamic_corrected,DE,edge,0,0.05,12,0.5763043554287165,False,1.6878999886102974
18003,dynamic_corrected,DE,edge,1,0.1,52,0.4041759266103183,False,1.8977000145241618
18003,dynamic_corrected,DE,edge,2,0.15,127,0.2974854766438207,False,2.201499999500811
18003,dynamic_corrected,DE,edge,3,0.25,333,0.12825451866373042,False,2.5439999881200492
18003,dynamic_corrected,DE,edge,4,0.35,652,0.11551691037264535,False,4.680499987443909
18003,dynamic_corrected,DE,edge,5,0.5,1428,0.07891311454395848,False,4.856400017160922
18003,dynamic_corrected,DE,edge,6,0.75,3239,0.04098575639667847,True,3.9176999998744577
18003,dynamic_corrected,ES,node,0,1.0,9093,0.0,True,1.6968999989330769
18003,dynamic_corrected,ES,edge,0,1.0,4960,0.0,True,1.7825999821070582
18003,dynamic_corrected,IT,node,0,1.0,8664,0.0,True,1.297399983741343
18003,dynamic_corrected,IT,edge,0,1.0,4587,0.0,True,1.3363999896682799
18003,dynamic_corrected,NL,node,0,1.0,7429,0.0,True,0.9487000061199069
18003,dynamic_corrected,NL,edge,0,1.0,3350,0.0,True,1.2101999891456217
18004,dynamic_corrected,FR,node,0,0.05,769,0.05784264526235102,False,0.9960000170394778
18004,dynamic_corrected,FR,node,1,0.1,1531,0.058194012965933566,False,1.1316000018268824
18004,dynamic_corrected,FR,node,2,0.15,2295,0.046349268112446766,True,1.224799983901903
18004,dynamic_corrected,FR,edge,0,0.05,39,0.31967613904176323,False,1.1380999931134284
18004,dynamic_corrected,FR,edge,1,0.1,147,0.24038836692211962,False,1.035799999954179
18004,dynamic_corrected,FR,edge,2,0.15,307,0.1913367711601051,False,1.0752000089269131
18004,dynamic_corrected,FR,edge,3,0.25,874,0.07916606809225919,False,1.3664000143762678
18004,dynamic_corrected,FR,edge,4,0.35,1693,0.07168707879451158,False,1.7519000102765858
18004,dynamic_corrected,FR,edge,5,0.5,3392,0.051201816212684804,False,4.86410001758486
18004,dynamic_corrected,FR,edge,6,0.75,7694,0.026592694077347788,True,3.56770001235418
18004,dynamic_corrected,DE,node,0,0.05,481,0.07313727543348106,False,1.6024000069592148
18004,dynamic_corrected,DE,node,1,0.1,990,0.07236828896410531,False,1.4807000115979463
18004,dynamic_corrected,DE,node,2,0.15,1484,0.05763911117991418,False,1.4451000024564564
18004,dynamic_corrected,DE,node,3,0.25,2459,0.044676417775925625,True,1.3943999947514385
18004,dynamic_corrected,DE,edge,0,0.05,16,0.4990942121128848,False,2.8064999787602574
18004,dynamic_corrected,DE,edge,1,0.1,64,0.3643192569254183,False,3.2993000058922917
18004,dynamic_corrected,DE,edge,2,0.15,139,0.28435458054608626,False,2.200899994932115
18004,dynamic_corrected,DE,edge,3,0.25,369,0.12183767666234584,False,1.9929000118281692
18004,dynamic_corrected,DE,edge,4,0.35,718,0.11007967544631764,False,2.3512999759986997
18004,dynamic_corrected,DE,edge,5,0.5,1444,0.07847470495980848,False,2.2896000009495765
18004,dynamic_corrected,DE,edge,6,0.75,3361,0.040235015430575255,True,2.0183000015094876
18004,dynamic_corrected,ES,node,0,1.0,9093,0.0,True,1.7752999847289175
18004,dynamic_corrected,ES,edge,0,1.0,4960,0.0,True,2.86539999069646
18004,dynamic_corrected,IT,node,0,1.0,8664,0.0,True,1.771300012478605
18004,dynamic_corrected,IT,edge,0,1.0,4587,0.0,True,3.799400001298636
18004,dynamic_corrected,NL,node,0,1.0,7429,0.0,True,1.4144000015221536
18004,dynamic_corrected,NL,edge,0,1.0,3350,0.0,True,2.5059999898076057
18004,dynamic_raw,FR,node,0,0.05,769,0.06101632464041992,False,0.9014999959617853
18004,dynamic_raw,FR,node,1,0.1,1531,0.05759200450765447,False,0.8444999984931201
18004,dynamic_raw,FR,node,2,0.15,2295,0.04090443297811851,True,0.832199992146343
18004,dynamic_raw,FR,edge,0,0.05,39,0.38203627931799594,False,1.399599976139143
18004,dynamic_raw,FR,edge,1,0.1,147,0.2351599081073482,False,1.3353999820537865
18004,dynamic_raw,FR,edge,2,0.15,307,0.1824269475730709,False,1.2676999904215336
18004,dynamic_raw,FR,edge,3,0.25,874,0.07943635100294522,False,1.2769000022672117
18004,dynamic_raw,FR,edge,4,0.35,1693,0.07637003682271712,False,1.2895000108983368
18004,dynamic_raw,FR,edge,5,0.5,3392,0.04266208791526471,True,1.4035999774932861
18004,dynamic_raw,DE,node,0,0.05,481,0.07715013241397714,False,1.6804999904707074
18004,dynamic_raw,DE,node,1,0.1,990,0.07161964971674697,False,1.4970999909564853
18004,dynamic_raw,DE,node,2,0.15,1484,0.05086801272583587,False,1.567700004670769
18004,dynamic_raw,DE,node,3,0.25,2459,0.03522925050401363,True,1.86390001908876
18004,dynamic_raw,DE,edge,0,0.05,16,0.596453949914114,False,2.6493000041227788
18004,dynamic_raw,DE,edge,1,0.1,64,0.356395295152011,False,2.638000005390495
18004,dynamic_raw,DE,edge,2,0.15,139,0.27111327238838384,False,2.511600003344938
18004,dynamic_raw,DE,edge,3,0.25,369,0.12225364581015224,False,3.145900001982227
18004,dynamic_raw,DE,edge,4,0.35,718,0.11727062963976789,False,2.521399990655482
18004,dynamic_raw,DE,edge,5,0.5,1444,0.06538625013247863,False,2.699899981962517
18004,dynamic_raw,DE,edge,6,0.75,3361,0.039406741283715394,True,2.650999987963587
18004,dynamic_raw,ES,node,0,1.0,9093,0.0,True,1.277900009881705
18004,dynamic_raw,ES,edge,0,1.0,4960,0.0,True,2.865699992980808
18004,dynamic_raw,IT,node,0,1.0,8664,0.0,True,1.8593999848235399
18004,dynamic_raw,IT,edge,0,1.0,4587,0.0,True,2.922500018030405
18004,dynamic_raw,NL,node,0,1.0,7429,0.0,True,0.7580000092275441
18004,dynamic_raw,NL,edge,0,1.0,3350,0.0,True,1.5967999934218824
