seed,mode,country,kind,scope,online_ms,relative_error,within_budget,estimate,fidelity,bound,query_ms,attempts,fallback,raw_count
18000,gated_raw,FR,node,known,4.516499990131706,0.0,True,14959.0,1.0,0.0,0.7687999750487506,1,False,14959
18000,gated_raw,FR,edge,known,4.316200007451698,0.0,True,13428.0,1.0,0.0,1.0998999932780862,1,False,13428
18000,gated_raw,DE,node,known,3.7062000192236155,0.0,True,9855.0,1.0,0.0,0.5879999953322113,1,False,9855
18000,gated_raw,DE,edge,known,4.141699988394976,0.0,True,5833.0,1.0,0.0,0.7832999981474131,1,False,5833
18000,gated_raw,ES,node,unseen,3.5860000061802566,0.0,True,9093.0,1.0,0.0,0.6053999823052436,1,True,9093
18000,gated_raw,ES,edge,unseen,3.8921000086702406,0.0,True,4960.0,1.0,0.0,0.814600003650412,1,True,4960
18000,gated_raw,IT,node,unseen,3.8141999975778162,0.0,True,8664.0,1.0,0.0,0.6408999906852841,1,True,8664
18000,gated_raw,IT,edge,unseen,3.9083000156097114,0.0,True,4587.0,1.0,0.0,0.82970000221394,1,True,4587
18000,gated_raw,NL,node,unseen,3.587099985452369,0.0,True,7429.0,1.0,0.0,0.5370000144466758,1,True,7429
18000,gated_raw,NL,edge,unseen,3.8880000065546483,0.0,True,3350.0,1.0,0.0,0.7407999946735799,1,True,3350
18000,fixed_raw,FR,node,known,3.7560999917332083,0.007687679657731132,True,14844.0,0.25,0.029881676582659267,0.7295999967027456,1,False,3711
18000,fixed_raw,FR,edge,known,3.988299984484911,0.01519213583556747,True,13632.0,0.25,0.12463569346819818,0.9573999850545079,1,False,852
18000,fixed_raw,DE,node,known,3.8858000189065933,0.030948756976154235,True,10160.0,0.25,0.029881676582659267,0.5967999750282615,1,False,2540
18000,fixed_raw,DE,edge,known,3.793200012296438,0.023144179667409566,True,5968.0,0.25,0.12463569346819818,0.8137999975588173,1,False,373
18000,fixed_raw,ES,node,unseen,3.7222000246401876,0.019465522929726163,True,8916.0,0.25,0.029881676582659267,0.6339999963529408,1,False,2229
18000,fixed_raw,ES,edge,unseen,3.8619999832008034,0.00967741935483871,True,5008.0,0.25,0.12463569346819818,0.8860999951139092,1,False,313
18000,fixed_raw,IT,node,unseen,3.63880000077188,0.008771929824561403,True,8740.0,0.25,0.029881676582659267,0.6464000034611672,1,False,2185
18000,fixed_raw,IT,edge,unseen,3.8812000129837543,0.044255504687159365,True,4384.0,0.25,0.12463569346819818,0.8899999957066029,1,False,274
18000,fixed_raw,NL,node,unseen,3.5189999907743186,0.00013460761879122358,True,7428.0,0.25,0.029881676582659267,0.5541999998968095,1,False,1857
18000,fixed_raw,NL,edge,unseen,3.7363000155892223,0.03044776119402985,True,3248.0,0.25,0.12463569346819818,0.7585000130347908,1,False,203
18000,dynamic_corrected,FR,node,known,10.803600016515702,0.006073563900456082,True,15049.854442386923,0.15,0.04653210617190185,2.1670999994967133,3,False,2277
18000,dynamic_corrected,FR,edge,known,20.172899996396154,0.012781611187157397,True,13256.36852497885,0.75,0.027004734290773505,6.888799980515614,7,False,7461
18000,dynamic_corrected,DE,node,known,11.330999986967072,0.022234871672484273,True,10074.124660332332,0.25,0.04395828592046394,2.648900030180812,4,False,2540
18000,dynamic_corrected,DE,edge,known,17.02080000541173,0.0005943902071994802,True,5829.532921921405,0.75,0.040722582635877115,5.453200021293014,7,False,3281
18000,dynamic_corrected,ES,node,unseen,7.272600021678954,0.0,True,9093.0,1.0,0.0,0.6209999846760184,1,True,9093
18000,dynamic_corrected,ES,edge,unseen,7.786400004988536,0.0,True,4960.0,1.0,0.0,0.8158999844454229,1,True,4960
18000,dynamic_corrected,IT,node,unseen,7.245600019814447,0.0,True,8664.0,1.0,0.0,0.6319000094663352,1,True,8664
18000,dynamic_corrected,IT,edge,unseen,8.215199981350452,0.0,True,4587.0,1.0,0.0,0.839299988001585,1,True,4587
18000,dynamic_corrected,NL,node,unseen,7.4788999918382615,0.0,True,7429.0,1.0,0.0,0.5388999998103827,1,True,7429
18000,dynamic_corrected,NL,edge,unseen,7.8304000198841095,0.0,True,3350.0,1.0,0.0,0.7570000016130507,1,True,3350
18000,gated_corrected,FR,node,known,3.9112000085879117,0.0,True,14959.0,1.0,0.0,0.7084000098984689,1,False,14959
18000,gated_corrected,FR,edge,known,4.002100002253428,0.0,True,13428.0,1.0,0.0,0.9410000056959689,1,False,13428
18000,gated_corrected,DE,node,known,3.593699977500364,0.0,True,9855.0,1.0,0.0,0.5735000013373792,1,False,9855
18000,gated_corrected,DE,edge,known,3.9200000173877925,0.0,True,5833.0,1.0,0.0,0.7559999939985573,1,False,5833
18000,gated_corrected,ES,node,unseen,3.5764999920502305,0.0,True,9093.0,1.0,0.0,0.6167999817989767,1,True,9093
18000,gated_corrected,ES,edge,unseen,3.84029999258928,0.0,True,4960.0,1.0,0.0,0.8063999994192272,1,True,4960
18000,gated_corrected,IT,node,unseen,3.664099989691749,0.0,True,8664.0,1.0,0.0,0.6325000140350312,1,True,8664
18000,gated_corrected,IT,edge,unseen,3.8169000181369483,0.0,True,4587.0,1.0,0.0,0.8248999947682023,1,True,4587
18000,gated_corrected,NL,node,unseen,3.580800024792552,0.0,True,7429.0,1.0,0.0,0.5404999828897417,1,True,7429
18000,gated_corrected,NL,edge,unseen,3.8151000044308603,0.0,True,3350.0,1.0,0.0,0.7150000019464642,1,True,3350
18000,dynamic_raw,FR,node,known,10.462000005645677,0.014773714820509392,True,15180.0,0.15,0.041065792314595735,2.215999993495643,3,False,2277
18000,dynamic_raw,FR,edge,known,17.27690000552684,0.01668156091748585,True,13652.0,0.5,0.04253063666797403,5.79439994180575,6,False,3413
18000,dynamic_raw,DE,node,known,11.103900003945455,0.030948756976154235,True,10160.0,0.25,0.03466297307421029,2.3598000407218933,4,False,2540
18000,dynamic_raw,DE,edge,known,16.966600000159815,1.9048707545227707e-05,True,5832.888888888889,0.75,0.0398842714775563,5.468699993798509,7,False,3281
18000,dynamic_raw,ES,node,unseen,7.452999998349696,0.0,True,9093.0,1.0,0.0,0.6186999962665141,1,True,9093
18000,dynamic_raw,ES,edge,unseen,7.660000002942979,0.0,True,4960.0,1.0,0.0,0.8310000121127814,1,True,4960
18000,dynamic_raw,IT,node,unseen,7.306299987249076,0.0,True,8664.0,1.0,0.0,0.6436000112444162,1,True,8664
18000,dynamic_raw,IT,edge,unseen,7.845999993151054,0.0,True,4587.0,1.0,0.0,0.8546999888494611,1,True,4587
18000,dynamic_raw,NL,node,unseen,7.426900003338233,0.0,True,7429.0,1.0,0.0,0.5661000031977892,1,True,7429
18000,dynamic_raw,NL,edge,unseen,8.483900019200519,0.0,True,3350.0,1.0,0.0,1.177600002847612,1,True,3350
18000,exact,FR,node,known,0.8095999946817756,0.0,True,14959,1,0,0.8069999748840928,1,False,14959
18000,exact,FR,edge,known,0.9163999930024147,0.0,True,13428,1,0,0.9138000023085624,1,False,13428
18000,exact,DE,node,known,0.5924000288359821,0.0,True,9855,1,0,0.5911000189371407,1,False,9855
18000,exact,DE,edge,known,0.8232999825850129,0.0,True,5833,1,0,0.8219000010285527,1,False,5833
18000,exact,ES,node,unseen,0.7440000190399587,0.0,True,9093,1,0,0.743200012948364,1,False,9093
18000,exact,ES,edge,unseen,0.8471000182908028,0.0,True,4960,1,0,0.8462000114377588,1,False,4960
18000,exact,IT,node,unseen,0.6519000162370503,0.0,True,8664,1,0,0.6509000086225569,1,False,8664
18000,exact,IT,edge,unseen,0.8194999827537686,0.0,True,4587,1,0,0.8184000034816563,1,False,4587
18000,exact,NL,node,unseen,0.6665999826509506,0.0,True,7429,1,0,0.6657999765593559,1,False,7429
18000,exact,NL,edge,unseen,1.035499997669831,0.0,True,3350,1,0,1.030800020089373,1,False,3350
18000,fixed_corrected,FR,node,known,3.93520001671277,0.016074998315782553,True,14718.534100194209,0.25,0.03675571783380172,0.7745999901089817,1,False,3711
18000,fixed_corrected,FR,edge,known,4.929399990942329,0.011091984980332025,True,13576.943174315898,0.25,0.12009352274245023,1.3876000011805445,1,False,852
18000,fixed_corrected,DE,node,known,4.274800012353808,0.022234871672484273,True,10074.124660332332,0.25,0.03675571783380172,0.7646000012755394,1,False,2540
18000,fixed_corrected,DE,edge,known,4.742899996927008,0.019011912153497387,True,5943.89648359135,0.25,0.12009352274245023,1.0002999915741384,1,False,373
18000,fixed_corrected,ES,node,unseen,4.580700013320893,0.027753291755933693,True,8840.639318063295,0.25,0.03675571783380172,0.7500999781768769,1,False,2229
18000,fixed_corrected,ES,edge,unseen,5.389099998865277,0.005599541297723656,True,4987.773724836709,0.25,0.12009352274245023,0.8686000073794276,1,False,313
18000,fixed_corrected,IT,node,unseen,4.0317999955732375,0.00024548965518229383,True,8666.1269223725,0.25,0.03675571783380172,0.672199996188283,1,False,2185
18000,fixed_corrected,IT,edge,unseen,3.88469998142682,0.04811555883013026,True,4366.2939316461925,0.25,0.12009352274245023,0.8639000006951392,1,False,274
18000,fixed_corrected,NL,node,unseen,3.7346999743022025,0.00858576708657476,True,7365.216336313836,0.25,0.03675571783380172,0.5603999888990074,1,False,1857
18000,fixed_corrected,NL,edge,unseen,3.8420000055339187,0.03436358195426828,True,3234.8820004532013,0.25,0.12009352274245023,0.7808000082150102,1,False,203
18001,fixed_corrected,FR,node,known,4.081399994902313,0.007855737994518563,True,14841.486015339997,0.25,0.03675571783380172,0.73490000795573,1,False,3742
18001,fixed_corrected,FR,edge,known,4.1698999993968755,0.062121275302109466,False,14262.164484756726,0.25,0.12009352274245023,0.9764000133145601,1,False,895
18001,fixed_corrected,DE,node,known,3.6074999952688813,0.018413050390082994,True,9673.539388405732,0.25,0.03675571783380172,0.6013000092934817,1,False,2439
18001,fixed_corrected,DE,edge,known,3.8437999901361763,0.05201840880090193,False,5529.576621464339,0.25,0.12009352274245023,0.7961000083014369,1,False,347
18001,fixed_corrected,ES,node,unseen,3.7991999997757375,0.005071897036915558,True,9046.881240243327,0.25,0.03675571783380172,0.6447999912779778,1,False,2281
18001,fixed_corrected,ES,edge,unseen,3.8921000086702406,0.015237875559363227,True,5035.579862774442,0.25,0.12009352274245023,0.8484000281896442,1,False,316
18001,fixed_corrected,IT,node,unseen,3.649499994935468,0.025847870944518177,True,8440.054046136695,0.25,0.03675571783380172,0.6503000040538609,1,False,2128
18001,fixed_corrected,IT,edge,unseen,4.418799973791465,0.09675199013078038,False,4143.19862127011,0.25,0.12009352274245023,0.9334000060334802,1,False,260
18001,fixed_corrected,NL,node,unseen,3.614499990362674,0.005295099933214708,True,7468.337297403852,0.25,0.03675571783380172,0.5591000081039965,1,False,1883
18001,fixed_corrected,NL,edge,unseen,3.9099999994505197,0.07028667024773218,False,3585.460345329903,0.25,0.12009352274245023,0.8489000028930604,1,False,225
18001,fixed_raw,FR,node,known,3.790600021602586,0.0006016444949528711,True,14968.0,0.25,0.029881676582659267,0.7216999947559088,1,False,3742
18001,fixed_raw,FR,edge,known,4.1096999775618315,0.06642835865355973,False,14320.0,0.25,0.12463569346819818,1.0024000075645745,1,False,895
18001,fixed_raw,DE,node,known,4.126799991354346,0.01004566210045662,True,9756.0,0.25,0.029881676582659267,0.6019999855197966,1,False,2439
18001,fixed_raw,DE,edge,known,3.992500016465783,0.048174181381793246,True,5552.0,0.25,0.12463569346819818,0.8802999800536782,1,False,347
18001,fixed_raw,ES,node,unseen,3.993400023318827,0.00340921588034752,True,9124.0,0.25,0.029881676582659267,0.6488000217359513,1,False,2281
18001,fixed_raw,ES,edge,unseen,3.9096999971661717,0.01935483870967742,True,5056.0,0.25,0.12463569346819818,0.8562000002712011,1,False,316
18001,fixed_raw,IT,node,unseen,3.6829000164289027,0.017543859649122806,True,8512.0,0.25,0.029881676582659267,0.6544000061694533,1,False,2128
18001,fixed_raw,IT,edge,unseen,4.18109999736771,0.09308916503161108,False,4160.0,0.25,0.12463569346819818,1.071299979230389,1,False,260
18001,fixed_raw,NL,node,unseen,3.801199985900894,0.01386458473549603,True,7532.0,0.25,0.029881676582659267,0.5512000061571598,1,False,1883
18001,fixed_raw,NL,edge,unseen,3.7366000178735703,0.07462686567164178,False,3600.0,0.25,0.12463569346819818,0.7578999793622643,1,False,225
18001,dynamic_corrected,FR,node,known,10.34439998329617,0.013367471150760386,True,14759.035999055775,0.15,0.046988314200341934,2.1412999485619366,3,False,2233
18001,dynamic_corrected,FR,edge,known,18.67250000941567,0.007091972972581283,True,13332.768986924179,0.75,0.02692725082446217,6.38869998510927,7,False,7504
18001,dynamic_corrected,DE,node,known,11.215399979846552,0.018413050390082994,True,9673.539388405732,0.25,0.044859218939529016,2.5212000182364136,4,False,2439
18001,dynamic_corrected,DE,edge,known,17.096900002798066,0.00485884571987832,True,5804.65835291595,0.75,0.04080974313261195,5.750299955252558,7,False,3267
18001,dynamic_corrected,ES,node,unseen,7.1675000071991235,0.0,True,9093.0,1.0,0.0,0.6172000139486045,1,True,9093
18001,dynamic_corrected,ES,edge,unseen,7.466000010026619,0.0,True,4960.0,1.0,0.0,0.8131999929901212,1,True,4960
18001,dynamic_corrected,IT,node,unseen,7.301700010430068,0.0,True,8664.0,1.0,0.0,0.6508000078611076,1,True,8664
18001,dynamic_corrected,IT,edge,unseen,8.06130000273697,0.0,True,4587.0,1.0,0.0,0.8679000020492822,1,True,4587
18001,dynamic_corrected,NL,node,unseen,7.573400012915954,0.0,True,7429.0,1.0,0.0,0.5599999858532101,1,True,7429
18001,dynamic_corrected,NL,edge,unseen,7.962000003317371,0.0,True,3350.0,1.0,0.0,0.8006000134628266,1,True,3350
18001,dynamic_raw,FR,node,known,11.070699983974919,0.004835439089065587,True,14886.666666666668,0.15,0.04146840774917249,2.3273999977391213,3,False,2233
18001,dynamic_raw,FR,edge,known,17.77780000702478,0.011915400655347037,True,13588.0,0.5,0.04263067946816302,5.763099994510412,6,False,3397
18001,dynamic_raw,DE,node,known,11.61429999046959,0.01004566210045662,True,9756.0,0.25,0.03537339697558861,2.5502000062260777,4,False,2439
18001,dynamic_raw,DE,edge,known,17.936699994606897,0.004285959197668438,True,5808.0,0.75,0.03996963769671225,5.794900003820658,7,False,3267
18001,dynamic_raw,ES,node,unseen,7.400500006042421,0.0,True,9093.0,1.0,0.0,0.6255999905988574,1,True,9093
18001,dynamic_raw,ES,edge,unseen,7.778700004564598,0.0,True,4960.0,1.0,0.0,0.8392000163439661,1,True,4960
18001,dynamic_raw,IT,node,unseen,7.978800014825538,0.0,True,8664.0,1.0,0.0,0.658300006762147,1,True,8664
18001,dynamic_raw,IT,edge,unseen,7.916100003058091,0.0,True,4587.0,1.0,0.0,0.8488000021316111,1,True,4587
18001,dynamic_raw,NL,node,unseen,7.213200005935505,0.0,True,7429.0,1.0,0.0,0.5413000180851668,1,True,7429
18001,dynamic_raw,NL,edge,unseen,7.607000006828457,0.0,True,3350.0,1.0,0.0,0.7679999980609864,1,True,3350
18001,gated_corrected,FR,node,known,3.69810001575388,0.0,True,14959.0,1.0,0.0,0.7063999946694821,1,False,14959
18001,gated_corrected,FR,edge,known,4.3046000064350665,0.0,True,13428.0,1.0,0.0,1.3318999845068902,1,False,13428
18001,gated_corrected,DE,node,known,3.6780999798793346,0.0,True,9855.0,1.0,0.0,0.5711000121664256,1,False,9855
18001,gated_corrected,DE,edge,known,3.8838000036776066,0.0,True,5833.0,1.0,0.0,0.7597999938298017,1,False,5833
18001,gated_corrected,ES,node,unseen,3.557599993655458,0.0,True,9093.0,1.0,0.0,0.6465000042226166,1,True,9093
18001,gated_corrected,ES,edge,unseen,3.857800009427592,0.0,True,4960.0,1.0,0.0,0.8071000047493726,1,True,4960
18001,gated_corrected,IT,node,unseen,3.636800014646724,0.0,True,8664.0,1.0,0.0,0.6378999969456345,1,True,8664
18001,gated_corrected,IT,edge,unseen,4.063700005644932,0.0,True,4587.0,1.0,0.0,0.8314000151585788,1,True,4587
18001,gated_corrected,NL,node,unseen,3.500299993902445,0.0,True,7429.0,1.0,0.0,0.5437000072561204,1,True,7429
18001,gated_corrected,NL,edge,unseen,3.640200011432171,0.0,True,3350.0,1.0,0.0,0.7286999898497015,1,True,3350
18001,gated_raw,FR,node,known,3.6951999936718494,0.0,True,14959.0,1.0,0.0,0.7105999975465238,1,False,14959
18001,gated_raw,FR,edge,known,3.867899999022484,0.0,True,13428.0,1.0,0.0,0.8974999946076423,1,False,13428
18001,gated_raw,DE,node,known,3.643600008217618,0.0,True,9855.0,1.0,0.0,0.5712999845854938,1,False,9855
18001,gated_raw,DE,edge,known,4.085799999302253,0.0,True,5833.0,1.0,0.0,0.817699998151511,1,False,5833
18001,gated_raw,ES,node,unseen,3.722099994774908,0.0,True,9093.0,1.0,0.0,0.6334000208880752,1,True,9093
18001,gated_raw,ES,edge,unseen,4.023600020445883,0.0,True,4960.0,1.0,0.0,0.8308999822475016,1,True,4960
18001,gated_raw,IT,node,unseen,3.5983000125270337,0.0,True,8664.0,1.0,0.0,0.6376000237651169,1,True,8664
18001,gated_raw,IT,edge,unseen,4.29369998164475,0.0,True,4587.0,1.0,0.0,0.8868000004440546,1,True,4587
18001,gated_raw,NL,node,unseen,4.035699996165931,0.0,True,7429.0,1.0,0.0,0.5811000009998679,1,True,7429
18001,gated_raw,NL,edge,unseen,3.8249000208452344,0.0,True,3350.0,1.0,0.0,0.7648000027984381,1,True,3350
18001,exact,FR,node,known,0.7111000013537705,0.0,True,14959,1,0,0.7092999876476824,1,False,14959
18001,exact,FR,edge,known,0.9995000145863742,0.0,True,13428,1,0,0.9965999925043434,1,False,13428
18001,exact,DE,node,known,0.5737000028602779,0.0,True,9855,1,0,0.5720000190194696,1,False,9855
18001,exact,DE,edge,known,0.7975999906193465,0.0,True,5833,1,0,0.7952999731060117,1,False,5833
18001,exact,ES,node,unseen,0.6520999886561185,0.0,True,9093,1,0,0.6507000070996583,1,False,9093
18001,exact,ES,edge,unseen,0.8801000076346099,0.0,True,4960,1,0,0.8773999870754778,1,False,4960
18001,exact,IT,node,unseen,0.6127999804448336,0.0,True,8664,1,0,0.6113999988883734,1,False,8664
18001,exact,IT,edge,unseen,0.8424000116065145,0.0,True,4587,1,0,0.8412000024691224,1,False,4587
18001,exact,NL,node,unseen,0.5168999778106809,0.0,True,7429,1,0,0.5161000008229166,1,False,7429
18001,exact,NL,edge,unseen,0.7224000000860542,0.0,True,3350,1,0,0.7213999924715608,1,False,3350
18002,fixed_corrected,FR,node,known,4.05220000538975,0.0006286597564635793,True,14968.404121296939,0.25,0.03675571783380172,0.7731000077910721,1,False,3774
18002,fixed_corrected,FR,edge,known,4.642699990654364,0.01227871266223383,True,13592.878553628476,0.25,0.12009352274245023,1.0147999855689704,1,False,853
18002,fixed_corrected,DE,node,known,3.87139999656938,0.026259418411352452,True,10113.786568443878,0.25,0.03675571783380172,0.6597999890800565,1,False,2550
18002,fixed_corrected,DE,edge,known,4.308100003981963,0.12555739358509638,False,6565.376276781867,0.25,0.12009352274245023,0.9984000062104315,1,False,412
18002,fixed_corrected,ES,node,unseen,3.8717999996151775,0.00943370371364976,True,9007.219332131783,0.25,0.03675571783380172,0.6544000061694533,1,False,2271
18002,fixed_corrected,ES,edge,unseen,4.213500011246651,0.061868798533752975,False,4653.130759272585,0.25,0.12009352274245023,0.8875999774318188,1,False,292
18002,fixed_corrected,IT,node,unseen,3.676299995277077,0.03500343606721996,True,8360.730229913606,0.25,0.03675571783380172,0.6751000182703137,1,False,2108
18002,fixed_corrected,IT,edge,unseen,4.080899991095066,0.006427189143858581,True,4557.518483397121,0.25,0.12009352274245023,0.9277000208385289,1,False,286
18002,fixed_corrected,NL,node,unseen,4.174800007604063,0.014992321095708378,True,7317.622046579982,0.25,0.03675571783380172,0.5872999900020659,1,False,1845
18002,fixed_corrected,NL,edge,unseen,3.9511000213678926,0.010579433726540913,True,3314.558897016088,0.25,0.12009352274245023,0.8114999800454825,1,False,208
18002,fixed_raw,FR,node,known,4.095999989658594,0.009158366200949262,True,15096.0,0.25,0.029881676582659267,0.8198999857995659,1,False,3774
18002,fixed_raw,FR,edge,known,4.147600004216656,0.016383675901102176,True,13648.0,0.25,0.12463569346819818,1.0107000125572085,1,False,853
18002,fixed_raw,DE,node,known,3.8616000092588365,0.0350076103500761,True,10200.0,0.25,0.029881676582659267,0.6470000080298632,1,False,2550
18002,fixed_raw,DE,edge,known,4.001699999207631,0.1301217212412138,False,6592.0,0.25,0.12463569346819818,0.9009000204969198,1,False,412
18002,fixed_raw,ES,node,unseen,4.046099988045171,0.0009897723523589574,True,9084.0,0.25,0.029881676582659267,0.6447999912779778,1,False,2271
18002,fixed_raw,ES,edge,unseen,4.29509999230504,0.05806451612903226,False,4672.0,0.25,0.12463569346819818,1.0028000106103718,1,False,292
18002,fixed_raw,IT,node,unseen,3.8560000248253345,0.02677746999076639,True,8432.0,0.25,0.029881676582659267,0.6481999880634248,1,False,2108
18002,fixed_raw,IT,edge,unseen,4.035599995404482,0.002398081534772182,True,4576.0,0.25,0.12463569346819818,0.9597000025678426,1,False,286
18002,fixed_raw,NL,node,unseen,4.076299985172227,0.006595773320769956,True,7380.0,0.25,0.029881676582659267,0.578600011067465,1,False,1845
18002,fixed_raw,NL,edge,unseen,4.134999995585531,0.006567164179104477,True,3328.0,0.25,0.12463569346819818,0.8041999826673418,1,False,208
18002,gated_raw,FR,node,known,4.116500000236556,0.0,True,14959.0,1.0,0.0,0.7345000049099326,1,False,14959
18002,gated_raw,FR,edge,known,4.242399998474866,0.0,True,13428.0,1.0,0.0,1.0443000064697117,1,False,13428
18002,gated_raw,DE,node,known,3.937100002076477,0.0,True,9855.0,1.0,0.0,0.5947999889031053,1,False,9855
18002,gated_raw,DE,edge,known,4.050199990160763,0.0,True,5833.0,1.0,0.0,0.7801000028848648,1,False,5833
18002,gated_raw,ES,node,unseen,4.062000021804124,0.0,True,9093.0,1.0,0.0,0.6236000044737011,1,True,9093
18002,gated_raw,ES,edge,unseen,3.9447000017389655,0.0,True,4960.0,1.0,0.0,0.8344000088982284,1,True,4960
18002,gated_raw,IT,node,unseen,4.221599985612556,0.0,True,8664.0,1.0,0.0,0.6738999800290912,1,True,8664
18002,gated_raw,IT,edge,unseen,4.351299983682111,0.0,True,4587.0,1.0,0.0,0.9034000104293227,1,True,4587
18002,gated_raw,NL,node,unseen,3.9430000178981572,0.0,True,7429.0,1.0,0.0,0.5819999787490815,1,True,7429
18002,gated_raw,NL,edge,unseen,4.123699996853247,0.0,True,3350.0,1.0,0.0,0.8215000270865858,1,True,3350
18002,dynamic_corrected,FR,node,known,11.467800009995699,0.030599297673429605,True,14501.265106103167,0.15,0.04740410092021343,2.3649000213481486,3,False,2194
18002,dynamic_corrected,FR,edge,known,21.368599991546944,0.002063920596909412,True,13400.2856742247,0.75,0.026859329340162247,7.103799987817183,7,False,7542
18002,dynamic_corrected,DE,node,known,11.793399986345321,0.026259418411352452,True,10113.786568443878,0.25,0.0438720085342099,2.40180004038848,4,False,2550
18002,dynamic_corrected,DE,edge,known,17.584599991096184,0.00424963778949565,True,5808.211862773872,0.75,0.0407972573611303,5.554799980018288,7,False,3269
18002,dynamic_corrected,ES,node,unseen,8.25990000157617,0.0,True,9093.0,1.0,0.0,0.6262999959290028,1,True,9093
18002,dynamic_corrected,ES,edge,unseen,8.24210001155734,0.0,True,4960.0,1.0,0.0,0.9220000065397471,1,True,4960
18002,dynamic_corrected,IT,node,unseen,7.456599996658042,0.0,True,8664.0,1.0,0.0,0.6455999973695725,1,True,8664
18002,dynamic_corrected,IT,edge,unseen,8.208500017644837,0.0,True,4587.0,1.0,0.0,0.8230000094044954,1,True,4587
18002,dynamic_corrected,NL,node,unseen,7.0943000027909875,0.0,True,7429.0,1.0,0.0,0.5379000212997198,1,True,7429
18002,dynamic_corrected,NL,edge,unseen,8.158999989973381,0.0,True,3350.0,1.0,0.0,0.8556999964639544,1,True,3350
18002,gated_corrected,FR,node,known,4.279899992980063,0.0,True,14959.0,1.0,0.0,0.8091999916359782,1,False,14959
18002,gated_corrected,FR,edge,known,4.437700001290068,0.0,True,13428.0,1.0,0.0,0.9839000122155994,1,False,13428
18002,gated_corrected,DE,node,known,3.7155000027269125,0.0,True,9855.0,1.0,0.0,0.5769999988842756,1,False,9855
18002,gated_corrected,DE,edge,known,4.293500009225681,0.0,True,5833.0,1.0,0.0,0.7799000013619661,1,False,5833
18002,gated_corrected,ES,node,unseen,4.2212000116705894,0.0,True,9093.0,1.0,0.0,0.6554000137839466,1,True,9093
18002,gated_corrected,ES,edge,unseen,3.939899994293228,0.0,True,4960.0,1.0,0.0,0.8580000139772892,1,True,4960
18002,gated_corrected,IT,node,unseen,4.1071999876294285,0.0,True,8664.0,1.0,0.0,0.6453999958466738,1,True,8664
18002,gated_corrected,IT,edge,unseen,3.893100016284734,0.0,True,4587.0,1.0,0.0,0.846999988425523,1,True,4587
18002,gated_corrected,NL,node,unseen,3.656500019133091,0.0,True,7429.0,1.0,0.0,0.5845999985467643,1,True,7429
18002,gated_corrected,NL,edge,unseen,3.8237000117078424,0.0,True,3350.0,1.0,0.0,0.805300020147115,1,True,3350
18002,dynamic_raw,FR,node,known,10.521399992285296,0.022216280054370756,True,14626.666666666668,0.15,0.041835350329040503,2.279200009070337,3,False,2194
18002,dynamic_raw,FR,edge,known,17.377300013322383,0.025022341376228777,True,13764.0,0.5,0.04235724371731224,5.516000062925741,6,False,3441
18002,dynamic_raw,DE,node,known,11.123699980089441,0.0350076103500761,True,10200.0,0.25,0.03459493969542823,2.59419996291399,4,False,2550
18002,dynamic_raw,DE,edge,known,16.82809999329038,0.003676400556222243,True,5811.555555555556,0.75,0.03995740895611803,5.455099977552891,7,False,3269
18002,dynamic_raw,ES,node,unseen,7.955100008985028,0.0,True,9093.0,1.0,0.0,0.6478999857790768,1,True,9093
18002,dynamic_raw,ES,edge,unseen,7.81550002284348,0.0,True,4960.0,1.0,0.0,0.8387000125367194,1,True,4960
18002,dynamic_raw,IT,node,unseen,7.657599984668195,0.0,True,8664.0,1.0,0.0,0.6441999867092818,1,True,8664
18002,dynamic_raw,IT,edge,unseen,8.539500006008893,0.0,True,4587.0,1.0,0.0,1.004199992166832,1,True,4587
18002,dynamic_raw,NL,node,unseen,7.469999982276931,0.0,True,7429.0,1.0,0.0,0.5450999888125807,1,True,7429
18002,dynamic_raw,NL,edge,unseen,7.862700003897771,0.0,True,3350.0,1.0,0.0,0.7881000055931509,1,True,3350
18002,exact,FR,node,known,0.7476999890059233,0.0,True,14959,1,0,0.7461000059265643,1,False,14959
18002,exact,FR,edge,known,0.8980999991763383,0.0,True,13428,1,0,0.8962999854702502,1,False,13428
18002,exact,DE,node,known,0.5699000030290335,0.0,True,9855,1,0,0.5686999938916415,1,False,9855
18002,exact,DE,edge,known,0.830300006782636,0.0,True,5833,1,0,0.8288000244647264,1,False,5833
18002,exact,ES,node,unseen,0.6228999991435558,0.0,True,9093,1,0,0.6218999915290624,1,False,9093
18002,exact,ES,edge,unseen,0.7955000037327409,0.0,True,4960,1,0,0.7942999945953488,1,False,4960
18002,exact,IT,node,unseen,0.6281999812927097,0.0,True,8664,1,0,0.627099972916767,1,False,8664
18002,exact,IT,edge,unseen,0.8458000083919615,0.0,True,4587,1,0,0.8447000000160187,1,False,4587
18002,exact,NL,node,unseen,0.5277000018395483,0.0,True,7429,1,0,0.526999996509403,1,False,7429
18002,exact,NL,edge,unseen,0.697499985108152,0.0,True,3350,1,0,0.6963999767322093,1,False,3350
18003,dynamic_raw,FR,node,known,10.93869999749586,0.011074715333021328,True,14793.333333333334,0.15,0.041599017230841265,2.304599998751655,3,False,2219
18003,dynamic_raw,FR,edge,known,20.440499996766448,0.005957700327673518,True,13508.0,0.5,0.04275673142709079,6.843299954198301,6,False,3377
18003,dynamic_raw,DE,node,known,11.588699999265373,0.045357686453576865,True,9408.0,0.25,0.03602168378019931,2.548499993281439,4,False,2352
18003,dynamic_raw,DE,edge,known,17.312000010861084,0.01281978017791486,True,5758.222222222223,0.75,0.04014202756870174,5.677899986039847,7,False,3239
18003,dynamic_raw,ES,node,unseen,7.2388999979011714,0.0,True,9093.0,1.0,0.0,0.6236000044737011,1,True,9093
18003,dynamic_raw,ES,edge,unseen,7.781200023600832,0.0,True,4960.0,1.0,0.0,0.8213000255636871,1,True,4960
18003,dynamic_raw,IT,node,unseen,7.383499993011355,0.0,True,8664.0,1.0,0.0,0.6390000053215772,1,True,8664
18003,dynamic_raw,IT,edge,unseen,7.642300013685599,0.0,True,4587.0,1.0,0.0,0.8295000006910414,1,True,4587
18003,dynamic_raw,NL,node,unseen,6.994099996518344,0.0,True,7429.0,1.0,0.0,0.5468000017572194,1,True,7429
18003,dynamic_raw,NL,edge,unseen,7.493500015698373,0.0,True,3350.0,1.0,0.0,0.7766999769955873,1,True,3350
18003,exact,FR,node,known,0.6748000159859657,0.0,True,14959,1,0,0.6730000022798777,1,False,14959
18003,exact,FR,edge,known,0.9048999927472323,0.0,True,13428,1,0,0.9036999836098403,1,False,13428
18003,exact,DE,node,known,0.582000007852912,0.0,True,9855,1,0,0.5810000002384186,1,False,9855
18003,exact,DE,edge,known,0.7637999951839447,0.0,True,5833,1,0,0.7628000166732818,1,False,5833
18003,exact,ES,node,unseen,0.6207000114955008,0.0,True,9093,1,0,0.6198000046424568,1,False,9093
18003,exact,ES,edge,unseen,0.8096999954432249,0.0,True,4960,1,0,0.8086000161711127,1,False,4960
18003,exact,IT,node,unseen,0.6353999779094011,0.0,True,8664,1,0,0.6347000016830862,1,False,8664
18003,exact,IT,edge,unseen,0.835299986647442,0.0,True,4587,1,0,0.833700003568083,1,False,4587
18003,exact,NL,node,unseen,0.5358000053092837,0.0,True,7429,1,0,0.5352000007405877,1,False,7429
18003,exact,NL,edge,unseen,0.7229000038933009,0.0,True,3350,1,0,0.7220999978017062,1,False,3350
18003,gated_corrected,FR,node,known,4.657899989979342,0.0,True,14959.0,1.0,0.0,0.7687000033911318,1,False,14959
18003,gated_corrected,FR,edge,known,3.9980000001378357,0.0,True,13428.0,1.0,0.0,0.9492000099271536,1,False,13428
18003,gated_corrected,DE,node,known,3.6204000061843544,0.0,True,9855.0,1.0,0.0,0.5737000028602779,1,False,9855
18003,gated_corrected,DE,edge,known,3.795399999944493,0.0,True,5833.0,1.0,0.0,0.7590000168420374,1,False,5833
18003,gated_corrected,ES,node,unseen,3.6177999863866717,0.0,True,9093.0,1.0,0.0,0.6250000151339918,1,True,9093
18003,gated_corrected,ES,edge,unseen,9.198399988235906,0.0,True,4960.0,1.0,0.0,1.664999988861382,1,True,4960
18003,gated_corrected,IT,node,unseen,14.66630000504665,0.0,True,8664.0,1.0,0.0,1.7382999940309674,1,True,8664
18003,gated_corrected,IT,edge,unseen,12.020899972412735,0.0,True,4587.0,1.0,0.0,2.4864999868441373,1,True,4587
18003,gated_corrected,NL,node,unseen,6.964200001675636,0.0,True,7429.0,1.0,0.0,1.3065999955870211,1,True,7429
18003,gated_corrected,NL,edge,unseen,7.842399994842708,0.0,True,3350.0,1.0,0.0,2.533699997002259,1,True,3350
18003,dynamic_corrected,FR,node,known,37.889800005359575,0.019553255030693,True,14666.502857995863,0.15,0.04713630925718901,7.7297000389080495,3,False,2219
18003,dynamic_corrected,FR,edge,known,65.47319999663159,0.00841514465038977,True,13315.001437634566,0.75,0.026945210708286736,22.9158999864012,7,False,7494
18003,dynamic_corrected,DE,node,known,32.29589998954907,0.053426607018234915,False,9328.480787835295,0.25,0.045681352016646505,6.463799974881113,4,False,2352
18003,dynamic_corrected,DE,edge,known,62.50100000761449,0.013387756745235842,True,5754.909214905039,0.75,0.04098575639667847,21.78569999523461,7,False,3239
18003,dynamic_corrected,ES,node,unseen,25.44080000370741,0.0,True,9093.0,1.0,0.0,1.6968999989330769,1,True,9093
18003,dynamic_corrected,ES,edge,unseen,19.116599985864013,0.0,True,4960.0,1.0,0.0,1.7825999821070582,1,True,4960
18003,dynamic_corrected,IT,node,unseen,25.088099995628,0.0,True,8664.0,1.0,0.0,1.297399983741343,1,True,8664
18003,dynamic_corrected,IT,edge,unseen,17.5642000103835,0.0,True,4587.0,1.0,0.0,1.3363999896682799,1,True,4587
18003,dynamic_corrected,NL,node,unseen,14.444700005697086,0.0,True,7429.0,1.0,0.0,0.9487000061199069,1,True,7429
18003,dynamic_corrected,NL,edge,unseen,18.232100002933294,0.0,True,3350.0,1.0,0.0,1.2101999891456217,1,True,3350
18003,gated_raw,FR,node,known,6.765799975255504,0.0,True,14959.0,1.0,0.0,0.9931000240612775,1,False,14959
18003,gated_raw,FR,edge,known,7.3908000194933265,0.0,True,13428.0,1.0,0.0,1.6996999911498278,1,False,13428
18003,gated_raw,DE,node,known,5.738700012443587,0.0,True,9855.0,1.0,0.0,0.7249999907799065,1,False,9855
18003,gated_raw,DE,edge,known,8.875100000295788,0.0,True,5833.0,1.0,0.0,1.8260999931953847,1,False,5833
18003,gated_raw,ES,node,unseen,6.102500017732382,0.0,True,9093.0,1.0,0.0,1.0500999924261123,1,True,9093
18003,gated_raw,ES,edge,unseen,7.298799988348037,0.0,True,4960.0,1.0,0.0,1.7480000096838921,1,True,4960
18003,gated_raw,IT,node,unseen,5.926700017880648,0.0,True,8664.0,1.0,0.0,0.7999000081326813,1,True,8664
18003,gated_raw,IT,edge,unseen,6.582400004845113,0.0,True,4587.0,1.0,0.0,1.4594999956898391,1,True,4587
18003,gated_raw,NL,node,unseen,6.445100007113069,0.0,True,7429.0,1.0,0.0,0.7974999898578972,1,True,7429
18003,gated_raw,NL,edge,unseen,8.675599994603544,0.0,True,3350.0,1.0,0.0,1.5819999971427023,1,True,3350
18003,fixed_raw,FR,node,known,5.6582000106573105,0.007420282104418745,True,14848.0,0.25,0.029881676582659267,0.9284999978262931,1,False,3712
18003,fixed_raw,FR,edge,known,7.712199992965907,0.032469466785820675,True,12992.0,0.25,0.12463569346819818,1.787000015610829,1,False,812
18003,fixed_raw,DE,node,known,6.298500025877729,0.045357686453576865,True,9408.0,0.25,0.029881676582659267,0.9968000231310725,1,False,2352
18003,fixed_raw,DE,edge,known,7.775800011586398,0.08657637579290245,False,5328.0,0.25,0.12463569346819818,1.4011000166647136,1,False,333
18003,fixed_raw,ES,node,unseen,6.623799999943003,0.008468052347959968,True,9016.0,0.25,0.029881676582659267,0.8308999822475016,1,False,2254
18003,fixed_raw,ES,edge,unseen,6.460899981902912,0.07096774193548387,False,4608.0,0.25,0.12463569346819818,1.2740000092890114,1,False,288
18003,fixed_raw,IT,node,unseen,6.928999995579943,0.025392428439519853,True,8884.0,0.25,0.029881676582659267,0.9494999831076711,1,False,2221
18003,fixed_raw,IT,edge,unseen,6.797299982281402,0.030303030303030304,True,4448.0,0.25,0.12463569346819818,1.486199995269999,1,False,278
18003,fixed_raw,NL,node,unseen,9.382299991557375,0.010634001884506663,True,7508.0,0.25,0.029881676582659267,0.9085999918170273,1,False,1877
18003,fixed_raw,NL,edge,unseen,8.724299987079576,0.06507462686567164,False,3568.0,0.25,0.12463569346819818,2.2812999959569424,1,False,223
18003,fixed_corrected,FR,node,known,8.47329999669455,0.015809860886064397,True,14722.500291005363,0.25,0.03675571783380172,1.114599988795817,1,False,3712
18003,fixed_corrected,FR,edge,known,8.555700012948364,0.03637712229573987,True,12939.528001812805,0.25,0.12009352274245023,1.6277000249829143,1,False,812
18003,fixed_corrected,DE,node,known,7.033000001683831,0.053426607018234915,False,9328.480787835295,0.25,0.03675571783380172,0.9608999826014042,1,False,2352
18003,fixed_corrected,DE,edge,known,8.406900014961138,0.09026550469942465,False,5306.481311088256,0.25,0.12009352274245023,1.5533999830950052,1,False,333
18003,fixed_corrected,ES,node,unseen,8.205499994801357,0.016848775064097887,True,8939.794088342158,0.25,0.03675571783380172,1.0531999869272113,1,False,2254
18003,fixed_corrected,ES,edge,unseen,7.213200005935505,0.07471991088260574,False,4589.3892420222755,0.25,0.12009352274245023,1.6039000183809549,1,False,288
18003,fixed_corrected,IT,node,unseen,6.152200017822906,0.016725506876045747,True,8808.90979157406,0.25,0.03675571783380172,0.913399999262765,1,False,2221
18003,fixed_corrected,IT,edge,unseen,8.275100000901148,0.034219435601372965,True,4430.035448896502,0.25,0.12009352274245023,1.504699990618974,1,False,278
18003,fixed_corrected,NL,node,unseen,5.078000016510487,0.002091822928647898,True,7444.540152536925,0.25,0.03675571783380172,0.74970000423491,1,False,1877
18003,fixed_corrected,NL,edge,unseen,7.197300001280382,0.06077301095664131,False,3553.5895867047484,0.25,0.12009352274245023,2.1998999873176217,1,False,223
18004,gated_corrected,FR,node,known,10.362600005464628,0.0,True,14959.0,1.0,0.0,1.4051999896764755,1,False,14959
18004,gated_corrected,FR,edge,known,7.197399972938001,0.0,True,13428.0,1.0,0.0,1.3197999796830118,1,False,13428
18004,gated_corrected,DE,node,known,5.795200006105006,0.0,True,9855.0,1.0,0.0,0.8725000079721212,1,False,9855
18004,gated_corrected,DE,edge,known,6.007599993608892,0.0,True,5833.0,1.0,0.0,1.2811999768018723,1,False,5833
18004,gated_corrected,ES,node,unseen,6.026599992765114,0.0,True,9093.0,1.0,0.0,0.9169000259134918,1,True,9093
18004,gated_corrected,ES,edge,unseen,7.031499990262091,0.0,True,4960.0,1.0,0.0,1.3870999973732978,1,True,4960
18004,gated_corrected,IT,node,unseen,7.909099978860468,0.0,True,8664.0,1.0,0.0,1.0970000002998859,1,True,8664
18004,gated_corrected,IT,edge,unseen,8.26430000597611,0.0,True,4587.0,1.0,0.0,1.6749000060372055,1,True,4587
18004,gated_corrected,NL,node,unseen,5.996599997160956,0.0,True,7429.0,1.0,0.0,0.7244999869726598,1,True,7429
18004,gated_corrected,NL,edge,unseen,8.360399981029332,0.0,True,3350.0,1.0,0.0,1.5650000132154673,1,True,3350
18004,fixed_corrected,FR,node,known,7.5348000100348145,0.004075446342800189,True,15019.964601841948,0.25,0.03675571783380172,1.0947000118903816,1,False,3787
18004,fixed_corrected,FR,edge,known,6.323200010228902,0.03719999398217158,True,13927.5215191926,0.25,0.12009352274245023,1.4464000123552978,1,False,874
18004,fixed_corrected,DE,node,known,5.7730999833438545,0.010363956912346815,True,9752.863204628822,0.25,0.03675571783380172,0.8440999954473227,1,False,2459
18004,fixed_corrected,DE,edge,known,6.326799979433417,0.008084170468205136,True,5880.154966341041,0.25,0.12009352274245023,1.1354000016581267,1,False,369
18004,fixed_corrected,ES,node,unseen,5.3656999953091145,0.013247691005368375,True,9213.461254311815,0.25,0.03675571783380172,0.7890000124461949,1,False,2323
18004,fixed_corrected,ES,edge,unseen,6.325700000161305,0.005599541297723656,True,4987.773724836709,0.25,0.12009352274245023,1.226899999892339,1,False,313
18004,fixed_corrected,IT,node,unseen,6.18419999955222,0.0029921591919928694,True,8689.924067239426,0.25,0.03675571783380172,1.1992000218015164,1,False,2191
18004,fixed_corrected,IT,edge,unseen,6.456000002799556,0.0352611805424131,True,4748.743035148049,0.25,0.12009352274245023,1.5912999806459993,1,False,298
18004,fixed_corrected,NL,node,unseen,8.379599981708452,0.02353439310788658,True,7254.162993601511,0.25,0.03675571783380172,1.2289000151213259,1,False,1829
18004,fixed_corrected,NL,edge,unseen,8.13699999707751,0.11522968592854137,False,2963.9805521393864,0.25,0.12009352274245023,1.6313999949488789,1,False,186
18004,dynamic_corrected,FR,node,known,16.432200005510822,0.014026714603226444,True,15168.825623749664,0.15,0.046349268112446766,3.352400002768263,3,False,2295
18004,dynamic_corrected,FR,edge,known,59.84020000323653,0.018048288905778205,True,13670.35242342679,0.75,0.026592694077347788,14.799200056586415,7,False,7694
18004,dynamic_corrected,DE,node,known,33.914500003447756,0.010363956912346815,True,9752.863204628822,0.25,0.044676417775925625,5.922600015765056,4,False,2459
18004,dynamic_corrected,DE,edge,known,54.751899995608255,0.02377392700810806,True,5971.673316238294,0.75,0.040235015430575255,16.958799969870597,7,False,3361
18004,dynamic_corrected,ES,node,unseen,25.08530000341125,0.0,True,9093.0,1.0,0.0,1.7752999847289175,1,True,9093
18004,dynamic_corrected,ES,edge,unseen,28.586900007212535,0.0,True,4960.0,1.0,0.0,2.86539999069646,1,True,4960
18004,dynamic_corrected,IT,node,unseen,26.373700005933642,0.0,True,8664.0,1.0,0.0,1.771300012478605,1,True,8664
18004,dynamic_corrected,IT,edge,unseen,26.246300025377423,0.0,True,4587.0,1.0,0.0,3.799400001298636,1,True,4587
18004,dynamic_corrected,NL,node,unseen,28.08509999886155,0.0,True,7429.0,1.0,0.0,1.4144000015221536,1,True,7429
18004,dynamic_corrected,NL,edge,unseen,28.281800012337044,0.0,True,3350.0,1.0,0.0,2.5059999898076057,1,True,3350
18004,exact,FR,node,known,2.5664999848231673,0.0,True,14959,1,0,2.5560999929439276,1,False,14959
18004,exact,FR,edge,known,3.562700003385544,0.0,True,13428,1,0,3.5496999917086214,1,False,13428
18004,exact,DE,node,known,1.4632999955210835,0.0,True,9855,1,0,1.4571000065188855,1,False,9855
18004,exact,DE,edge,known,3.6934000090695918,0.0,True,5833,1,0,3.6817000072915107,1,False,5833
18004,exact,ES,node,unseen,3.974999999627471,0.0,True,9093,1,0,3.9631999970879406,1,False,9093
18004,exact,ES,edge,unseen,3.163600020343438,0.0,True,4960,1,0,3.153300000121817,1,False,4960
18004,exact,IT,node,unseen,1.6192000184673816,0.0,True,8664,1,0,1.6134000034071505,1,False,8664
18004,exact,IT,edge,unseen,3.033399989362806,0.0,True,4587,1,0,3.0230999982450157,1,False,4587
18004,exact,NL,node,unseen,1.504600018961355,0.0,True,7429,1,0,1.4974999940022826,1,False,7429
18004,exact,NL,edge,unseen,3.122499998426065,0.0,True,3350,1,0,3.110899997409433,1,False,3350
18004,fixed_raw,FR,node,known,11.981299991020933,0.012634534394010294,True,15148.0,0.25,0.029881676582659267,1.875099987955764,1,False,3787
18004,fixed_raw,FR,edge,known,9.727199998451397,0.04140601727733095,True,13984.0,0.25,0.12463569346819818,1.4841000083833933,1,False,874
18004,fixed_raw,DE,node,known,5.057200003648177,0.0019279553526128869,True,9836.0,0.25,0.029881676582659267,0.7443000213243067,1,False,2459
18004,fixed_raw,DE,edge,known,5.418600019766018,0.012172124121378365,True,5904.0,0.25,0.12463569346819818,1.1359999771229923,1,False,369
18004,fixed_raw,ES,node,unseen,5.076600005850196,0.021884966457714726,True,9292.0,0.25,0.029881676582659267,0.7918000046629459,1,False,2323
18004,fixed_raw,ES,edge,unseen,5.641199997626245,0.00967741935483871,True,5008.0,0.25,0.12463569346819818,1.2635999883059412,1,False,313
18004,fixed_raw,IT,node,unseen,5.069300008472055,0.011542012927054479,True,8764.0,0.25,0.029881676582659267,0.7936999900266528,1,False,2191
18004,fixed_raw,IT,edge,unseen,5.756900005508214,0.039459341617614996,True,4768.0,0.25,0.12463569346819818,1.2303000257816166,1,False,298
18004,fixed_raw,NL,node,unseen,5.1620999875012785,0.015210660923408266,True,7316.0,0.25,0.029881676582659267,0.6829000194557011,1,False,1829
18004,fixed_raw,NL,edge,unseen,5.683699971996248,0.11164179104477612,False,2976.0,0.25,0.12463569346819818,1.1245999776292592,1,False,186
18004,dynamic_raw,FR,node,known,14.930799981812015,0.022795641419881007,True,15300.0,0.15,0.04090443297811851,2.5781999866012484,3,False,2295
18004,dynamic_raw,FR,edge,known,29.462100006639957,0.010425975573428656,True,13568.0,0.5,0.04266208791526471,7.972699939273298,6,False,3392
18004,dynamic_raw,DE,node,known,34.941199992317706,0.0019279553526128869,True,9836.0,0.25,0.03522925050401363,6.609200005186722,4,False,2459
18004,dynamic_raw,DE,edge,known,60.61939999926835,0.024363296950301958,True,5975.111111111111,0.75,0.039406741283715394,18.817099975422025,7,False,3361
18004,dynamic_raw,ES,node,unseen,23.605399997904897,0.0,True,9093.0,1.0,0.0,1.277900009881705,1,True,9093
18004,dynamic_raw,ES,edge,unseen,25.46289999736473,0.0,True,4960.0,1.0,0.0,2.865699992980808,1,True,4960
18004,dynamic_raw,IT,node,unseen,27.58920000633225,0.0,True,8664.0,1.0,0.0,1.8593999848235399,1,True,8664
18004,dynamic_raw,IT,edge,unseen,26.3635000155773,0.0,True,4587.0,1.0,0.0,2.922500018030405,1,True,4587
18004,dynamic_raw,NL,node,unseen,16.701200016541407,0.0,True,7429.0,1.0,0.0,0.7580000092275441,1,True,7429
18004,dynamic_raw,NL,edge,unseen,16.04729998507537,0.0,True,3350.0,1.0,0.0,1.5967999934218824,1,True,3350
18004,gated_raw,FR,node,known,6.0529999900609255,0.0,True,14959.0,1.0,0.0,0.8899999957066029,1,False,14959
18004,gated_raw,FR,edge,known,6.2439000175800174,0.0,True,13428.0,1.0,0.0,1.5946999774314463,1,False,13428
18004,gated_raw,DE,node,known,6.11760001629591,0.0,True,9855.0,1.0,0.0,0.7806000066921115,1,False,9855
18004,gated_raw,DE,edge,known,6.288599979598075,0.0,True,5833.0,1.0,0.0,1.125000009778887,1,False,5833
18004,gated_raw,ES,node,unseen,6.815600005211309,0.0,True,9093.0,1.0,0.0,1.3876000011805445,1,True,9093
18004,gated_raw,ES,edge,unseen,8.566300006350502,0.0,True,4960.0,1.0,0.0,2.1755999769084156,1,True,4960
18004,gated_raw,IT,node,unseen,8.126100001391023,0.0,True,8664.0,1.0,0.0,1.4195000112522393,1,True,8664
18004,gated_raw,IT,edge,unseen,9.404999989783391,0.0,True,4587.0,1.0,0.0,1.9941999926231802,1,True,4587
18004,gated_raw,NL,node,unseen,6.585600000107661,0.0,True,7429.0,1.0,0.0,0.9503999899607152,1,True,7429
18004,gated_raw,NL,edge,unseen,12.090700009139255,0.0,True,3350.0,1.0,0.0,2.3455999908037484,1,True,3350
