horizon,epoch,seed,mode,index,predicate,tier,desired_node,desired_edge,node_fidelity,edge_fidelity,request_ms,dispatch_ms,build_ms,count_calls,node_error,edge_error,violation
30,0,10000,exact,0,ES,performance,1.0,0.75,1.0,1.0,25.322900008177385,25.38779999304097,0.0,2,0.0,0.0,False
30,0,10000,exact,1,IT,performance,1.0,0.5,1.0,1.0,23.35309999762103,23.41179999348242,0.0,2,0.0,0.0,False
30,0,10000,exact,2,DE,performance,1.0,0.5,1.0,1.0,28.089200000977144,28.182800000649877,0.0,2,0.0,0.0,False
30,0,10000,exact,3,FR,performance,0.35,0.5,1.0,1.0,45.318599994061515,45.48080000677146,0.0,2,0.0,0.0,False
30,0,10000,exact,4,NL,performance,1.0,0.5,1.0,1.0,33.784100000048056,33.96519999660086,0.0,2,0.0,0.0,False
30,0,10000,exact,5,IT,performance,1.0,0.5,1.0,1.0,38.85179999633692,39.032200002111495,0.0,2,0.0,0.0,False
30,0,10000,exact,6,FR,balanced,1.0,0.75,1.0,1.0,132.21369999519084,132.36459999461658,0.0,2,0.0,0.0,False
30,0,10000,exact,7,ES,balanced,1.0,0.75,1.0,1.0,25.57899999374058,25.641700005508028,0.0,2,0.0,0.0,False
30,0,10000,exact,8,NL,balanced,1.0,0.75,1.0,1.0,30.10980000544805,30.268699993030168,0.0,2,0.0,0.0,False
30,0,10000,exact,9,DE,balanced,1.0,0.75,1.0,1.0,47.3855000018375,47.54319999483414,0.0,2,0.0,0.0,False
30,0,10000,exact,10,IT,balanced,1.0,0.75,1.0,1.0,43.3818000019528,43.54369999782648,0.0,2,0.0,0.0,False
30,0,10000,exact,11,NL,balanced,1.0,0.75,1.0,1.0,46.44390000612475,46.59499999252148,0.0,2,0.0,0.0,False
30,0,10000,exact,12,FR,quality,1.0,1.0,1.0,1.0,80.21529999678023,80.37930000864435,0.0,2,0.0,0.0,False
30,0,10000,exact,13,DE,quality,1.0,1.0,1.0,1.0,44.93230000662152,44.989699992584065,0.0,2,0.0,0.0,False
30,0,10000,exact,14,ES,quality,1.0,1.0,1.0,1.0,37.07890000077896,37.13450000213925,0.0,2,0.0,0.0,False
30,0,10000,exact,15,ES,quality,1.0,1.0,1.0,1.0,46.5944000025047,46.72779999964405,0.0,2,0.0,0.0,False
30,0,10000,exact,16,IT,quality,1.0,1.0,1.0,1.0,40.42479999770876,40.58179999992717,0.0,2,0.0,0.0,False
30,0,10000,exact,17,NL,quality,1.0,1.0,1.0,1.0,41.83710001234431,41.9092000083765,0.0,2,0.0,0.0,False
30,0,10000,exact,18,FR,performance,0.35,0.5,1.0,1.0,63.22550000913907,63.325900002382696,0.0,2,0.0,0.0,False
30,0,10000,exact,19,DE,performance,1.0,0.5,1.0,1.0,38.72890000639018,38.79259999666829,0.0,2,0.0,0.0,False
30,0,10000,exact,20,NL,performance,1.0,0.5,1.0,1.0,23.354899996775202,23.421999998390675,0.0,2,0.0,0.0,False
30,0,10000,exact,21,ES,performance,1.0,0.75,1.0,1.0,32.55650000937749,32.62650000397116,0.0,2,0.0,0.0,False
30,0,10000,exact,22,IT,performance,1.0,0.5,1.0,1.0,30.310299989650957,30.36920000158716,0.0,2,0.0,0.0,False
30,0,10000,exact,23,FR,performance,0.35,0.5,1.0,1.0,77.44010000897106,77.49909999256488,0.0,2,0.0,0.0,False
30,0,10000,exact,24,DE,exact,1.0,1.0,1.0,1.0,39.72549999889452,39.781800005584955,0.0,2,0.0,0.0,False
30,0,10000,exact,25,IT,exact,1.0,1.0,1.0,1.0,55.295800004387274,55.50940000102855,0.0,2,0.0,0.0,False
30,0,10000,exact,26,DE,exact,1.0,1.0,1.0,1.0,53.74879999726545,53.95200000202749,0.0,2,0.0,0.0,False
30,0,10000,exact,27,FR,exact,1.0,1.0,1.0,1.0,60.26450000354089,60.454599995864555,0.0,2,0.0,0.0,False
30,0,10000,exact,28,ES,exact,1.0,1.0,1.0,1.0,45.028199994703755,45.1450999971712,0.0,2,0.0,0.0,False
30,0,10000,exact,29,NL,exact,1.0,1.0,1.0,1.0,21.90780000819359,22.03459999873303,0.0,2,0.0,0.0,False
30,0,10000,cached,0,ES,performance,1.0,0.75,1.0,0.75,56.45869999716524,3926.7459999973653,3870.150399990962,4,0.0,0.000837468785367572,False
30,0,10000,cached,1,IT,performance,1.0,0.5,1.0,0.5,42.42500000691507,42.58090000075754,0.0,4,0.0,0.024654536776451772,False
30,0,10000,cached,2,DE,performance,1.0,0.5,1.0,0.5,28.782300010789186,28.898800010210834,0.0,4,0.0,0.014780929535699545,False
30,0,10000,cached,3,FR,performance,0.35,0.5,0.35,0.5,34.29270000196993,34.394699992844835,0.0,4,0.0011810169117941057,0.03095106167212706,False
30,0,10000,cached,4,NL,performance,1.0,0.5,1.0,0.5,21.636899997247383,21.744300000136718,0.0,4,0.0,0.03991837683376942,False
30,0,10000,cached,5,IT,performance,1.0,0.5,1.0,0.5,26.539800004684366,26.638799987267703,0.0,2,0.0,0.024654536776451772,False
30,0,10000,cached,6,FR,balanced,1.0,0.75,1.0,0.75,37.507700006244704,37.629200000083074,0.0,2,0.0,0.0013999023656200483,False
30,0,10000,cached,7,ES,balanced,1.0,0.75,1.0,0.75,33.24469999643043,33.392199999070726,0.0,2,0.0,0.000837468785367572,False
30,0,10000,cached,8,NL,balanced,1.0,0.75,1.0,0.75,42.43349999887869,42.67460000119172,0.0,2,0.0,0.030618428392667263,False
30,0,10000,cached,9,DE,balanced,1.0,0.75,1.0,0.75,45.46190000837669,45.66839999461081,0.0,2,0.0,0.0035179926745032802,False
30,0,10000,cached,10,IT,balanced,1.0,0.75,1.0,0.75,24.910299995099194,25.01109999138862,0.0,2,0.0,0.04089549950444665,False
30,0,10000,cached,11,NL,balanced,1.0,0.75,1.0,0.75,23.940799990668893,24.062399999820627,0.0,2,0.0,0.030618428392667263,False
30,0,10000,cached,12,FR,quality,1.0,1.0,1.0,1.0,75.5358000023989,75.73659998888616,0.0,2,0.0,0.0,False
30,0,10000,cached,13,DE,quality,1.0,1.0,1.0,1.0,33.33599999314174,33.532500005094334,0.0,2,0.0,0.0,False
30,0,10000,cached,14,ES,quality,1.0,1.0,1.0,1.0,41.18460000609048,41.28589999163523,0.0,2,0.0,0.0,False
30,0,10000,cached,15,ES,quality,1.0,1.0,1.0,1.0,36.76040000573266,36.860099993646145,0.0,2,0.0,0.0,False
30,0,10000,cached,16,IT,quality,1.0,1.0,1.0,1.0,26.79560000251513,26.894199996604584,0.0,2,0.0,0.0,False
30,0,10000,cached,17,NL,quality,1.0,1.0,1.0,1.0,18.95140000851825,19.047599998884834,0.0,2,0.0,0.0,False
30,0,10000,cached,18,FR,performance,0.35,0.5,1.0,1.0,48.55769999267068,48.66590000165161,0.0,2,0.0,0.0,False
30,0,10000,cached,19,DE,performance,1.0,0.5,1.0,1.0,42.751799992402084,43.15939999651164,0.0,2,0.0,0.0,False
30,0,10000,cached,20,NL,performance,1.0,0.5,1.0,1.0,28.258100006496534,28.42390000296291,0.0,2,0.0,0.0,False
30,0,10000,cached,21,ES,performance,1.0,0.75,1.0,1.0,47.09269999875687,47.289699999964796,0.0,2,0.0,0.0,False
30,0,10000,cached,22,IT,performance,1.0,0.5,1.0,1.0,46.206200000597164,46.43069999292493,0.0,2,0.0,0.0,False
30,0,10000,cached,23,FR,performance,0.35,0.5,1.0,1.0,67.01250000332948,67.21970000944566,0.0,2,0.0,0.0,False
30,0,10000,cached,24,DE,exact,1.0,1.0,1.0,1.0,36.90360000473447,37.11610000755172,0.0,2,0.0,0.0,False
30,0,10000,cached,25,IT,exact,1.0,1.0,1.0,1.0,43.730400007916614,43.829700007336214,0.0,2,0.0,0.0,False
30,0,10000,cached,26,DE,exact,1.0,1.0,1.0,1.0,38.58500000205822,38.72140000748914,0.0,2,0.0,0.0,False
30,0,10000,cached,27,FR,exact,1.0,1.0,1.0,1.0,86.75049999146722,86.94419999665115,0.0,2,0.0,0.0,False
30,0,10000,cached,28,ES,exact,1.0,1.0,1.0,1.0,35.9430000098655,36.149099993053824,0.0,2,0.0,0.0,False
30,0,10000,cached,29,NL,exact,1.0,1.0,1.0,1.0,24.152199999662116,24.256200005766004,0.0,2,0.0,0.0,False
30,0,10000,amortized,0,ES,performance,1.0,1.0,1.0,1.0,44.07540000102017,44.35229999944568,0.0,2,0.0,0.0,False
30,0,10000,amortized,1,IT,performance,1.0,1.0,1.0,1.0,26.26600000075996,26.38089998799842,0.0,2,0.0,0.0,False
30,0,10000,amortized,2,DE,performance,1.0,1.0,1.0,1.0,26.53380000265315,26.655099994968623,0.0,2,0.0,0.0,False
30,0,10000,amortized,3,FR,performance,1.0,1.0,1.0,1.0,41.495400000712834,41.602099998272024,0.0,2,0.0,0.0,False
30,0,10000,amortized,4,NL,performance,1.0,1.0,1.0,1.0,24.277899996377528,24.401200003921986,0.0,2,0.0,0.0,False
30,0,10000,amortized,5,IT,performance,1.0,1.0,1.0,1.0,28.941299999132752,29.073099998640828,0.0,2,0.0,0.0,False
30,0,10000,amortized,6,FR,balanced,1.0,1.0,1.0,1.0,43.450299999676645,43.549499998334795,0.0,2,0.0,0.0,False
30,0,10000,amortized,7,ES,balanced,1.0,1.0,1.0,1.0,29.138000012608245,29.24009998969268,0.0,2,0.0,0.0,False
30,0,10000,amortized,8,NL,balanced,1.0,1.0,1.0,1.0,18.7214000034146,18.817400006810203,0.0,2,0.0,0.0,False
30,0,10000,amortized,9,DE,balanced,1.0,1.0,1.0,1.0,28.005699990899302,28.101299991249107,0.0,2,0.0,0.0,False
30,0,10000,amortized,10,IT,balanced,1.0,1.0,1.0,1.0,30.117399990558624,30.22489999420941,0.0,2,0.0,0.0,False
30,0,10000,amortized,11,NL,balanced,1.0,1.0,1.0,1.0,34.35989998979494,34.54970000893809,0.0,2,0.0,0.0,False
30,0,10000,amortized,12,FR,quality,1.0,1.0,1.0,1.0,62.0269999926677,62.26510000124108,0.0,2,0.0,0.0,False
30,0,10000,amortized,13,DE,quality,1.0,1.0,1.0,1.0,44.69569999491796,44.894899998325855,0.0,2,0.0,0.0,False
30,0,10000,amortized,14,ES,quality,1.0,1.0,1.0,1.0,21.37380000203848,21.47089999925811,0.0,2,0.0,0.0,False
30,0,10000,amortized,15,ES,quality,1.0,1.0,1.0,1.0,24.019300006330013,24.112800005241297,0.0,2,0.0,0.0,False
30,0,10000,amortized,16,IT,quality,1.0,1.0,1.0,1.0,20.73410000593867,20.834599999943748,0.0,2,0.0,0.0,False
30,0,10000,amortized,17,NL,quality,1.0,1.0,1.0,1.0,18.798399993102066,18.88949998829048,0.0,2,0.0,0.0,False
30,0,10000,amortized,18,FR,performance,1.0,1.0,1.0,1.0,37.447399998200126,37.55079999973532,0.0,2,0.0,0.0,False
30,0,10000,amortized,19,DE,performance,1.0,1.0,1.0,1.0,26.35250000457745,26.45390000543557,0.0,2,0.0,0.0,False
30,0,10000,amortized,20,NL,performance,1.0,1.0,1.0,1.0,17.444800003431737,17.541900000651367,0.0,2,0.0,0.0,False
30,0,10000,amortized,21,ES,performance,1.0,1.0,1.0,1.0,26.848399997106753,26.954999993904494,0.0,2,0.0,0.0,False
30,0,10000,amortized,22,IT,performance,1.0,1.0,1.0,1.0,43.62760001095012,43.88240000116639,0.0,2,0.0,0.0,False
30,0,10000,amortized,23,FR,performance,1.0,1.0,1.0,1.0,64.06930000230204,64.29739999293815,0.0,2,0.0,0.0,False
30,0,10000,amortized,24,DE,exact,1.0,1.0,1.0,1.0,53.26440000499133,53.46760000975337,0.0,2,0.0,0.0,False
30,0,10000,amortized,25,IT,exact,1.0,1.0,1.0,1.0,40.653799995197915,40.861100002075545,0.0,2,0.0,0.0,False
30,0,10000,amortized,26,DE,exact,1.0,1.0,1.0,1.0,38.83599999244325,39.05550000490621,0.0,2,0.0,0.0,False
30,0,10000,amortized,27,FR,exact,1.0,1.0,1.0,1.0,54.977099993266165,55.08879999979399,0.0,2,0.0,0.0,False
30,0,10000,amortized,28,ES,exact,1.0,1.0,1.0,1.0,48.39650000212714,48.87260000396054,0.0,2,0.0,0.0,False
30,0,10000,amortized,29,NL,exact,1.0,1.0,1.0,1.0,23.38469999085646,23.52489999611862,0.0,2,0.0,0.0,False
30,1,10001,amortized,0,NL,performance,1.0,1.0,1.0,1.0,22.510399998282082,22.66539999982342,0.0,2,0.0,0.0,False
30,1,10001,amortized,1,ES,performance,1.0,1.0,1.0,1.0,35.463100008200854,35.570299995015375,0.0,2,0.0,0.0,False
30,1,10001,amortized,2,IT,performance,1.0,1.0,1.0,1.0,34.23299999849405,34.402299992507324,0.0,2,0.0,0.0,False
30,1,10001,amortized,3,DE,performance,1.0,1.0,1.0,1.0,42.104300009668805,42.29490000579972,0.0,2,0.0,0.0,False
30,1,10001,amortized,4,FR,performance,1.0,1.0,1.0,1.0,60.04909999319352,60.16100000124425,0.0,2,0.0,0.0,False
30,1,10001,amortized,5,ES,performance,1.0,1.0,1.0,1.0,43.65949999191798,43.87940000742674,0.0,2,0.0,0.0,False
30,1,10001,amortized,6,DE,balanced,1.0,1.0,1.0,1.0,31.621100002666935,31.81620000395924,0.0,2,0.0,0.0,False
30,1,10001,amortized,7,FR,balanced,1.0,1.0,1.0,1.0,53.727500009699725,53.8135999959195,0.0,2,0.0,0.0,False
30,1,10001,amortized,8,IT,balanced,1.0,1.0,1.0,1.0,34.56179999921005,34.75370000523981,0.0,2,0.0,0.0,False
30,1,10001,amortized,9,NL,balanced,1.0,1.0,1.0,1.0,30.15719998802524,30.25369999522809,0.0,2,0.0,0.0,False
30,1,10001,amortized,10,ES,balanced,1.0,1.0,1.0,1.0,23.681399994529784,23.784400007571094,0.0,2,0.0,0.0,False
30,1,10001,amortized,11,IT,balanced,1.0,1.0,1.0,1.0,21.912399999564514,22.00759999686852,0.0,2,0.0,0.0,False
30,1,10001,amortized,12,DE,quality,1.0,1.0,1.0,1.0,37.532000002101995,37.63390000676736,0.0,2,0.0,0.0,False
30,1,10001,amortized,13,FR,quality,1.0,1.0,1.0,1.0,55.83120000665076,56.0033000074327,0.0,2,0.0,0.0,False
30,1,10001,amortized,14,NL,quality,1.0,1.0,1.0,1.0,24.274299998069182,24.373499996727332,0.0,2,0.0,0.0,False
30,1,10001,amortized,15,IT,quality,1.0,1.0,1.0,1.0,35.006499994779006,35.131700002239086,0.0,2,0.0,0.0,False
30,1,10001,amortized,16,NL,quality,1.0,1.0,1.0,1.0,47.22279999987222,47.444600000744686,0.0,2,0.0,0.0,False
30,1,10001,amortized,17,ES,quality,1.0,1.0,1.0,1.0,50.7662000018172,50.97369999566581,0.0,2,0.0,0.0,False
30,1,10001,amortized,18,DE,performance,1.0,1.0,1.0,1.0,40.49150001083035,40.59920000145212,0.0,2,0.0,0.0,False
30,1,10001,amortized,19,FR,performance,1.0,1.0,1.0,1.0,77.60140000027604,77.79219999792986,0.0,2,0.0,0.0,False
30,1,10001,amortized,20,DE,performance,1.0,1.0,1.0,1.0,56.186200003139675,56.42180000722874,0.0,2,0.0,0.0,False
30,1,10001,amortized,21,FR,performance,1.0,1.0,1.0,1.0,68.77939999685623,69.02009999612346,0.0,2,0.0,0.0,False
30,1,10001,amortized,22,IT,performance,1.0,1.0,1.0,1.0,21.286900009727105,21.38980000745505,0.0,2,0.0,0.0,False
30,1,10001,amortized,23,NL,performance,1.0,1.0,1.0,1.0,25.577699998393655,25.68799999426119,0.0,2,0.0,0.0,False
30,1,10001,amortized,24,ES,exact,1.0,1.0,1.0,1.0,34.704499994404614,34.889700007624924,0.0,2,0.0,0.0,False
30,1,10001,amortized,25,DE,exact,1.0,1.0,1.0,1.0,29.00260000023991,29.111800002283417,0.0,2,0.0,0.0,False
30,1,10001,amortized,26,ES,exact,1.0,1.0,1.0,1.0,34.14329999941401,34.24290000111796,0.0,2,0.0,0.0,False
30,1,10001,amortized,27,FR,exact,1.0,1.0,1.0,1.0,67.98259999777656,68.1371999962721,0.0,2,0.0,0.0,False
30,1,10001,amortized,28,NL,exact,1.0,1.0,1.0,1.0,28.655699992668815,28.80919999734033,0.0,2,0.0,0.0,False
30,1,10001,amortized,29,IT,exact,1.0,1.0,1.0,1.0,40.45050000422634,40.63570000289474,0.0,2,0.0,0.0,False
30,1,10001,exact,0,NL,performance,1.0,0.5,1.0,1.0,17.36130000790581,17.46979999006726,0.0,2,0.0,0.0,False
30,1,10001,exact,1,ES,performance,1.0,0.75,1.0,1.0,23.4855000016978,23.579300002893433,0.0,2,0.0,0.0,False
30,1,10001,exact,2,IT,performance,1.0,0.5,1.0,1.0,21.523700008401647,21.63789999030996,0.0,2,0.0,0.0,False
30,1,10001,exact,3,DE,performance,1.0,0.5,1.0,1.0,33.62409998953808,33.72110000054818,0.0,2,0.0,0.0,False
30,1,10001,exact,4,FR,performance,0.35,0.5,1.0,1.0,49.82890000974294,49.95950000011362,0.0,2,0.0,0.0,False
30,1,10001,exact,5,ES,performance,1.0,0.75,1.0,1.0,20.971399993868545,21.067699999548495,0.0,2,0.0,0.0,False
30,1,10001,exact,6,DE,balanced,1.0,0.75,1.0,1.0,29.38910000375472,29.47929999209009,0.0,2,0.0,0.0,False
30,1,10001,exact,7,FR,balanced,1.0,0.75,1.0,1.0,56.629200000315905,56.75510001310613,0.0,2,0.0,0.0,False
30,1,10001,exact,8,IT,balanced,1.0,0.75,1.0,1.0,32.442699986859225,32.637600001180544,0.0,2,0.0,0.0,False
30,1,10001,exact,9,NL,balanced,1.0,0.75,1.0,1.0,43.68990000511985,43.80289999244269,0.0,2,0.0,0.0,False
30,1,10001,exact,10,ES,balanced,1.0,0.75,1.0,1.0,27.258899994194508,27.35509999911301,0.0,2,0.0,0.0,False
30,1,10001,exact,11,IT,balanced,1.0,0.75,1.0,1.0,23.301599998376332,23.43319999636151,0.0,2,0.0,0.0,False
30,1,10001,exact,12,DE,quality,1.0,1.0,1.0,1.0,34.23809999367222,34.36190000502393,0.0,2,0.0,0.0,False
30,1,10001,exact,13,FR,quality,1.0,1.0,1.0,1.0,55.63309999706689,55.786100012483075,0.0,2,0.0,0.0,False
30,1,10001,exact,14,NL,quality,1.0,1.0,1.0,1.0,26.075999994645827,26.17560001090169,0.0,2,0.0,0.0,False
30,1,10001,exact,15,IT,quality,1.0,1.0,1.0,1.0,32.6989000022877,32.78870000212919,0.0,2,0.0,0.0,False
30,1,10001,exact,16,NL,quality,1.0,1.0,1.0,1.0,29.597299988381565,29.790100001264364,0.0,2,0.0,0.0,False
30,1,10001,exact,17,ES,quality,1.0,1.0,1.0,1.0,33.823000005213544,33.99899999203626,0.0,2,0.0,0.0,False
30,1,10001,exact,18,DE,performance,1.0,0.5,1.0,1.0,34.74540000024717,34.9592999991728,0.0,2,0.0,0.0,False
30,1,10001,exact,19,FR,performance,0.35,0.5,1.0,1.0,41.9292000005953,42.039599997224286,0.0,2,0.0,0.0,False
30,1,10001,exact,20,DE,performance,1.0,0.5,1.0,1.0,42.60159999830648,42.72349999519065,0.0,2,0.0,0.0,False
30,1,10001,exact,21,FR,performance,0.35,0.5,1.0,1.0,62.25129999802448,62.4344999960158,0.0,2,0.0,0.0,False
30,1,10001,exact,22,IT,performance,1.0,0.5,1.0,1.0,33.615499996813014,33.80680001282599,0.0,2,0.0,0.0,False
30,1,10001,exact,23,NL,performance,1.0,0.5,1.0,1.0,28.986500008613802,29.084099995088764,0.0,2,0.0,0.0,False
30,1,10001,exact,24,ES,exact,1.0,1.0,1.0,1.0,29.46759999031201,29.561800009105355,0.0,2,0.0,0.0,False
30,1,10001,exact,25,DE,exact,1.0,1.0,1.0,1.0,44.829599995864555,44.93380000349134,0.0,2,0.0,0.0,False
30,1,10001,exact,26,ES,exact,1.0,1.0,1.0,1.0,35.6683999998495,35.83690000232309,0.0,2,0.0,0.0,False
30,1,10001,exact,27,FR,exact,1.0,1.0,1.0,1.0,60.37209999340121,60.46619999688119,0.0,2,0.0,0.0,False
30,1,10001,exact,28,NL,exact,1.0,1.0,1.0,1.0,19.91970000381116,20.029999999678694,0.0,2,0.0,0.0,False
30,1,10001,exact,29,IT,exact,1.0,1.0,1.0,1.0,22.472800003015436,22.561499994480982,0.0,2,0.0,0.0,False
30,1,10001,cached,0,NL,performance,1.0,0.5,1.0,0.5,21.875500009628013,3925.334700004896,3903.3274999965215,4,0.0,0.012754430422233348,False
30,1,10001,cached,1,ES,performance,1.0,0.75,1.0,0.75,26.687200006563216,26.78679999371525,0.0,4,0.0,0.019879366756942046,False
30,1,10001,cached,2,IT,performance,1.0,0.5,1.0,0.5,34.06350000295788,34.16359999391716,0.0,4,0.0,0.030774487081430654,False
30,1,10001,cached,3,DE,performance,1.0,0.5,1.0,0.5,34.612499992363155,34.745199998724274,0.0,4,0.0,0.016843495628785878,False
30,1,10001,cached,4,FR,performance,0.35,0.5,0.35,0.5,42.44669999752659,42.55929999635555,0.0,4,0.019133021579153836,0.02967555058727089,False
30,1,10001,cached,5,ES,performance,1.0,0.75,1.0,0.75,34.873399999924004,35.07160001026932,0.0,2,0.0,0.019879366756942046,False
30,1,10001,cached,6,DE,balanced,1.0,0.75,1.0,0.75,44.89000000467058,44.98790000798181,0.0,2,0.0,0.009542320184153944,False
30,1,10001,cached,7,FR,balanced,1.0,0.75,1.0,0.75,49.218899992411025,49.619600002188236,0.0,2,0.0,0.009814721046906555,False
30,1,10001,cached,8,IT,balanced,1.0,0.75,1.0,0.75,36.98850001092069,37.09149999485817,0.0,2,0.0,0.03626071434895391,False
30,1,10001,cached,9,NL,balanced,1.0,0.75,1.0,0.75,35.2683000091929,35.46660000574775,0.0,2,0.0,0.00682019013716813,False
30,1,10001,cached,10,ES,balanced,1.0,0.75,1.0,0.75,24.09960000659339,24.25220000441186,0.0,2,0.0,0.019879366756942046,False
30,1,10001,cached,11,IT,balanced,1.0,0.75,1.0,0.75,21.21499998611398,21.31290000397712,0.0,2,0.0,0.03626071434895391,False
30,1,10001,cached,12,DE,quality,1.0,1.0,1.0,1.0,25.30290000140667,25.399199992534705,0.0,2,0.0,0.0,False
30,1,10001,cached,13,FR,quality,1.0,1.0,1.0,1.0,55.14079998829402,55.211200000485405,0.0,2,0.0,0.0,False
30,1,10001,cached,14,NL,quality,1.0,1.0,1.0,1.0,21.198699992964976,21.301400003721938,0.0,2,0.0,0.0,False
30,1,10001,cached,15,IT,quality,1.0,1.0,1.0,1.0,38.795899992692284,38.908300004550256,0.0,2,0.0,0.0,False
30,1,10001,cached,16,NL,quality,1.0,1.0,1.0,1.0,29.6336000028532,29.80750000278931,0.0,2,0.0,0.0,False
30,1,10001,cached,17,ES,quality,1.0,1.0,1.0,1.0,23.914199991850182,24.013700007344596,0.0,2,0.0,0.0,False
30,1,10001,cached,18,DE,performance,1.0,0.5,1.0,1.0,38.293600009637885,38.42439998697955,0.0,2,0.0,0.0,False
30,1,10001,cached,19,FR,performance,0.35,0.5,1.0,1.0,77.36280000244733,77.51709999865852,0.0,2,0.0,0.0,False
30,1,10001,cached,20,DE,performance,1.0,0.5,1.0,1.0,40.46899999957532,40.662800005520694,0.0,2,0.0,0.0,False
30,1,10001,cached,21,FR,performance,0.35,0.5,1.0,1.0,38.37460000067949,38.47880000830628,0.0,2,0.0,0.0,False
30,1,10001,cached,22,IT,performance,1.0,0.5,1.0,1.0,36.66030000022147,36.76709999854211,0.0,2,0.0,0.0,False
30,1,10001,cached,23,NL,performance,1.0,0.5,1.0,1.0,40.91830000106711,41.110200007096864,0.0,2,0.0,0.0,False
30,1,10001,cached,24,ES,exact,1.0,1.0,1.0,1.0,53.63460000080522,53.83790000632871,0.0,2,0.0,0.0,False
30,1,10001,cached,25,DE,exact,1.0,1.0,1.0,1.0,47.71880000771489,47.92579999775626,0.0,2,0.0,0.0,False
30,1,10001,cached,26,ES,exact,1.0,1.0,1.0,1.0,37.72490000119433,37.92030000477098,0.0,2,0.0,0.0,False
30,1,10001,cached,27,FR,exact,1.0,1.0,1.0,1.0,35.194800002500415,35.29369999887422,0.0,2,0.0,0.0,False
30,1,10001,cached,28,NL,exact,1.0,1.0,1.0,1.0,32.261900007142685,32.40969999751542,0.0,2,0.0,0.0,False
30,1,10001,cached,29,IT,exact,1.0,1.0,1.0,1.0,51.30950000602752,51.4922000002116,0.0,2,0.0,0.0,False
30,2,10002,amortized,0,NL,performance,1.0,1.0,1.0,1.0,33.70359999826178,33.88550000090618,0.0,2,0.0,0.0,False
30,2,10002,amortized,1,FR,performance,1.0,1.0,1.0,1.0,67.517699993914,67.73290000273846,0.0,2,0.0,0.0,False
30,2,10002,amortized,2,DE,performance,1.0,1.0,1.0,1.0,30.908200002158992,31.074700003955513,0.0,2,0.0,0.0,False
30,2,10002,amortized,3,ES,performance,1.0,1.0,1.0,1.0,29.51799999573268,29.625299997860566,0.0,2,0.0,0.0,False
30,2,10002,amortized,4,IT,performance,1.0,1.0,1.0,1.0,22.454699996160343,22.56209999904968,0.0,2,0.0,0.0,False
30,2,10002,amortized,5,IT,performance,1.0,1.0,1.0,1.0,22.839799989014864,22.96859999478329,0.0,2,0.0,0.0,False
30,2,10002,amortized,6,ES,balanced,1.0,1.0,1.0,1.0,28.622700003325008,28.773999991244636,0.0,2,0.0,0.0,False
30,2,10002,amortized,7,NL,balanced,1.0,1.0,1.0,1.0,18.72680000087712,18.825499995728023,0.0,2,0.0,0.0,False
30,2,10002,amortized,8,DE,balanced,1.0,1.0,1.0,1.0,28.10700000554789,28.202400004374795,0.0,2,0.0,0.0,False
30,2,10002,amortized,9,FR,balanced,1.0,1.0,1.0,1.0,73.31680000061169,73.42860000790097,0.0,2,0.0,0.0,False
30,2,10002,amortized,10,NL,balanced,1.0,1.0,1.0,1.0,38.686200001393445,38.906100002350286,0.0,2,0.0,0.0,False
30,2,10002,amortized,11,DE,balanced,1.0,1.0,1.0,1.0,49.28669999935664,49.48300000978634,0.0,2,0.0,0.0,False
30,2,10002,amortized,12,IT,quality,1.0,1.0,1.0,1.0,44.16210000636056,44.309599994448945,0.0,2,0.0,0.0,False
30,2,10002,amortized,13,FR,quality,1.0,1.0,1.0,1.0,51.64770000556018,51.85620000702329,0.0,2,0.0,0.0,False
30,2,10002,amortized,14,ES,quality,1.0,1.0,1.0,1.0,40.81019999284763,40.9110999898985,0.0,2,0.0,0.0,False
30,2,10002,amortized,15,DE,quality,1.0,1.0,1.0,1.0,23.594099999172613,23.703099999693222,0.0,2,0.0,0.0,False
30,2,10002,amortized,16,ES,quality,1.0,1.0,1.0,1.0,20.090999998501502,20.187300004181452,0.0,2,0.0,0.0,False
30,2,10002,amortized,17,NL,quality,1.0,1.0,1.0,1.0,18.429300005664118,18.520300000091083,0.0,2,0.0,0.0,False
30,2,10002,amortized,18,IT,performance,1.0,1.0,1.0,1.0,25.157299998681992,25.26229999784846,0.0,2,0.0,0.0,False
30,2,10002,amortized,19,FR,performance,1.0,1.0,1.0,1.0,39.2472999956226,39.35599999385886,0.0,2,0.0,0.0,False
30,2,10002,amortized,20,ES,performance,1.0,1.0,1.0,1.0,25.882400004775263,25.997600008849986,0.0,2,0.0,0.0,False
30,2,10002,amortized,21,NL,performance,1.0,1.0,1.0,1.0,24.065100005827844,24.17660001083277,0.0,2,0.0,0.0,False
30,2,10002,amortized,22,FR,performance,1.0,1.0,1.0,1.0,56.71249999431893,56.81989999720827,0.0,2,0.0,0.0,False
30,2,10002,amortized,23,IT,performance,1.0,1.0,1.0,1.0,31.38700000999961,31.4996999950381,0.0,2,0.0,0.0,False
30,2,10002,amortized,24,DE,exact,1.0,1.0,1.0,1.0,29.216399998404086,29.377600003499538,0.0,2,0.0,0.0,False
30,2,10002,amortized,25,IT,exact,1.0,1.0,1.0,1.0,22.442100002081133,22.53980000386946,0.0,2,0.0,0.0,False
30,2,10002,amortized,26,DE,exact,1.0,1.0,1.0,1.0,29.96250000433065,30.060200006118976,0.0,2,0.0,0.0,False
30,2,10002,amortized,27,FR,exact,1.0,1.0,1.0,1.0,77.89749999938067,78.07119999779388,0.0,2,0.0,0.0,False
30,2,10002,amortized,28,NL,exact,1.0,1.0,1.0,1.0,40.597300001536496,40.709399996558204,0.0,2,0.0,0.0,False
30,2,10002,amortized,29,ES,exact,1.0,1.0,1.0,1.0,53.98250000143889,54.214699994190596,0.0,2,0.0,0.0,False
30,2,10002,exact,0,NL,performance,1.0,0.5,1.0,1.0,30.29949999472592,30.423899996094406,0.0,2,0.0,0.0,False
30,2,10002,exact,1,FR,performance,0.35,0.5,1.0,1.0,38.46500000508968,38.63479998835828,0.0,2,0.0,0.0,False
30,2,10002,exact,2,DE,performance,1.0,0.5,1.0,1.0,23.55439998791553,23.657099998672493,0.0,2,0.0,0.0,False
30,2,10002,exact,3,ES,performance,1.0,0.75,1.0,1.0,23.317099999985658,23.41619999788236,0.0,2,0.0,0.0,False
30,2,10002,exact,4,IT,performance,1.0,0.5,1.0,1.0,26.083799995831214,26.18349999829661,0.0,2,0.0,0.0,False
30,2,10002,exact,5,IT,performance,1.0,0.5,1.0,1.0,33.990999989327975,34.20539999206085,0.0,2,0.0,0.0,False
30,2,10002,exact,6,ES,balanced,1.0,0.75,1.0,1.0,32.92670000519138,33.056599990231916,0.0,2,0.0,0.0,False
30,2,10002,exact,7,NL,balanced,1.0,0.75,1.0,1.0,17.563800007337704,17.659099990851246,0.0,2,0.0,0.0,False
30,2,10002,exact,8,DE,balanced,1.0,0.75,1.0,1.0,37.09569999773521,37.188200003583916,0.0,2,0.0,0.0,False
30,2,10002,exact,9,FR,balanced,1.0,0.75,1.0,1.0,79.14529999834485,79.3516000121599,0.0,2,0.0,0.0,False
30,2,10002,exact,10,NL,balanced,1.0,0.75,1.0,1.0,41.66469999472611,41.867799998726696,0.0,2,0.0,0.0,False
30,2,10002,exact,11,DE,balanced,1.0,0.75,1.0,1.0,45.884399994974956,46.082400003797375,0.0,2,0.0,0.0,False
30,2,10002,exact,12,IT,quality,1.0,1.0,1.0,1.0,45.25959999591578,45.48270000668708,0.0,2,0.0,0.0,False
30,2,10002,exact,13,FR,quality,1.0,1.0,1.0,1.0,79.27400000335183,79.47329999296926,0.0,2,0.0,0.0,False
30,2,10002,exact,14,ES,quality,1.0,1.0,1.0,1.0,49.33259999961592,49.531699987710454,0.0,2,0.0,0.0,False
30,2,10002,exact,15,DE,quality,1.0,1.0,1.0,1.0,44.894999999087304,45.09219998726621,0.0,2,0.0,0.0,False
30,2,10002,exact,16,ES,quality,1.0,1.0,1.0,1.0,45.25300000386778,45.448999997461215,0.0,2,0.0,0.0,False
30,2,10002,exact,17,NL,quality,1.0,1.0,1.0,1.0,35.85220000240952,35.96510000352282,0.0,2,0.0,0.0,False
30,2,10002,exact,18,IT,performance,1.0,0.5,1.0,1.0,55.40879999171011,55.51160000322852,0.0,2,0.0,0.0,False
30,2,10002,exact,19,FR,performance,0.35,0.5,1.0,1.0,43.227200003457256,43.433400001958944,0.0,2,0.0,0.0,False
30,2,10002,exact,20,ES,performance,1.0,0.75,1.0,1.0,34.61089999473188,34.71500000159722,0.0,2,0.0,0.0,False
30,2,10002,exact,21,NL,performance,1.0,0.5,1.0,1.0,37.13310000603087,37.358000001404434,0.0,2,0.0,0.0,False
30,2,10002,exact,22,FR,performance,0.35,0.5,1.0,1.0,50.43149999983143,50.57690000103321,0.0,2,0.0,0.0,False
30,2,10002,exact,23,IT,performance,1.0,0.5,1.0,1.0,29.600900001241826,29.699900012928993,0.0,2,0.0,0.0,False
30,2,10002,exact,24,DE,exact,1.0,1.0,1.0,1.0,50.05900000105612,50.21720001241192,0.0,2,0.0,0.0,False
30,2,10002,exact,25,IT,exact,1.0,1.0,1.0,1.0,34.86729999713134,35.09949998988304,0.0,2,0.0,0.0,False
30,2,10002,exact,26,DE,exact,1.0,1.0,1.0,1.0,52.03949999122415,52.13589999766555,0.0,2,0.0,0.0,False
30,2,10002,exact,27,FR,exact,1.0,1.0,1.0,1.0,71.44749999861233,71.67100001242943,0.0,2,0.0,0.0,False
30,2,10002,exact,28,NL,exact,1.0,1.0,1.0,1.0,22.81290000246372,22.910400002729148,0.0,2,0.0,0.0,False
30,2,10002,exact,29,ES,exact,1.0,1.0,1.0,1.0,39.722000001347624,39.82299999915995,0.0,2,0.0,0.0,False
30,2,10002,cached,0,NL,performance,1.0,0.5,1.0,0.5,17.300699997576885,3580.524400007562,3563.082200009376,4,0.0,0.04747059884096239,False
30,2,10002,cached,1,FR,performance,0.35,0.5,0.35,0.5,30.659199997899123,30.73240000230726,0.0,4,0.02257063949418018,0.03355804299797123,False
30,2,10002,cached,2,DE,performance,1.0,0.5,1.0,0.5,27.88910000526812,28.03880001010839,0.0,4,0.0,0.001032077177963372,False
30,2,10002,cached,3,ES,performance,1.0,0.75,1.0,0.75,42.59869999077637,42.70009999163449,0.0,4,0.0,0.015124941573167088,False
30,2,10002,cached,4,IT,performance,1.0,0.5,1.0,0.5,26.298700002371334,26.409800004330464,0.0,4,0.0,0.029025929851436687,False
30,2,10002,cached,5,IT,performance,1.0,0.5,1.0,0.5,22.083999996539205,22.195999990799464,0.0,2,0.0,0.029025929851436687,False
30,2,10002,cached,6,ES,balanced,1.0,0.75,1.0,0.75,29.388700000708923,29.51079999911599,0.0,2,0.0,0.015124941573167088,False
30,2,10002,cached,7,NL,balanced,1.0,0.75,1.0,0.75,19.644900006824173,19.741800002520904,0.0,2,0.0,0.0016414056870093898,False
30,2,10002,cached,8,DE,balanced,1.0,0.75,1.0,0.75,48.60239999834448,48.69990001316182,0.0,2,0.0,0.04325615105185073,False
30,2,10002,cached,9,FR,balanced,1.0,0.75,1.0,0.75,39.49690000445116,39.597900002263486,0.0,2,0.0,0.02314033239590902,False
30,2,10002,cached,10,NL,balanced,1.0,0.75,1.0,0.75,23.837900007492863,23.94730001105927,0.0,2,0.0,0.0016414056870093898,False
30,2,10002,cached,11,DE,balanced,1.0,0.75,1.0,0.75,26.933900007861666,27.035800012527034,0.0,2,0.0,0.04325615105185073,False
30,2,10002,cached,12,IT,quality,1.0,1.0,1.0,1.0,21.6937999939546,21.7899999988731,0.0,2,0.0,0.0,False
30,2,10002,cached,13,FR,quality,1.0,1.0,1.0,1.0,35.61899998749141,35.71590001229197,0.0,2,0.0,0.0,False
30,2,10002,cached,14,ES,quality,1.0,1.0,1.0,1.0,28.09510000224691,28.195699997013435,0.0,2,0.0,0.0,False
30,2,10002,cached,15,DE,quality,1.0,1.0,1.0,1.0,28.708899990306236,28.8935999997193,0.0,2,0.0,0.0,False
30,2,10002,cached,16,ES,quality,1.0,1.0,1.0,1.0,26.60660000401549,26.70800000487361,0.0,2,0.0,0.0,False
30,2,10002,cached,17,NL,quality,1.0,1.0,1.0,1.0,17.517700005555525,17.615999997360632,0.0,2,0.0,0.0,False
30,2,10002,cached,18,IT,performance,1.0,0.5,1.0,1.0,30.32839999650605,30.43189999880269,0.0,2,0.0,0.0,False
30,2,10002,cached,19,FR,performance,0.35,0.5,1.0,1.0,46.16770001302939,46.319200002471916,0.0,2,0.0,0.0,False
30,2,10002,cached,20,ES,performance,1.0,0.75,1.0,1.0,27.21330001077149,27.32280000054743,0.0,2,0.0,0.0,False
30,2,10002,cached,21,NL,performance,1.0,0.5,1.0,1.0,20.17849999538157,20.35420000902377,0.0,2,0.0,0.0,False
30,2,10002,cached,22,FR,performance,0.35,0.5,1.0,1.0,60.52460000501014,60.62380000366829,0.0,2,0.0,0.0,False
30,2,10002,cached,23,IT,performance,1.0,0.5,1.0,1.0,36.48720000637695,36.60550000495277,0.0,2,0.0,0.0,False
30,2,10002,cached,24,DE,exact,1.0,1.0,1.0,1.0,48.89819999516476,49.17479999130592,0.0,2,0.0,0.0,False
30,2,10002,cached,25,IT,exact,1.0,1.0,1.0,1.0,40.156600007321686,40.36899999482557,0.0,2,0.0,0.0,False
30,2,10002,cached,26,DE,exact,1.0,1.0,1.0,1.0,55.286999995587394,55.460999996284954,0.0,2,0.0,0.0,False
30,2,10002,cached,27,FR,exact,1.0,1.0,1.0,1.0,79.36389998940285,79.57549999991897,0.0,2,0.0,0.0,False
30,2,10002,cached,28,NL,exact,1.0,1.0,1.0,1.0,32.23979999893345,32.40660000301432,0.0,2,0.0,0.0,False
30,2,10002,cached,29,ES,exact,1.0,1.0,1.0,1.0,29.739599995082244,29.85969999281224,0.0,2,0.0,0.0,False
