horizon,epoch,seed,mode,built,build_ms,online_ms,online_ms_per_request,query_dispatch_ms_per_request,violation_rate
30,0,10000,exact,False,0.0,1356.052599978284,45.201753332609464,45.201753332609464,0
30,0,10000,cached,True,3870.150399990962,5071.004299970809,169.03347666569366,40.02846333266158,0
30,0,10000,amortized,False,0.0,1046.967299975222,34.898909999174066,34.898909999174066,0
30,1,10001,amortized,False,0.0,1213.700800028164,40.45669333427213,40.45669333427213,0
30,1,10001,exact,False,0.0,1052.2379000030924,35.07459666676974,35.07459666676974,0
30,1,10001,cached,True,3903.3274999965215,5037.87320003903,167.92910666796766,37.81819000141695,0
30,2,10002,amortized,False,0.0,1103.0413000116823,36.768043333722744,36.768043333722744,0
30,2,10002,exact,False,0.0,1255.8723999827635,41.862413332758784,41.862413332758784,0
30,2,10002,cached,True,3563.082200009376,4586.558200055151,152.88527333517172,34.11586666819252,0
