epoch,tier,mode,request,country,kind,step,fidelity,raw_count,uncertainty,accepted,query_ms
0,quality,history_incremental,0,FR,node,0,1.0,14959,0.0,True,0.8198999857995659
0,quality,history_incremental,0,FR,edge,0,1.0,13428,0.0,True,0.9483000030741096
0,quality,history_incremental,1,FR,node,0,1.0,14959,0.0,True,0.6961000035516918
0,quality,history_incremental,1,FR,edge,0,1.0,13428,0.0,True,0.9596000018063933
0,quality,history_incremental,2,FR,node,0,1.0,14959,0.0,True,0.8024999988265336
0,quality,history_incremental,2,FR,edge,0,1.0,13428,0.0,True,0.9326999715995044
0,quality,history_incremental,3,DE,node,0,1.0,9855,0.0,True,0.6024000176694244
0,quality,history_incremental,3,DE,edge,0,1.0,5833,0.0,True,0.8566000033169985
0,quality,history_incremental,4,DE,node,0,1.0,9855,0.0,True,0.5898000090382993
0,quality,history_incremental,4,DE,edge,0,1.0,5833,0.0,True,0.7941999938338995
0,quality,history_incremental,5,DE,node,0,1.0,9855,0.0,True,0.5988000193610787
0,quality,history_incremental,5,DE,edge,0,1.0,5833,0.0,True,0.7928999839350581
0,quality,history_incremental,6,FR,node,0,0.75,11294,0.00970928737230512,True,0.7528999994974583
0,quality,history_incremental,6,FR,edge,0,0.75,7655,0.02611152166582407,True,1.7571999924257398
0,quality,history_incremental,7,FR,node,0,0.75,11294,0.00970928737230512,True,0.7302000012714416
0,quality,history_incremental,7,FR,edge,0,0.75,7655,0.02611152166582407,True,2.085599990095943
0,quality,progressive,0,FR,node,0,0.05,700,0.06395289282018125,False,0.7656999805476516
0,quality,progressive,0,FR,node,1,0.1,1425,0.05969560495911247,False,0.7353000110015273
0,quality,progressive,0,FR,node,2,0.15,2193,0.041844887625489276,True,0.8162999874912202
0,quality,progressive,0,FR,edge,0,0.05,37,0.3922257013606426,False,1.0646000155247748
0,quality,progressive,0,FR,edge,1,0.1,111,0.2706203552336825,False,0.970299995969981
0,quality,progressive,0,FR,edge,2,0.15,309,0.18183561069282594,False,0.9336999792139977
0,quality,progressive,0,FR,edge,3,0.25,841,0.08097985682084655,False,0.8667999936733395
0,quality,progressive,0,FR,edge,4,0.35,1632,0.07778420222772878,False,1.0537000198382884
0,quality,progressive,0,FR,edge,5,0.5,3429,0.04243129489922501,True,0.9992000123020262
0,quality,progressive,1,FR,node,0,0.05,700,0.06395289282018125,False,0.7752999954391271
0,quality,progressive,1,FR,node,1,0.1,1425,0.05969560495911247,False,0.760499999159947
0,quality,progressive,1,FR,node,2,0.15,2193,0.041844887625489276,True,0.7176999934017658
0,quality,progressive,1,FR,edge,0,0.05,37,0.3922257013606426,False,1.1444000119809061
0,quality,progressive,1,FR,edge,1,0.1,111,0.2706203552336825,False,1.034899993101135
0,quality,progressive,1,FR,edge,2,0.15,309,0.18183561069282594,False,1.0169000015594065
0,quality,progressive,1,FR,edge,3,0.25,841,0.08097985682084655,False,0.9821999992709607
0,quality,progressive,1,FR,edge,4,0.35,1632,0.07778420222772878,False,0.9748000011313707
0,quality,progressive,1,FR,edge,5,0.5,3429,0.04243129489922501,True,0.9905000042635947
0,quality,progressive,2,FR,node,0,0.05,700,0.06395289282018125,False,0.8595999970566481
0,quality,progressive,2,FR,node,1,0.1,1425,0.05969560495911247,False,0.7953000022098422
0,quality,progressive,2,FR,node,2,0.15,2193,0.041844887625489276,True,0.7846000080462545
0,quality,progressive,2,FR,edge,0,0.05,37,0.3922257013606426,False,1.042200019583106
0,quality,progressive,2,FR,edge,1,0.1,111,0.2706203552336825,False,0.9629999985918403
0,quality,progressive,2,FR,edge,2,0.15,309,0.18183561069282594,False,0.9564999782014638
0,quality,progressive,2,FR,edge,3,0.25,841,0.08097985682084655,False,0.9839999838732183
0,quality,progressive,2,FR,edge,4,0.35,1632,0.07778420222772878,False,1.0978000063914806
0,quality,progressive,2,FR,edge,5,0.5,3429,0.04243129489922501,True,1.0117999918293208
0,quality,progressive,3,DE,node,0,0.05,435,0.08112684477188005,False,0.6437000120058656
0,quality,progressive,3,DE,node,1,0.1,943,0.0733827433641017,False,0.6431000074371696
0,quality,progressive,3,DE,node,2,0.15,1412,0.05214880649428373,False,0.6196000031195581
0,quality,progressive,3,DE,node,3,0.25,2386,0.03576411217985901,True,0.6108999950811267
0,quality,progressive,3,DE,edge,0,0.05,9,0.7952719332188187,False,0.8596999978180975
0,quality,progressive,3,DE,edge,1,0.1,52,0.3953850803091379,False,0.8540000126231462
0,quality,progressive,3,DE,edge,2,0.15,123,0.28820772909658343,False,0.9107999794650823
0,quality,progressive,3,DE,edge,3,0.25,339,0.12754844061262596,False,0.8512999920640141
0,quality,progressive,3,DE,edge,4,0.35,676,0.12085875915776943,False,0.7945999968796968
0,quality,progressive,3,DE,edge,5,0.5,1414,0.06607624022248715,False,0.8114000083878636
0,quality,progressive,3,DE,edge,6,0.75,3238,0.040148225673821474,True,0.7722000009380281
0,quality,progressive,4,DE,node,0,0.05,435,0.08112684477188005,False,0.6387000030372292
0,quality,progressive,4,DE,node,1,0.1,943,0.0733827433641017,False,0.6243000098038465
0,quality,progressive,4,DE,node,2,0.15,1412,0.05214880649428373,False,0.5941000126767904
0,quality,progressive,4,DE,node,3,0.25,2386,0.03576411217985901,True,0.5981000140309334
0,quality,progressive,4,DE,edge,0,0.05,9,0.7952719332188187,False,0.8817999914754182
0,quality,progressive,4,DE,edge,1,0.1,52,0.3953850803091379,False,1.0168000007979572
0,quality,progressive,4,DE,edge,2,0.15,123,0.28820772909658343,False,0.8873000042513013
0,quality,progressive,4,DE,edge,3,0.25,339,0.12754844061262596,False,0.7993000035639852
0,quality,progressive,4,DE,edge,4,0.35,676,0.12085875915776943,False,0.8236999856308103
0,quality,progressive,4,DE,edge,5,0.5,1414,0.06607624022248715,False,0.8936999947763979
0,quality,progressive,4,DE,edge,6,0.75,3238,0.040148225673821474,True,0.8694000134710222
0,quality,progressive,5,DE,node,0,0.05,435,0.08112684477188005,False,0.6282000103965402
0,quality,progressive,5,DE,node,1,0.1,943,0.0733827433641017,False,0.6460000004153699
0,quality,progressive,5,DE,node,2,0.15,1412,0.05214880649428373,False,0.6368999893311411
0,quality,progressive,5,DE,node,3,0.25,2386,0.03576411217985901,True,0.6080000021029264
0,quality,progressive,5,DE,edge,0,0.05,9,0.7952719332188187,False,0.8888000156730413
0,quality,progressive,5,DE,edge,1,0.1,52,0.3953850803091379,False,0.7807999791111797
0,quality,progressive,5,DE,edge,2,0.15,123,0.28820772909658343,False,0.7924000092316419
0,quality,progressive,5,DE,edge,3,0.25,339,0.12754844061262596,False,0.7399000169243664
0,quality,progressive,5,DE,edge,4,0.35,676,0.12085875915776943,False,0.7592000183649361
0,quality,progressive,5,DE,edge,5,0.5,1414,0.06607624022248715,False,0.7633999921381474
0,quality,progressive,5,DE,edge,6,0.75,3238,0.040148225673821474,True,0.780899979872629
0,quality,progressive,6,FR,node,0,0.05,700,0.06395289282018125,False,0.77039998723194
0,quality,progressive,6,FR,node,1,0.1,1425,0.05969560495911247,False,0.7646000012755394
0,quality,progressive,6,FR,node,2,0.15,2193,0.041844887625489276,True,0.7306000043172389
0,quality,progressive,6,FR,edge,0,0.05,37,0.3922257013606426,False,1.1019999801646918
0,quality,progressive,6,FR,edge,1,0.1,111,0.2706203552336825,False,0.9999999892897904
0,quality,progressive,6,FR,edge,2,0.15,309,0.18183561069282594,False,1.0218000097665936
0,quality,progressive,6,FR,edge,3,0.25,841,0.08097985682084655,False,0.9896000265143812
0,quality,progressive,6,FR,edge,4,0.35,1632,0.07778420222772878,False,0.977099989540875
0,quality,progressive,6,FR,edge,5,0.5,3429,0.04243129489922501,True,0.982600002316758
0,quality,progressive,7,FR,node,0,0.05,700,0.06395289282018125,False,0.8326999959535897
0,quality,progressive,7,FR,node,1,0.1,1425,0.05969560495911247,False,0.8053999918047339
0,quality,progressive,7,FR,node,2,0.15,2193,0.041844887625489276,True,0.79420002293773
0,quality,progressive,7,FR,edge,0,0.05,37,0.3922257013606426,False,1.0735999967437238
0,quality,progressive,7,FR,edge,1,0.1,111,0.2706203552336825,False,0.9981000039260834
0,quality,progressive,7,FR,edge,2,0.15,309,0.18183561069282594,False,1.0002999915741384
0,quality,progressive,7,FR,edge,3,0.25,841,0.08097985682084655,False,0.988499989034608
0,quality,progressive,7,FR,edge,4,0.35,1632,0.07778420222772878,False,1.3620999816339463
0,quality,progressive,7,FR,edge,5,0.5,3429,0.04243129489922501,True,1.0850999969989061
0,balanced,progressive,0,FR,node,0,0.05,700,0.06395289282018125,True,0.818000000435859
0,balanced,progressive,0,FR,edge,0,0.05,37,0.3922257013606426,False,1.0076000180561095
0,balanced,progressive,0,FR,edge,1,0.1,111,0.2706203552336825,False,0.9683999815024436
0,balanced,progressive,0,FR,edge,2,0.15,309,0.18183561069282594,False,0.9182000067085028
0,balanced,progressive,0,FR,edge,3,0.25,841,0.08097985682084655,True,0.9454999817535281
0,balanced,progressive,1,FR,node,0,0.05,700,0.06395289282018125,True,0.7881000055931509
0,balanced,progressive,1,FR,edge,0,0.05,37,0.3922257013606426,False,0.9639000054448843
0,balanced,progressive,1,FR,edge,1,0.1,111,0.2706203552336825,False,0.9462999878451228
0,balanced,progressive,1,FR,edge,2,0.15,309,0.18183561069282594,False,0.9238999919034541
0,balanced,progressive,1,FR,edge,3,0.25,841,0.08097985682084655,True,0.8971999923232943
0,balanced,progressive,2,FR,node,0,0.05,700,0.06395289282018125,True,0.7863000209908932
0,balanced,progressive,2,FR,edge,0,0.05,37,0.3922257013606426,False,1.1026999854948372
0,balanced,progressive,2,FR,edge,1,0.1,111,0.2706203552336825,False,0.9799000108614564
0,balanced,progressive,2,FR,edge,2,0.15,309,0.18183561069282594,False,1.282299985177815
0,balanced,progressive,2,FR,edge,3,0.25,841,0.08097985682084655,True,1.162399974418804
0,balanced,progressive,3,DE,node,0,0.05,435,0.08112684477188005,True,0.674300012178719
0,balanced,progressive,3,DE,edge,0,0.05,9,0.7952719332188187,False,0.9290000016335398
0,balanced,progressive,3,DE,edge,1,0.1,52,0.3953850803091379,False,0.8525000012014061
0,balanced,progressive,3,DE,edge,2,0.15,123,0.28820772909658343,False,0.7879000040702522
0,balanced,progressive,3,DE,edge,3,0.25,339,0.12754844061262596,False,0.8098999969661236
0,balanced,progressive,3,DE,edge,4,0.35,676,0.12085875915776943,False,0.8598999993409961
0,balanced,progressive,3,DE,edge,5,0.5,1414,0.06607624022248715,True,0.829399999929592
0,balanced,progressive,4,DE,node,0,0.05,435,0.08112684477188005,True,0.618099991697818
0,balanced,progressive,4,DE,edge,0,0.05,9,0.7952719332188187,False,0.9388999897055328
0,balanced,progressive,4,DE,edge,1,0.1,52,0.3953850803091379,False,0.7983000250533223
0,balanced,progressive,4,DE,edge,2,0.15,123,0.28820772909658343,False,0.8075999794527888
0,balanced,progressive,4,DE,edge,3,0.25,339,0.12754844061262596,False,0.7664999866392463
0,balanced,progressive,4,DE,edge,4,0.35,676,0.12085875915776943,False,0.7660000119358301
0,balanced,progressive,4,DE,edge,5,0.5,1414,0.06607624022248715,True,0.7410000253003091
0,balanced,progressive,5,DE,node,0,0.05,435,0.08112684477188005,True,0.7326000195462257
0,balanced,progressive,5,DE,edge,0,0.05,9,0.7952719332188187,False,0.9330999746453017
0,balanced,progressive,5,DE,edge,1,0.1,52,0.3953850803091379,False,0.830300006782636
0,balanced,progressive,5,DE,edge,2,0.15,123,0.28820772909658343,False,0.8033000049181283
0,balanced,progressive,5,DE,edge,3,0.25,339,0.12754844061262596,False,0.8237000147346407
0,balanced,progressive,5,DE,edge,4,0.35,676,0.12085875915776943,False,0.8490000036545098
0,balanced,progressive,5,DE,edge,5,0.5,1414,0.06607624022248715,True,0.8068000024650246
0,balanced,progressive,6,FR,node,0,0.05,700,0.06395289282018125,True,0.7607000006828457
0,balanced,progressive,6,FR,edge,0,0.05,37,0.3922257013606426,False,0.9679000067990273
0,balanced,progressive,6,FR,edge,1,0.1,111,0.2706203552336825,False,0.973699992755428
0,balanced,progressive,6,FR,edge,2,0.15,309,0.18183561069282594,False,0.9990000107791275
0,balanced,progressive,6,FR,edge,3,0.25,841,0.08097985682084655,True,1.1694999993778765
0,balanced,progressive,7,FR,node,0,0.05,700,0.06395289282018125,True,0.8099999977275729
0,balanced,progressive,7,FR,edge,0,0.05,37,0.3922257013606426,False,1.3239999825600535
0,balanced,progressive,7,FR,edge,1,0.1,111,0.2706203552336825,False,1.1861000093631446
0,balanced,progressive,7,FR,edge,2,0.15,309,0.18183561069282594,False,1.000499993097037
0,balanced,progressive,7,FR,edge,3,0.25,841,0.08097985682084655,True,1.0715000098571181
0,balanced,history_incremental,0,FR,node,0,1.0,14959,0.0,True,0.8228000078815967
0,balanced,history_incremental,0,FR,edge,0,1.0,13428,0.0,True,1.0943000088445842
0,balanced,history_incremental,1,FR,node,0,1.0,14959,0.0,True,0.8650999807287008
0,balanced,history_incremental,1,FR,edge,0,1.0,13428,0.0,True,0.9469999931752682
0,balanced,history_incremental,2,FR,node,0,1.0,14959,0.0,True,0.7275000098161399
0,balanced,history_incremental,2,FR,edge,0,1.0,13428,0.0,True,0.9791999764274806
0,balanced,history_incremental,3,DE,node,0,1.0,9855,0.0,True,0.6418000266421586
0,balanced,history_incremental,3,DE,edge,0,1.0,5833,0.0,True,0.8296999731101096
0,balanced,history_incremental,4,DE,node,0,1.0,9855,0.0,True,0.6043000030331314
0,balanced,history_incremental,4,DE,edge,0,1.0,5833,0.0,True,0.8205000194720924
0,balanced,history_incremental,5,DE,node,0,1.0,9855,0.0,True,0.5685000214725733
0,balanced,history_incremental,5,DE,edge,0,1.0,5833,0.0,True,0.89490000391379
0,balanced,history_incremental,6,FR,node,0,0.75,11294,0.00970928737230512,True,0.7786999922245741
0,balanced,history_incremental,6,FR,edge,0,0.75,7655,0.02611152166582407,True,1.7087000014726073
0,balanced,history_incremental,7,FR,node,0,0.75,11294,0.00970928737230512,True,0.7630999898537993
0,balanced,history_incremental,7,FR,edge,0,0.75,7655,0.02611152166582407,True,2.0004000107292086
0,performance,progressive,0,FR,node,0,0.05,700,0.06395289282018125,True,0.8258000016212463
0,performance,progressive,0,FR,edge,0,0.05,37,0.3922257013606426,False,1.0820000024978071
0,performance,progressive,0,FR,edge,1,0.1,111,0.2706203552336825,False,1.0953999881166965
0,performance,progressive,0,FR,edge,2,0.15,309,0.18183561069282594,True,1.0050999990198761
0,performance,progressive,1,FR,node,0,0.05,700,0.06395289282018125,True,0.8359000203199685
0,performance,progressive,1,FR,edge,0,0.05,37,0.3922257013606426,False,1.3015000149607658
0,performance,progressive,1,FR,edge,1,0.1,111,0.2706203552336825,False,1.1155999964103103
0,performance,progressive,1,FR,edge,2,0.15,309,0.18183561069282594,True,1.0378999868407845
0,performance,progressive,2,FR,node,0,0.05,700,0.06395289282018125,True,0.8011999889276922
0,performance,progressive,2,FR,edge,0,0.05,37,0.3922257013606426,False,1.0649000178091228
0,performance,progressive,2,FR,edge,1,0.1,111,0.2706203552336825,False,0.9585999941918999
0,performance,progressive,2,FR,edge,2,0.15,309,0.18183561069282594,True,0.9613999864086509
0,performance,progressive,3,DE,node,0,0.05,435,0.08112684477188005,True,0.7869999972172081
0,performance,progressive,3,DE,edge,0,0.05,9,0.7952719332188187,False,1.1491000186651945
0,performance,progressive,3,DE,edge,1,0.1,52,0.3953850803091379,False,0.9188999829348177
0,performance,progressive,3,DE,edge,2,0.15,123,0.28820772909658343,False,1.0008999961428344
0,performance,progressive,3,DE,edge,3,0.25,339,0.12754844061262596,True,1.3892000133637339
0,performance,progressive,4,DE,node,0,0.05,435,0.08112684477188005,True,0.6463000026997179
0,performance,progressive,4,DE,edge,0,0.05,9,0.7952719332188187,False,0.8414000039920211
0,performance,progressive,4,DE,edge,1,0.1,52,0.3953850803091379,False,1.2279000075068325
0,performance,progressive,4,DE,edge,2,0.15,123,0.28820772909658343,False,1.0698999976739287
0,performance,progressive,4,DE,edge,3,0.25,339,0.12754844061262596,True,0.9256000048480928
0,performance,progressive,5,DE,node,0,0.05,435,0.08112684477188005,True,0.6348000024445355
0,performance,progressive,5,DE,edge,0,0.05,9,0.7952719332188187,False,1.0282000002916902
0,performance,progressive,5,DE,edge,1,0.1,52,0.3953850803091379,False,1.17050000699237
0,performance,progressive,5,DE,edge,2,0.15,123,0.28820772909658343,False,0.9628999978303909
0,performance,progressive,5,DE,edge,3,0.25,339,0.12754844061262596,True,0.8432000176981091
0,performance,progressive,6,FR,node,0,0.05,700,0.06395289282018125,True,0.8004999835975468
0,performance,progressive,6,FR,edge,0,0.05,37,0.3922257013606426,False,1.213999988976866
0,performance,progressive,6,FR,edge,1,0.1,111,0.2706203552336825,False,1.3067999971099198
0,performance,progressive,6,FR,edge,2,0.15,309,0.18183561069282594,True,1.2697000056505203
0,performance,progressive,7,FR,node,0,0.05,700,0.06395289282018125,True,0.8622999885119498
0,performance,progressive,7,FR,edge,0,0.05,37,0.3922257013606426,False,1.4418000064324588
0,performance,progressive,7,FR,edge,1,0.1,111,0.2706203552336825,False,1.0896000021602958
0,performance,progressive,7,FR,edge,2,0.15,309,0.18183561069282594,True,1.1557000107131898
0,performance,history_incremental,0,FR,node,0,1.0,14959,0.0,True,0.9976000001188368
0,performance,history_incremental,0,FR,edge,0,1.0,13428,0.0,True,1.2217999901622534
0,performance,history_incremental,1,FR,node,0,1.0,14959,0.0,True,0.767599995015189
0,performance,history_incremental,1,FR,edge,0,1.0,13428,0.0,True,0.9905000042635947
0,performance,history_incremental,2,FR,node,0,1.0,14959,0.0,True,0.9025000035762787
0,performance,history_incremental,2,FR,edge,0,1.0,13428,0.0,True,1.1625000042840838
0,performance,history_incremental,3,DE,node,0,1.0,9855,0.0,True,0.6467000057455152
0,performance,history_incremental,3,DE,edge,0,1.0,5833,0.0,True,0.8690999820828438
0,performance,history_incremental,4,DE,node,0,1.0,9855,0.0,True,0.6434999813791364
0,performance,history_incremental,4,DE,edge,0,1.0,5833,0.0,True,0.9152000129688531
0,performance,history_incremental,5,DE,node,0,1.0,9855,0.0,True,0.7019000186119229
0,performance,history_incremental,5,DE,edge,0,1.0,5833,0.0,True,0.8040999819058925
0,performance,history_incremental,6,FR,node,0,0.75,11294,0.00970928737230512,True,0.7320000149775296
0,performance,history_incremental,6,FR,edge,0,0.75,7655,0.02611152166582407,True,1.6948000120464712
0,performance,history_incremental,7,FR,node,0,0.75,11294,0.00970928737230512,True,0.9125999931711704
0,performance,history_incremental,7,FR,edge,0,0.75,7655,0.02611152166582407,True,1.7582000000402331
1,quality,progressive,0,FR,node,0,0.05,737,0.0623268918838237,False,0.7533000025432557
1,quality,progressive,0,FR,node,1,0.1,1437,0.059445831457952014,False,0.7536000048276037
1,quality,progressive,0,FR,node,2,0.15,2230,0.04149629192205273,True,0.7333999965339899
1,quality,progressive,0,FR,edge,0,0.05,31,0.4285051672775493,False,1.0349999938625842
1,quality,progressive,0,FR,edge,1,0.1,117,0.2635900535394253,False,0.9663999953772873
1,quality,progressive,0,FR,edge,2,0.15,302,0.1839309049891105,False,0.963500002399087
1,quality,progressive,0,FR,edge,3,0.25,778,0.08419478726956348,False,0.9862000006251037
1,quality,progressive,0,FR,edge,4,0.35,1656,0.07721849143092549,False,0.9400999988429248
1,quality,progressive,0,FR,edge,5,0.5,3292,0.043305206599177935,True,1.0172000038437545
1,quality,progressive,1,FR,node,0,0.05,737,0.0623268918838237,False,0.9657999908085912
1,quality,progressive,1,FR,node,1,0.1,1437,0.059445831457952014,False,0.8472000190522522
1,quality,progressive,1,FR,node,2,0.15,2230,0.04149629192205273,True,0.8105000015348196
1,quality,progressive,1,FR,edge,0,0.05,31,0.4285051672775493,False,0.9815999947022647
1,quality,progressive,1,FR,edge,1,0.1,117,0.2635900535394253,False,1.2870999926235527
1,quality,progressive,1,FR,edge,2,0.15,302,0.1839309049891105,False,1.1980999843217432
1,quality,progressive,1,FR,edge,3,0.25,778,0.08419478726956348,False,1.0185999854002148
1,quality,progressive,1,FR,edge,4,0.35,1656,0.07721849143092549,False,1.0058000043500215
1,quality,progressive,1,FR,edge,5,0.5,3292,0.043305206599177935,True,0.9602000063750893
1,quality,progressive,2,FR,node,0,0.05,737,0.0623268918838237,False,0.7949999999254942
1,quality,progressive,2,FR,node,1,0.1,1437,0.059445831457952014,False,0.8760000055190176
1,quality,progressive,2,FR,node,2,0.15,2230,0.04149629192205273,True,0.8106000022962689
1,quality,progressive,2,FR,edge,0,0.05,31,0.4285051672775493,False,1.1291000118944794
1,quality,progressive,2,FR,edge,1,0.1,117,0.2635900535394253,False,0.9617000177968293
1,quality,progressive,2,FR,edge,2,0.15,302,0.1839309049891105,False,0.9546999935992062
1,quality,progressive,2,FR,edge,3,0.25,778,0.08419478726956348,False,0.9224999812431633
1,quality,progressive,2,FR,edge,4,0.35,1656,0.07721849143092549,False,0.9492999815847725
1,quality,progressive,2,FR,edge,5,0.5,3292,0.043305206599177935,True,0.9772999910637736
1,quality,progressive,3,DE,node,0,0.05,478,0.0773918566587555,False,0.6415999960154295
1,quality,progressive,3,DE,node,1,0.1,957,0.07284400592254896,False,0.6253999890759587
1,quality,progressive,3,DE,node,2,0.15,1452,0.05142548704665284,False,0.6138999888207763
1,quality,progressive,3,DE,node,3,0.25,2443,0.035344426129634635,True,0.607599999057129
1,quality,progressive,3,DE,edge,0,0.05,17,0.5786453261912371,False,0.9805000154301524
1,quality,progressive,3,DE,edge,1,0.1,69,0.3432396131410348,False,0.8464000129606575
1,quality,progressive,3,DE,edge,2,0.15,139,0.27111327238838384,False,0.8245999924838543
1,quality,progressive,3,DE,edge,3,0.25,371,0.12192367585397618,False,0.814300001366064
1,quality,progressive,3,DE,edge,4,0.35,725,0.11670312239799646,False,0.7385999779216945
1,quality,progressive,3,DE,edge,5,0.5,1466,0.06489377564406074,False,0.7390000100713223
1,quality,progressive,3,DE,edge,6,0.75,3304,0.03974520666486719,True,0.7660000119358301
1,quality,progressive,4,DE,node,0,0.05,478,0.0773918566587555,False,0.7751999946776778
1,quality,progressive,4,DE,node,1,0.1,957,0.07284400592254896,False,0.6548000092152506
1,quality,progressive,4,DE,node,2,0.15,1452,0.05142548704665284,False,0.6016999832354486
1,quality,progressive,4,DE,node,3,0.25,2443,0.035344426129634635,True,0.5955999949947
1,quality,progressive,4,DE,edge,0,0.05,17,0.5786453261912371,False,0.9414000087417662
1,quality,progressive,4,DE,edge,1,0.1,69,0.3432396131410348,False,0.907299981918186
1,quality,progressive,4,DE,edge,2,0.15,139,0.27111327238838384,False,0.8652999822515994
1,quality,progressive,4,DE,edge,3,0.25,371,0.12192367585397618,False,0.9219999774359167
1,quality,progressive,4,DE,edge,4,0.35,725,0.11670312239799646,False,0.9496999846305698
1,quality,progressive,4,DE,edge,5,0.5,1466,0.06489377564406074,False,0.856899976497516
1,quality,progressive,4,DE,edge,6,0.75,3304,0.03974520666486719,True,0.8328999974764884
1,quality,progressive,5,DE,node,0,0.05,478,0.0773918566587555,False,0.6569999968633056
1,quality,progressive,5,DE,node,1,0.1,957,0.07284400592254896,False,0.611299998126924
1,quality,progressive,5,DE,node,2,0.15,1452,0.05142548704665284,False,0.6032000237610191
1,quality,progressive,5,DE,node,3,0.25,2443,0.035344426129634635,True,0.5837999924551696
1,quality,progressive,5,DE,edge,0,0.05,17,0.5786453261912371,False,0.9077000140678138
1,quality,progressive,5,DE,edge,1,0.1,69,0.3432396131410348,False,0.8356999896932393
1,quality,progressive,5,DE,edge,2,0.15,139,0.27111327238838384,False,0.8106000022962689
1,quality,progressive,5,DE,edge,3,0.25,371,0.12192367585397618,False,0.7360999879892915
1,quality,progressive,5,DE,edge,4,0.35,725,0.11670312239799646,False,0.7902999932412058
1,quality,progressive,5,DE,edge,5,0.5,1466,0.06489377564406074,False,0.7889999833423644
1,quality,progressive,5,DE,edge,6,0.75,3304,0.03974520666486719,True,0.8215999987442046
1,quality,progressive,6,FR,node,0,0.05,737,0.0623268918838237,False,0.8456000068690628
1,quality,progressive,6,FR,node,1,0.1,1437,0.059445831457952014,False,0.7998000073712319
1,quality,progressive,6,FR,node,2,0.15,2230,0.04149629192205273,True,0.7886000094003975
1,quality,progressive,6,FR,edge,0,0.05,31,0.4285051672775493,False,1.3251000200398266
1,quality,progressive,6,FR,edge,1,0.1,117,0.2635900535394253,False,1.2234000023454428
1,quality,progressive,6,FR,edge,2,0.15,302,0.1839309049891105,False,1.1058000090997666
1,quality,progressive,6,FR,edge,3,0.25,778,0.08419478726956348,False,0.9302999824285507
1,quality,progressive,6,FR,edge,4,0.35,1656,0.07721849143092549,False,1.0092000011354685
1,quality,progressive,6,FR,edge,5,0.5,3292,0.043305206599177935,True,0.912199990125373
1,quality,progressive,7,FR,node,0,0.05,737,0.0623268918838237,False,0.9222000080626458
1,quality,progressive,7,FR,node,1,0.1,1437,0.059445831457952014,False,0.9645000100135803
1,quality,progressive,7,FR,node,2,0.15,2230,0.04149629192205273,True,0.8636999991722405
1,quality,progressive,7,FR,edge,0,0.05,31,0.4285051672775493,False,1.1474000057205558
1,quality,progressive,7,FR,edge,1,0.1,117,0.2635900535394253,False,1.139800006058067
1,quality,progressive,7,FR,edge,2,0.15,302,0.1839309049891105,False,1.1876999924425036
1,quality,progressive,7,FR,edge,3,0.25,778,0.08419478726956348,False,0.9618999902158976
1,quality,progressive,7,FR,edge,4,0.35,1656,0.07721849143092549,False,0.9438999986741692
1,quality,progressive,7,FR,edge,5,0.5,3292,0.043305206599177935,True,0.8809000137262046
1,quality,history_incremental,0,FR,node,0,1.0,14959,0.0,True,0.7580000092275441
1,quality,history_incremental,0,FR,edge,0,1.0,13428,0.0,True,1.0501999931875616
1,quality,history_incremental,1,FR,node,0,1.0,14959,0.0,True,0.7279999845195562
1,quality,history_incremental,1,FR,edge,0,1.0,13428,0.0,True,1.2169999827165157
1,quality,history_incremental,2,FR,node,0,1.0,14959,0.0,True,0.8341999782714993
1,quality,history_incremental,2,FR,edge,0,1.0,13428,0.0,True,1.1356999748386443
1,quality,history_incremental,3,DE,node,0,1.0,9855,0.0,True,0.6477000133600086
1,quality,history_incremental,3,DE,edge,0,1.0,5833,0.0,True,0.8452000038232654
1,quality,history_incremental,4,DE,node,0,1.0,9855,0.0,True,0.5973000079393387
1,quality,history_incremental,4,DE,edge,0,1.0,5833,0.0,True,0.7872999995015562
1,quality,history_incremental,5,DE,node,0,1.0,9855,0.0,True,0.5698000022675842
1,quality,history_incremental,5,DE,edge,0,1.0,5833,0.0,True,0.8361000218428671
1,quality,history_incremental,6,FR,node,0,0.75,11241,0.009732149532963464,True,0.7477999897673726
1,quality,history_incremental,6,FR,edge,0,0.75,7535,0.026318622239723064,True,1.7167999758385122
1,quality,history_incremental,7,FR,node,0,0.75,11241,0.009732149532963464,True,0.7844999781809747
1,quality,history_incremental,7,FR,edge,0,0.75,7535,0.026318622239723064,True,2.1739999938290566
1,balanced,progressive,0,FR,node,0,0.05,737,0.0623268918838237,True,0.8023999980650842
1,balanced,progressive,0,FR,edge,0,0.05,31,0.4285051672775493,False,1.0956999904010445
1,balanced,progressive,0,FR,edge,1,0.1,117,0.2635900535394253,False,1.453699980629608
1,balanced,progressive,0,FR,edge,2,0.15,302,0.1839309049891105,False,1.050599996233359
1,balanced,progressive,0,FR,edge,3,0.25,778,0.08419478726956348,True,1.0344000183977187
1,balanced,progressive,1,FR,node,0,0.05,737,0.0623268918838237,True,0.8732000133022666
1,balanced,progressive,1,FR,edge,0,0.05,31,0.4285051672775493,False,1.0779000003822148
1,balanced,progressive,1,FR,edge,1,0.1,117,0.2635900535394253,False,1.021600008243695
1,balanced,progressive,1,FR,edge,2,0.15,302,0.1839309049891105,False,1.0005999938584864
1,balanced,progressive,1,FR,edge,3,0.25,778,0.08419478726956348,True,0.9936000278685242
1,balanced,progressive,2,FR,node,0,0.05,737,0.0623268918838237,True,0.8900999964680523
1,balanced,progressive,2,FR,edge,0,0.05,31,0.4285051672775493,False,1.0157999931834638
1,balanced,progressive,2,FR,edge,1,0.1,117,0.2635900535394253,False,0.9619999909773469
1,balanced,progressive,2,FR,edge,2,0.15,302,0.1839309049891105,False,1.3289999915286899
1,balanced,progressive,2,FR,edge,3,0.25,778,0.08419478726956348,True,1.3313999806996435
1,balanced,progressive,3,DE,node,0,0.05,478,0.0773918566587555,True,0.6753999914508313
1,balanced,progressive,3,DE,edge,0,0.05,17,0.5786453261912371,False,1.0745000035967678
1,balanced,progressive,3,DE,edge,1,0.1,69,0.3432396131410348,False,0.8695999858900905
1,balanced,progressive,3,DE,edge,2,0.15,139,0.27111327238838384,False,0.8897999941837043
1,balanced,progressive,3,DE,edge,3,0.25,371,0.12192367585397618,False,0.8940999978221953
1,balanced,progressive,3,DE,edge,4,0.35,725,0.11670312239799646,False,0.8734000148251653
1,balanced,progressive,3,DE,edge,5,0.5,1466,0.06489377564406074,True,0.8291999984066933
1,balanced,progressive,4,DE,node,0,0.05,478,0.0773918566587555,True,0.8467000152450055
1,balanced,progressive,4,DE,edge,0,0.05,17,0.5786453261912371,False,0.9586000232957304
1,balanced,progressive,4,DE,edge,1,0.1,69,0.3432396131410348,False,0.8695000142324716
1,balanced,progressive,4,DE,edge,2,0.15,139,0.27111327238838384,False,1.1097000096924603
1,balanced,progressive,4,DE,edge,3,0.25,371,0.12192367585397618,False,0.8821999945212156
1,balanced,progressive,4,DE,edge,4,0.35,725,0.11670312239799646,False,0.9769999887794256
1,balanced,progressive,4,DE,edge,5,0.5,1466,0.06489377564406074,True,0.842099980218336
1,balanced,progressive,5,DE,node,0,0.05,478,0.0773918566587555,True,0.7431999838445336
1,balanced,progressive,5,DE,edge,0,0.05,17,0.5786453261912371,False,0.8680000028107315
1,balanced,progressive,5,DE,edge,1,0.1,69,0.3432396131410348,False,0.8136999967973679
1,balanced,progressive,5,DE,edge,2,0.15,139,0.27111327238838384,False,0.7717999978922307
1,balanced,progressive,5,DE,edge,3,0.25,371,0.12192367585397618,False,0.774099986301735
1,balanced,progressive,5,DE,edge,4,0.35,725,0.11670312239799646,False,0.7452999998349696
1,balanced,progressive,5,DE,edge,5,0.5,1466,0.06489377564406074,True,0.8087999885901809
1,balanced,progressive,6,FR,node,0,0.05,737,0.0623268918838237,True,0.7645000005140901
1,balanced,progressive,6,FR,edge,0,0.05,31,0.4285051672775493,False,1.18530000327155
1,balanced,progressive,6,FR,edge,1,0.1,117,0.2635900535394253,False,1.2174999865237623
1,balanced,progressive,6,FR,edge,2,0.15,302,0.1839309049891105,False,1.0655000223778188
1,balanced,progressive,6,FR,edge,3,0.25,778,0.08419478726956348,True,1.036400004522875
1,balanced,progressive,7,FR,node,0,0.05,737,0.0623268918838237,True,0.8068000024650246
1,balanced,progressive,7,FR,edge,0,0.05,31,0.4285051672775493,False,1.2729000009130687
1,balanced,progressive,7,FR,edge,1,0.1,117,0.2635900535394253,False,1.0488000116311014
1,balanced,progressive,7,FR,edge,2,0.15,302,0.1839309049891105,False,0.9959999879356474
1,balanced,progressive,7,FR,edge,3,0.25,778,0.08419478726956348,True,1.0016000014729798
1,balanced,history_incremental,0,FR,node,0,1.0,14959,0.0,True,0.8533000072930008
1,balanced,history_incremental,0,FR,edge,0,1.0,13428,0.0,True,1.035799999954179
1,balanced,history_incremental,1,FR,node,0,1.0,14959,0.0,True,0.7401999901048839
1,balanced,history_incremental,1,FR,edge,0,1.0,13428,0.0,True,1.0831999825313687
1,balanced,history_incremental,2,FR,node,0,1.0,14959,0.0,True,0.7437999884132296
1,balanced,history_incremental,2,FR,edge,0,1.0,13428,0.0,True,0.9766999864950776
1,balanced,history_incremental,3,DE,node,0,1.0,9855,0.0,True,0.6716999923810363
1,balanced,history_incremental,3,DE,edge,0,1.0,5833,0.0,True,0.8493000059388578
1,balanced,history_incremental,4,DE,node,0,1.0,9855,0.0,True,0.7158000080380589
1,balanced,history_incremental,4,DE,edge,0,1.0,5833,0.0,True,0.8158999844454229
1,balanced,history_incremental,5,DE,node,0,1.0,9855,0.0,True,0.592199998209253
1,balanced,history_incremental,5,DE,edge,0,1.0,5833,0.0,True,0.7878000033088028
1,balanced,history_incremental,6,FR,node,0,0.75,11241,0.009732149532963464,True,0.7530000002589077
1,balanced,history_incremental,6,FR,edge,0,0.75,7535,0.026318622239723064,True,1.9019000174012035
1,balanced,history_incremental,7,FR,node,0,0.75,11241,0.009732149532963464,True,0.8518999966327101
1,balanced,history_incremental,7,FR,edge,0,0.75,7535,0.026318622239723064,True,1.8905999895650893
1,performance,history_incremental,0,FR,node,0,1.0,14959,0.0,True,0.8924999856390059
1,performance,history_incremental,0,FR,edge,0,1.0,13428,0.0,True,1.0574999905657023
1,performance,history_incremental,1,FR,node,0,1.0,14959,0.0,True,0.7750000222586095
1,performance,history_incremental,1,FR,edge,0,1.0,13428,0.0,True,0.9704999974928796
1,performance,history_incremental,2,FR,node,0,1.0,14959,0.0,True,0.8347999828401953
1,performance,history_incremental,2,FR,edge,0,1.0,13428,0.0,True,1.0125999979209155
1,performance,history_incremental,3,DE,node,0,1.0,9855,0.0,True,0.7168999873101711
1,performance,history_incremental,3,DE,edge,0,1.0,5833,0.0,True,0.870500021846965
1,performance,history_incremental,4,DE,node,0,1.0,9855,0.0,True,0.6119000026956201
1,performance,history_incremental,4,DE,edge,0,1.0,5833,0.0,True,0.8554999949410558
1,performance,history_incremental,5,DE,node,0,1.0,9855,0.0,True,0.596199999563396
1,performance,history_incremental,5,DE,edge,0,1.0,5833,0.0,True,0.8044999849516898
1,performance,history_incremental,6,FR,node,0,0.75,11241,0.009732149532963464,True,0.77039998723194
1,performance,history_incremental,6,FR,edge,0,0.75,7535,0.026318622239723064,True,1.7757000168785453
1,performance,history_incremental,7,FR,node,0,0.75,11241,0.009732149532963464,True,0.8832999737933278
1,performance,history_incremental,7,FR,edge,0,0.75,7535,0.026318622239723064,True,1.9084000086877495
1,performance,progressive,0,FR,node,0,0.05,737,0.0623268918838237,True,0.7659999828319997
1,performance,progressive,0,FR,edge,0,0.05,31,0.4285051672775493,False,1.0155999916605651
1,performance,progressive,0,FR,edge,1,0.1,117,0.2635900535394253,False,0.913099996978417
1,performance,progressive,0,FR,edge,2,0.15,302,0.1839309049891105,True,0.9191000135615468
1,performance,progressive,1,FR,node,0,0.05,737,0.0623268918838237,True,0.8057999948505312
1,performance,progressive,1,FR,edge,0,0.05,31,0.4285051672775493,False,1.0121999948751181
1,performance,progressive,1,FR,edge,1,0.1,117,0.2635900535394253,False,0.897999998414889
1,performance,progressive,1,FR,edge,2,0.15,302,0.1839309049891105,True,0.9247999987564981
1,performance,progressive,2,FR,node,0,0.05,737,0.0623268918838237,True,0.91559998691082
1,performance,progressive,2,FR,edge,0,0.05,31,0.4285051672775493,False,1.160199986770749
1,performance,progressive,2,FR,edge,1,0.1,117,0.2635900535394253,False,1.7296000150963664
1,performance,progressive,2,FR,edge,2,0.15,302,0.1839309049891105,True,1.0424999927636236
1,performance,progressive,3,DE,node,0,0.05,478,0.0773918566587555,True,0.7099000213202089
1,performance,progressive,3,DE,edge,0,0.05,17,0.5786453261912371,False,0.8999000128824264
1,performance,progressive,3,DE,edge,1,0.1,69,0.3432396131410348,False,0.7919000054243952
1,performance,progressive,3,DE,edge,2,0.15,139,0.27111327238838384,False,0.773499981733039
1,performance,progressive,3,DE,edge,3,0.25,371,0.12192367585397618,True,0.7671999919693917
1,performance,progressive,4,DE,node,0,0.05,478,0.0773918566587555,True,0.6013999809511006
1,performance,progressive,4,DE,edge,0,0.05,17,0.5786453261912371,False,0.9798000101000071
1,performance,progressive,4,DE,edge,1,0.1,69,0.3432396131410348,False,0.826000003144145
1,performance,progressive,4,DE,edge,2,0.15,139,0.27111327238838384,False,0.8208999934140593
1,performance,progressive,4,DE,edge,3,0.25,371,0.12192367585397618,True,0.8237999863922596
1,performance,progressive,5,DE,node,0,0.05,478,0.0773918566587555,True,0.7815999852027744
1,performance,progressive,5,DE,edge,0,0.05,17,0.5786453261912371,False,1.113900012569502
1,performance,progressive,5,DE,edge,1,0.1,69,0.3432396131410348,False,1.0268999903928488
1,performance,progressive,5,DE,edge,2,0.15,139,0.27111327238838384,False,0.8742999925743788
1,performance,progressive,5,DE,edge,3,0.25,371,0.12192367585397618,True,0.8399000216741115
1,performance,progressive,6,FR,node,0,0.05,737,0.0623268918838237,True,0.9015999967232347
1,performance,progressive,6,FR,edge,0,0.05,31,0.4285051672775493,False,1.1020000092685223
1,performance,progressive,6,FR,edge,1,0.1,117,0.2635900535394253,False,1.0788000072352588
1,performance,progressive,6,FR,edge,2,0.15,302,0.1839309049891105,True,0.9404000011272728
1,performance,progressive,7,FR,node,0,0.05,737,0.0623268918838237,True,0.7846999797038734
1,performance,progressive,7,FR,edge,0,0.05,31,0.4285051672775493,False,1.0086999973282218
1,performance,progressive,7,FR,edge,1,0.1,117,0.2635900535394253,False,0.9561000042594969
1,performance,progressive,7,FR,edge,2,0.15,302,0.1839309049891105,True,0.9075000125449151
