epoch,mode,request,kind,step,fidelity,bound,accepted,count,query_ms
0,adaptive,0,node,0,0.75,0.03430244540336578,True,1634,6.723299971781671
0,adaptive,0,edge,0,1.0,0.0,True,1098,16.610599996056408
0,adaptive,1,node,0,0.5,0.0803582069307063,True,1274,5.726599949412048
0,adaptive,1,edge,0,1.0,0.0,True,1330,15.535700018517673
0,adaptive,2,node,0,0.25,0.07231829388746086,True,1138,4.844099981710315
0,adaptive,2,edge,0,0.75,0.06154280439893801,True,2127,18.456800025887787
0,adaptive,3,node,0,0.75,0.049969585306653304,True,770,6.974399962928146
0,adaptive,3,edge,0,1.0,0.0,True,647,7.647800026461482
0,adaptive,4,node,0,0.5,0.10652362775300853,False,725,5.790300027001649
0,adaptive,4,node,1,0.75,0.0423105788738488,True,1074,12.078500003553927
0,adaptive,4,edge,0,1.0,0.0,True,698,12.813300010748208
0,adaptive,5,node,0,0.25,0.09432053250370612,True,669,4.741600016131997
0,adaptive,5,edge,0,0.75,0.09978994116121236,True,809,11.013899988029152
0,adaptive,6,node,0,0.75,0.030602480733354618,True,2053,5.533599993214011
0,adaptive,6,edge,0,1.0,0.0,True,1558,20.778800011612475
0,adaptive,7,node,0,0.5,0.09646923155243556,True,884,6.250099977478385
0,adaptive,7,edge,0,1.0,0.0,True,1320,11.359700001776218
0,adaptive,8,node,0,0.25,0.09035569665206274,True,729,5.326199985574931
0,adaptive,8,edge,0,0.75,0.07800402894921887,True,1324,13.277399993967265
0,adaptive,9,node,0,0.75,0.04914672398565395,True,796,5.671399994753301
0,adaptive,9,edge,0,1.0,0.0,True,444,10.2201999980025
0,adaptive,10,node,0,0.5,0.10480307919084877,False,749,5.077899957541376
0,adaptive,10,node,1,0.75,0.04235002930561148,True,1072,5.270299967378378
0,adaptive,10,edge,0,1.0,0.0,True,675,10.998399986419827
0,adaptive,11,node,0,0.25,0.10165015873357057,True,576,6.602399982511997
0,adaptive,11,edge,0,0.75,0.09327291163053728,True,926,13.092700042761862
0,adaptive,12,node,0,0.75,0.03819384688647534,True,1318,7.173200021497905
0,adaptive,12,edge,0,1.0,0.0,True,1225,11.371999979019165
0,adaptive,13,node,0,0.5,0.10652362775300853,False,725,4.989100038073957
0,adaptive,13,node,1,0.75,0.04248897985712427,True,1065,5.420800007414073
0,adaptive,13,edge,0,1.0,0.0,True,693,10.836999979801476
0,adaptive,14,node,0,0.25,0.08774645017637171,True,773,4.817500011995435
0,adaptive,14,edge,0,0.75,0.07676738906579364,True,1367,14.31830000365153
0,adaptive,15,node,0,0.75,0.03217697077076286,True,1857,5.87009999435395
0,adaptive,15,edge,0,1.0,0.0,True,1334,15.84720000391826
0,adaptive,16,node,0,0.5,0.13704963912986767,False,438,6.1437999829649925
0,adaptive,16,node,1,0.75,0.053212813367509076,True,679,6.882499961648136
0,adaptive,16,edge,0,1.0,0.0,True,557,7.854500028770417
0,adaptive,17,node,0,0.25,0.12682896280022177,True,370,4.586299997754395
0,adaptive,17,edge,0,0.75,0.14017452690180338,True,410,9.219400002621114
0,adaptive,18,node,0,0.75,0.053095647397746804,False,682,6.57829997362569
0,adaptive,18,node,1,1.0,0.0,True,906,6.082899984903634
0,adaptive,18,edge,0,1.0,0.0,True,385,8.14440002432093
0,adaptive,19,node,0,0.5,0.0602140312510266,True,2269,5.669399979524314
0,adaptive,19,edge,0,1.0,0.0,True,3738,24.16189998621121
0,adaptive,20,node,0,0.25,0.09390039441279226,True,675,4.316799982916564
0,adaptive,20,edge,0,0.75,0.10066476013509196,True,795,11.363000026904047
0,adaptive,21,node,0,0.75,0.029323459663373568,True,2236,6.9608999765478075
0,adaptive,21,edge,0,1.0,0.0,True,2315,17.084099992644042
0,adaptive,22,node,0,0.5,0.08086761429482492,True,1258,6.0810999711975455
0,adaptive,22,edge,0,1.0,0.0,True,2025,14.570800005458295
0,adaptive,23,node,0,0.25,0.15460360958190292,True,249,4.718200012575835
0,adaptive,23,edge,0,0.75,0.1791530336590476,True,251,8.200300042517483
0,adaptive,24,node,0,0.75,0.0346433476463309,True,1602,6.029599986504763
0,adaptive,24,edge,0,1.0,0.0,True,1159,14.828899991698563
0,adaptive,25,node,0,0.5,0.09539612551792935,True,904,5.92779996804893
0,adaptive,25,edge,0,1.0,0.0,True,1306,11.570199974812567
0,adaptive,26,node,0,0.25,0.12152532180908032,True,403,5.443900008685887
0,adaptive,26,edge,0,0.75,0.11597052311550902,True,599,10.906399984378368
0,adaptive,27,node,0,0.75,0.0313360869885604,True,1958,5.542300001252443
0,adaptive,27,edge,0,1.0,0.0,True,1361,18.926299992017448
0,adaptive,28,node,0,0.5,0.10140747242255256,False,800,5.451000004541129
0,adaptive,28,node,1,0.75,0.040027686052942935,True,1200,6.255200016312301
0,adaptive,28,edge,0,1.0,0.0,True,1153,11.132500017993152
0,adaptive,29,node,0,0.25,0.07426917172185779,True,1079,5.177199956960976
0,adaptive,29,edge,0,0.75,0.06202584487966986,True,2094,26.737699983641505
0,adaptive,30,node,0,0.75,0.03647683799300397,True,1445,9.676099987700582
0,adaptive,30,edge,0,1.0,0.0,True,973,24.609200016129762
0,adaptive,31,node,0,0.5,0.1591011325251439,False,325,7.4971000431105494
0,adaptive,31,node,1,0.75,0.06264019021694792,True,490,5.745099973864853
0,adaptive,31,edge,0,1.0,0.0,True,221,8.134400006383657
0,adaptive,32,node,0,0.25,0.07638695830994778,True,1020,6.218799971975386
0,adaptive,32,edge,0,0.75,0.06544351683055467,True,1881,20.79129999037832
0,adaptive,33,node,0,0.75,0.027826766776183166,True,2483,7.527699985075742
0,adaptive,33,edge,0,1.0,0.0,True,2707,19.241000001784414
0,adaptive,34,node,0,0.5,0.07574262911376904,True,1434,5.8997999876737595
0,adaptive,34,edge,0,1.0,0.0,True,2187,17.29019999038428
0,adaptive,35,node,0,0.25,0.1445096578796739,True,285,4.616999998688698
0,adaptive,35,edge,0,0.75,0.1644193380172301,True,298,7.835900003556162
0,adaptive,36,node,0,0.75,0.03235165702059143,True,1837,5.723699985537678
0,adaptive,36,edge,0,1.0,0.0,True,1289,14.917700027581304
0,adaptive,37,node,0,0.5,0.07633041141744382,True,1412,5.167299997992814
0,adaptive,37,edge,0,1.0,0.0,True,2267,18.4235000051558
0,adaptive,38,node,0,0.25,0.09207691220093973,True,702,7.071800006087869
0,adaptive,38,edge,0,0.75,0.09804806293507916,True,838,11.729400022886693
0,adaptive,39,node,0,0.75,0.029939011673761996,True,2145,7.137799984775484
0,adaptive,39,edge,0,1.0,0.0,True,1550,18.465499975718558
0,cost_guard,0,node,0,0.75,0.03430244540336578,True,1634,7.509100018069148
0,cost_guard,0,edge,0,1.0,0.0,True,1098,15.03390003927052
0,cost_guard,1,node,0,0.5,0.0803582069307063,True,1274,6.242999981623143
0,cost_guard,1,edge,0,1.0,0.0,True,1330,15.345300023909658
0,cost_guard,2,node,0,0.25,0.07231829388746086,True,1138,4.940700018778443
0,cost_guard,2,edge,0,0.75,0.06154280439893801,True,2127,16.70680003007874
0,cost_guard,3,node,0,0.75,0.049969585306653304,True,770,7.262300001457334
0,cost_guard,3,edge,0,1.0,0.0,True,647,7.429200049955398
0,cost_guard,4,node,0,0.5,0.10652362775300853,False,725,6.457899988163263
0,cost_guard,4,node,1,0.75,0.0423105788738488,True,1074,5.022199999075383
0,cost_guard,4,edge,0,1.0,0.0,True,698,10.70770004298538
0,cost_guard,5,node,0,0.25,0.09432053250370612,True,669,4.642100015189499
0,cost_guard,5,edge,0,0.75,0.09978994116121236,True,809,11.143800045829266
0,cost_guard,6,node,0,0.75,0.030602480733354618,True,2053,5.321000004187226
0,cost_guard,6,edge,0,1.0,0.0,True,1558,17.99109997227788
0,cost_guard,7,node,0,0.5,0.09646923155243556,True,884,5.267200001981109
0,cost_guard,7,edge,0,1.0,0.0,True,1320,11.796699953265488
0,cost_guard,8,node,0,0.25,0.09035569665206274,True,729,4.6242999960668385
0,cost_guard,8,edge,0,0.75,0.07800402894921887,True,1324,12.978600047063082
0,cost_guard,9,node,0,0.75,0.04914672398565395,True,796,5.768300034105778
0,cost_guard,9,edge,0,1.0,0.0,True,444,8.863200026098639
0,cost_guard,10,node,0,0.5,0.10480307919084877,False,749,5.183699948247522
0,cost_guard,10,node,1,0.75,0.04235002930561148,True,1072,5.710699944756925
0,cost_guard,10,edge,0,1.0,0.0,True,675,11.51370001025498
0,cost_guard,11,node,0,0.25,0.10165015873357057,True,576,4.7506000264547765
0,cost_guard,11,edge,0,0.75,0.09327291163053728,True,926,13.504599977750331
0,cost_guard,12,node,0,0.75,0.03819384688647534,True,1318,7.322499994188547
0,cost_guard,12,edge,0,1.0,0.0,True,1225,11.434699990786612
0,cost_guard,13,node,0,0.5,0.10652362775300853,False,725,5.032800021581352
0,cost_guard,13,node,1,0.75,0.04248897985712427,True,1065,4.762800002936274
0,cost_guard,13,edge,0,1.0,0.0,True,693,10.042700043413788
0,cost_guard,14,node,0,0.25,0.08774645017637171,True,773,4.790800041519105
0,cost_guard,14,edge,0,0.75,0.07676738906579364,True,1367,13.238499988801777
0,cost_guard,15,node,0,0.75,0.03217697077076286,True,1857,5.636799964122474
0,cost_guard,15,edge,0,1.0,0.0,True,1334,15.405799960717559
0,cost_guard,16,node,0,0.5,0.13704963912986767,False,438,5.387799988966435
0,cost_guard,16,node,1,0.75,0.053212813367509076,True,679,6.284800008870661
0,cost_guard,16,edge,0,1.0,0.0,True,557,6.767700018826872
0,cost_guard,17,node,0,0.25,0.12682896280022177,True,370,5.118799977935851
0,cost_guard,17,edge,0,0.75,0.14017452690180338,True,410,8.439400000497699
0,cost_guard,18,node,0,0.75,0.053095647397746804,False,682,5.467900016810745
0,cost_guard,18,node,1,1.0,0.0,True,906,5.026599974371493
0,cost_guard,18,edge,0,1.0,0.0,True,385,7.617200026288629
0,cost_guard,19,node,0,0.5,0.0602140312510266,True,2269,5.46570000005886
0,cost_guard,19,edge,0,1.0,0.0,True,3738,22.17499999096617
0,cost_guard,20,node,0,0.25,0.09390039441279226,True,675,4.831099999137223
0,cost_guard,20,edge,0,0.75,0.10066476013509196,True,795,13.083500030916184
0,cost_guard,21,node,0,0.75,0.029323459663373568,True,2236,6.590000004507601
0,cost_guard,21,edge,0,1.0,0.0,True,2315,15.698399976827204
0,cost_guard,22,node,0,0.5,0.08086761429482492,True,1258,5.999999993946403
0,cost_guard,22,edge,0,1.0,0.0,True,2025,14.025400043465197
0,cost_guard,23,node,0,0.25,0.15460360958190292,True,249,4.401699989102781
0,cost_guard,23,edge,0,0.75,0.1791530336590476,True,251,8.404400025028735
0,cost_guard,24,node,0,0.75,0.0346433476463309,True,1602,5.296899995300919
0,cost_guard,24,edge,0,1.0,0.0,True,1159,13.796999992337078
0,cost_guard,25,node,0,0.5,0.09539612551792935,True,904,6.486199970822781
0,cost_guard,25,edge,0,1.0,0.0,True,1306,10.83479996304959
0,cost_guard,26,node,0,0.25,0.12152532180908032,True,403,4.532899998594075
0,cost_guard,26,edge,0,0.75,0.11597052311550902,True,599,11.209200019948184
0,cost_guard,27,node,0,0.75,0.0313360869885604,True,1958,5.868299980647862
0,cost_guard,27,edge,0,1.0,0.0,True,1361,16.024600015953183
0,cost_guard,28,node,0,0.5,0.10140747242255256,False,800,5.350999999791384
0,cost_guard,28,node,1,0.75,0.040027686052942935,True,1200,6.516700028441846
0,cost_guard,28,edge,0,1.0,0.0,True,1153,12.099100043997169
0,cost_guard,29,node,0,0.25,0.07426917172185779,True,1079,4.619900020770729
0,cost_guard,29,edge,0,0.75,0.06202584487966986,True,2094,16.778799996245652
0,cost_guard,30,node,0,0.75,0.03647683799300397,True,1445,6.119499972555786
0,cost_guard,30,edge,0,1.0,0.0,True,973,13.002199993934482
0,cost_guard,31,node,0,0.5,0.1591011325251439,False,325,6.565499992575496
0,cost_guard,31,node,1,0.75,0.06264019021694792,True,490,5.637799971736968
0,cost_guard,31,edge,0,1.0,0.0,True,221,6.134699971880764
0,cost_guard,32,node,0,0.25,0.07638695830994778,True,1020,4.586900002323091
0,cost_guard,32,edge,0,0.75,0.06544351683055467,True,1881,15.55250003002584
0,cost_guard,33,node,0,0.75,0.027826766776183166,True,2483,6.366599991451949
0,cost_guard,33,edge,0,1.0,0.0,True,2707,17.206899996381253
0,cost_guard,34,node,0,0.5,0.07574262911376904,True,1434,5.8753000339493155
0,cost_guard,34,edge,0,1.0,0.0,True,2187,15.517100051511079
0,cost_guard,35,node,0,0.25,0.1445096578796739,True,285,4.201899981126189
0,cost_guard,35,edge,0,0.75,0.1644193380172301,True,298,8.87779996264726
0,cost_guard,36,node,0,0.75,0.03235165702059143,True,1837,5.333499982953072
0,cost_guard,36,edge,0,1.0,0.0,True,1289,17.80600001802668
0,cost_guard,37,node,0,0.5,0.07633041141744382,True,1412,6.7891000071540475
0,cost_guard,37,edge,0,1.0,0.0,True,2267,19.06389999203384
0,cost_guard,38,node,0,0.25,0.09207691220093973,True,702,4.579800006467849
0,cost_guard,38,edge,0,0.75,0.09804806293507916,True,838,12.436999997589737
0,cost_guard,39,node,0,0.75,0.029939011673761996,True,2145,6.140600016806275
0,cost_guard,39,edge,0,1.0,0.0,True,1550,18.439200008288026
1,adaptive,0,node,0,0.75,0.04508224549982047,True,946,7.902299985289574
1,adaptive,0,edge,0,1.0,0.0,True,539,10.305200004950166
1,adaptive,1,node,0,0.5,0.09345219363518345,True,942,6.939099985174835
1,adaptive,1,edge,0,1.0,0.0,True,1315,12.136999983340502
1,adaptive,2,node,0,0.25,0.11437039065682497,True,455,4.681199963670224
1,adaptive,2,edge,0,0.75,0.12783140659766173,True,493,10.220800002571195
1,adaptive,3,node,0,0.75,0.03132808798728431,True,1959,5.637100024614483
1,adaptive,3,edge,0,1.0,0.0,True,1371,17.749999999068677
1,adaptive,4,node,0,0.5,0.07491140911701455,True,1466,6.329100055154413
1,adaptive,4,edge,0,1.0,0.0,True,2427,16.537300019990653
1,adaptive,5,node,0,0.25,0.13096479439644976,True,347,4.8328000120818615
1,adaptive,5,edge,0,0.75,0.143356699557817,True,392,9.335900016594678
1,adaptive,6,node,0,0.75,0.04099568010782486,True,1144,5.346000019926578
1,adaptive,6,edge,0,1.0,0.0,True,708,12.073300022166222
1,adaptive,7,node,0,0.5,0.0854004977111527,True,1128,5.733199999667704
1,adaptive,7,edge,0,1.0,0.0,True,1181,14.770599955227226
1,adaptive,8,node,0,0.25,0.11697004968698663,True,435,5.154700018465519
1,adaptive,8,edge,0,0.75,0.09723916703956467,True,852,11.322899954393506
1,adaptive,9,node,0,0.75,0.0389089263780506,True,1270,5.573000002186745
1,adaptive,9,edge,0,1.0,0.0,True,809,13.460699992720038
1,adaptive,10,node,0,0.5,0.08491259810435306,True,1141,5.345100013073534
1,adaptive,10,edge,0,1.0,0.0,True,1149,15.087999985553324
1,adaptive,11,node,0,0.25,0.14476385272499434,True,284,4.90559998434037
1,adaptive,11,edge,0,0.75,0.1724155301690242,True,271,8.408699999563396
1,adaptive,12,node,0,0.75,0.032133739566542405,True,1862,5.754100042395294
1,adaptive,12,edge,0,1.0,0.0,True,1302,18.335400032810867
1,adaptive,13,node,0,0.5,0.12688331057300628,False,511,6.2673999927937984
1,adaptive,13,node,1,0.75,0.04942694197773196,True,787,5.986200005281717
1,adaptive,13,edge,0,1.0,0.0,True,736,8.171499997843057
1,adaptive,14,node,0,0.25,0.09568913408165176,True,650,4.373300005681813
1,adaptive,14,edge,0,0.75,0.10364071385820794,True,750,11.089399980846792
1,adaptive,15,node,0,0.75,0.026794510133650477,True,2678,9.994700027164072
1,adaptive,15,edge,0,1.0,0.0,True,2960,23.032700002659112
1,adaptive,16,node,0,0.5,0.0641357169231958,True,2000,5.63610001699999
1,adaptive,16,edge,0,1.0,0.0,True,3330,21.513900021091104
1,adaptive,17,node,0,0.25,0.08275789101082731,True,869,4.556800005957484
1,adaptive,17,edge,0,0.75,0.06794590877782299,True,1745,16.172900039236993
1,adaptive,18,node,0,0.75,0.024768608681921305,True,3134,6.11449999269098
1,adaptive,18,edge,0,1.0,0.0,True,3401,24.509800015948713
1,adaptive,19,node,0,0.5,0.09791997809510188,True,858,6.018000014591962
1,adaptive,19,edge,0,1.0,0.0,True,1267,10.91810001526028
1,adaptive,20,node,0,0.25,0.10719003753341219,True,518,4.672600014600903
1,adaptive,20,edge,0,0.75,0.11529878088068815,True,606,10.10299997869879
1,adaptive,21,node,0,0.75,0.03528803372843832,True,1544,5.912899971008301
1,adaptive,21,edge,0,1.0,0.0,True,1044,17.418299976270646
1,adaptive,22,node,0,0.5,0.1598405685732366,False,322,5.230300012044609
1,adaptive,22,node,1,0.75,0.06430202225792947,True,465,5.938999995123595
1,adaptive,22,edge,0,1.0,0.0,True,269,7.0683000376448035
1,adaptive,23,node,0,0.25,0.09517800952676696,True,657,4.806399985682219
1,adaptive,23,edge,0,0.75,0.08119427801859996,True,1222,17.173999978695065
1,adaptive,24,node,0,0.75,0.02496858454740203,True,3084,7.088699960149825
1,adaptive,24,edge,0,1.0,0.0,True,3368,24.657599977217615
1,adaptive,25,node,0,0.5,0.0868365531178131,True,1091,6.321699998807162
1,adaptive,25,edge,0,1.0,0.0,True,1678,14.210299996193498
1,adaptive,26,node,0,0.25,0.15247523810035585,True,256,4.741000011563301
1,adaptive,26,edge,0,0.75,0.180964536084396,True,246,9.934800036717206
1,adaptive,27,node,0,0.75,0.03606732147740531,True,1478,6.218600028660148
1,adaptive,27,edge,0,1.0,0.0,True,1046,12.915500032249838
1,adaptive,28,node,0,0.5,0.06348826358613119,True,2041,6.821799965109676
1,adaptive,28,edge,0,1.0,0.0,True,3447,23.093399999197572
1,adaptive,29,node,0,0.25,0.11411985280794595,True,457,4.987600026652217
1,adaptive,29,edge,0,0.75,0.1273159552780743,True,497,10.430200025439262
1,adaptive,30,node,0,0.75,0.03155440322640239,True,1931,6.629299954511225
1,adaptive,30,edge,0,1.0,0.0,True,2042,18.657199980225414
1,adaptive,31,node,0,0.5,0.10771888118242821,False,709,6.317000021226704
1,adaptive,31,node,1,0.75,0.043267906851321106,True,1027,6.530500017106533
1,adaptive,31,edge,0,1.0,0.0,True,887,10.586499993223697
1,adaptive,32,node,0,0.25,0.11989998597706755,True,414,5.140300025232136
1,adaptive,32,edge,0,0.75,0.1323372517864474,True,460,11.468700016848743
1,adaptive,33,node,0,0.75,0.047365344120901605,True,857,7.614400004968047
1,adaptive,33,edge,0,1.0,0.0,True,723,9.352699969895184
1,adaptive,34,node,0,0.5,0.09861200068492405,True,846,5.026700033340603
1,adaptive,34,edge,0,1.0,0.0,True,803,13.209500000812113
1,adaptive,35,node,0,0.25,0.11009777868499385,True,491,5.047600017860532
1,adaptive,35,edge,0,0.75,0.1171499147067886,True,587,12.5730000436306
1,adaptive,36,node,0,0.75,0.03627655185062123,True,1461,6.561099959071726
1,adaptive,36,edge,0,1.0,0.0,True,1023,13.948399981018156
1,adaptive,37,node,0,0.5,0.09345219363518345,True,942,6.529300007969141
1,adaptive,37,edge,0,1.0,0.0,True,1477,12.899699970148504
1,adaptive,38,node,0,0.25,0.09704222906173353,True,632,5.376899964176118
1,adaptive,38,edge,0,0.75,0.10505085641699506,True,730,13.134900014847517
1,adaptive,39,node,0,0.75,0.0300020191338584,True,2136,7.028899970464408
1,adaptive,39,edge,0,1.0,0.0,True,2254,16.595900000538677
1,cost_guard,0,node,0,0.75,0.04508224549982047,True,946,6.140000012237579
1,cost_guard,0,edge,0,1.0,0.0,True,539,10.54889999795705
1,cost_guard,1,node,0,0.5,0.09345219363518345,True,942,5.960899987258017
1,cost_guard,1,edge,0,1.0,0.0,True,1315,13.727799989283085
1,cost_guard,2,node,0,0.25,0.11437039065682497,True,455,4.988900036551058
1,cost_guard,2,edge,0,0.75,0.12783140659766173,True,493,10.25280001340434
1,cost_guard,3,node,0,0.75,0.03132808798728431,True,1959,6.002400012221187
1,cost_guard,3,edge,0,1.0,0.0,True,1371,17.894399992655963
1,cost_guard,4,node,0,0.5,0.07491140911701455,True,1466,6.058900034986436
1,cost_guard,4,edge,0,1.0,0.0,True,2427,19.51429998734966
1,cost_guard,5,node,0,0.25,0.13096479439644976,True,347,5.27600001078099
1,cost_guard,5,edge,0,0.75,0.143356699557817,True,392,9.979900030884892
1,cost_guard,6,node,0,0.75,0.04099568010782486,True,1144,6.192700006067753
1,cost_guard,6,edge,0,1.0,0.0,True,708,15.464199997950345
1,cost_guard,7,node,0,0.5,0.0854004977111527,True,1128,5.338000017218292
1,cost_guard,7,edge,0,1.0,0.0,True,1181,18.203400017227978
1,cost_guard,8,node,0,0.25,0.11697004968698663,True,435,5.202399974223226
1,cost_guard,8,edge,0,0.75,0.09723916703956467,True,852,12.05570000456646
1,cost_guard,9,node,0,0.75,0.0389089263780506,True,1270,5.882399971596897
1,cost_guard,9,edge,0,1.0,0.0,True,809,14.063199982047081
1,cost_guard,10,node,0,0.5,0.08491259810435306,True,1141,5.468399962410331
1,cost_guard,10,edge,0,1.0,0.0,True,1149,14.941599976737052
1,cost_guard,11,node,0,0.25,0.14476385272499434,True,284,4.861599998548627
1,cost_guard,11,edge,0,0.75,0.1724155301690242,True,271,8.679700025822967
1,cost_guard,12,node,0,0.75,0.032133739566542405,True,1862,5.848000000696629
1,cost_guard,12,edge,0,1.0,0.0,True,1302,16.96719997562468
1,cost_guard,13,node,0,0.5,0.12688331057300628,False,511,5.662100040353835
1,cost_guard,13,node,1,0.75,0.04942694197773196,True,787,6.446000013966113
1,cost_guard,13,edge,0,1.0,0.0,True,736,8.148199995048344
1,cost_guard,14,node,0,0.25,0.09568913408165176,True,650,4.530199978034943
1,cost_guard,14,edge,0,0.75,0.10364071385820794,True,750,11.493799975141883
1,cost_guard,15,node,0,0.75,0.026794510133650477,True,2678,6.874900020193309
1,cost_guard,15,edge,0,1.0,0.0,True,2960,19.124200043734163
1,cost_guard,16,node,0,0.5,0.0641357169231958,True,2000,5.829400033690035
1,cost_guard,16,edge,0,1.0,0.0,True,3330,21.626000001560897
1,cost_guard,17,node,0,0.25,0.08275789101082731,True,869,4.351300012785941
1,cost_guard,17,edge,0,0.75,0.06794590877782299,True,1745,15.242499997839332
1,cost_guard,18,node,0,0.75,0.024768608681921305,True,3134,6.369900016579777
1,cost_guard,18,edge,0,1.0,0.0,True,3401,21.21779997833073
1,cost_guard,19,node,0,0.5,0.09791997809510188,True,858,5.609799991361797
1,cost_guard,19,edge,0,1.0,0.0,True,1267,10.496100003365427
1,cost_guard,20,node,0,0.25,0.10719003753341219,True,518,4.713099973741919
1,cost_guard,20,edge,0,0.75,0.11529878088068815,True,606,9.32970002759248
1,cost_guard,21,node,0,0.75,0.03528803372843832,True,1544,5.2693000179715455
1,cost_guard,21,edge,0,1.0,0.0,True,1044,14.522999990731478
1,cost_guard,22,node,0,0.5,0.1598405685732366,False,322,5.249499983619899
1,cost_guard,22,node,1,0.75,0.06430202225792947,True,465,4.697999975178391
1,cost_guard,22,edge,0,1.0,0.0,True,269,6.6179000423289835
1,cost_guard,23,node,0,0.25,0.09517800952676696,True,657,4.50999999884516
1,cost_guard,23,edge,0,0.75,0.08119427801859996,True,1222,12.93750002514571
1,cost_guard,24,node,0,0.75,0.02496858454740203,True,3084,7.3847000021487474
1,cost_guard,24,edge,0,1.0,0.0,True,3368,21.669500041753054
1,cost_guard,25,node,0,0.5,0.0868365531178131,True,1091,5.393900035414845
1,cost_guard,25,edge,0,1.0,0.0,True,1678,13.634499977342784
1,cost_guard,26,node,0,0.25,0.15247523810035585,True,256,4.184599965810776
1,cost_guard,26,edge,0,0.75,0.180964536084396,True,246,8.697199984453619
1,cost_guard,27,node,0,0.75,0.03606732147740531,True,1478,5.094299966003746
1,cost_guard,27,edge,0,1.0,0.0,True,1046,13.448999961838126
1,cost_guard,28,node,0,0.5,0.06348826358613119,True,2041,6.647499976679683
1,cost_guard,28,edge,0,1.0,0.0,True,3447,20.76029998715967
1,cost_guard,29,node,0,0.25,0.11411985280794595,True,457,4.480100004002452
1,cost_guard,29,edge,0,0.75,0.1273159552780743,True,497,9.02589998440817
1,cost_guard,30,node,0,0.75,0.03155440322640239,True,1931,7.038299983832985
1,cost_guard,30,edge,0,1.0,0.0,True,2042,14.665999973658472
1,cost_guard,31,node,0,0.5,0.10771888118242821,False,709,5.17369998851791
1,cost_guard,31,node,1,0.75,0.043267906851321106,True,1027,6.001100002322346
1,cost_guard,31,edge,0,1.0,0.0,True,887,8.773199981078506
1,cost_guard,32,node,0,0.25,0.11989998597706755,True,414,4.1319000301882625
1,cost_guard,32,edge,0,0.75,0.1323372517864474,True,460,9.055999980773777
1,cost_guard,33,node,0,0.75,0.047365344120901605,True,857,6.7319999798201025
1,cost_guard,33,edge,0,1.0,0.0,True,723,8.675599994603544
1,cost_guard,34,node,0,0.5,0.09861200068492405,True,846,5.43889997061342
1,cost_guard,34,edge,0,1.0,0.0,True,803,11.00379996933043
1,cost_guard,35,node,0,0.25,0.11009777868499385,True,491,4.078999976627529
1,cost_guard,35,edge,0,0.75,0.1171499147067886,True,587,9.749300021212548
1,cost_guard,36,node,0,0.75,0.03627655185062123,True,1461,5.914999986998737
1,cost_guard,36,edge,0,1.0,0.0,True,1023,13.369399996008724
1,cost_guard,37,node,0,0.5,0.09345219363518345,True,942,5.508100031875074
1,cost_guard,37,edge,0,1.0,0.0,True,1477,12.503499980084598
1,cost_guard,38,node,0,0.25,0.09704222906173353,True,632,4.894500016234815
1,cost_guard,38,edge,0,0.75,0.10505085641699506,True,730,11.3742999965325
1,cost_guard,39,node,0,0.75,0.0300020191338584,True,2136,7.008599990513176
1,cost_guard,39,edge,0,1.0,0.0,True,2254,15.519200009293854
2,cost_guard,0,node,0,0.75,0.03305177395960797,True,1760,6.710399989970028
2,cost_guard,0,edge,0,1.0,0.0,True,1303,16.2710000295192
2,cost_guard,1,node,0,0.5,0.11293670018574278,False,645,6.552700011525303
2,cost_guard,1,node,1,0.75,0.0441807406981034,True,985,6.149499968159944
2,cost_guard,1,edge,0,1.0,0.0,True,1033,9.4202000182122
2,cost_guard,2,node,0,0.25,0.074441850801088,True,1074,4.716499999631196
2,cost_guard,2,edge,0,0.75,0.06385097851939478,True,1976,16.553400026168674
2,cost_guard,3,node,0,0.75,0.045201858990760194,True,941,6.476900016423315
2,cost_guard,3,edge,0,1.0,0.0,True,797,9.031700028572232
2,cost_guard,4,node,0,0.5,0.07161644673507604,True,1604,5.7960000121966
2,cost_guard,4,edge,0,1.0,0.0,True,2641,16.98789995862171
2,cost_guard,5,node,0,0.25,0.1332897947951947,True,335,4.3966000084765255
2,cost_guard,5,edge,0,0.75,0.1457945945190498,True,379,8.314700040500611
2,cost_guard,6,node,0,0.75,0.037421038799956466,True,1373,5.46870002290234
2,cost_guard,6,edge,0,1.0,0.0,True,1460,10.631599987391382
2,cost_guard,7,node,0,0.5,0.0958745710544015,True,895,4.873200028669089
2,cost_guard,7,edge,0,1.0,0.0,True,1356,10.854599997401237
2,cost_guard,8,node,0,0.25,0.10698370425733263,True,520,4.499899980146438
2,cost_guard,8,edge,0,0.75,0.09524771034099354,True,888,10.35339996451512
2,cost_guard,9,node,0,0.75,0.03439730562707183,True,1625,5.564399994909763
2,cost_guard,9,edge,0,1.0,0.0,True,1150,13.806300004944205
2,cost_guard,10,node,0,0.5,0.07933725273406167,True,1307,4.8386999987997115
2,cost_guard,10,edge,0,1.0,0.0,True,1471,16.187299974262714
2,cost_guard,11,node,0,0.25,0.09214256419658996,True,701,4.468799976166338
2,cost_guard,11,edge,0,0.75,0.09905797572095472,True,821,11.311099980957806
2,cost_guard,12,node,0,0.75,0.04561578176938786,True,924,4.67879994539544
2,cost_guard,12,edge,0,1.0,0.0,True,673,8.283100032713264
2,cost_guard,13,node,0,0.5,0.06344165528650314,True,2044,5.434599996078759
2,cost_guard,13,edge,0,1.0,0.0,True,3385,23.075100034475327
2,cost_guard,14,node,0,0.25,0.08427471520405087,True,838,4.926499968860298
2,cost_guard,14,edge,0,0.75,0.073163214332168,True,1505,13.929500011727214
2,cost_guard,15,node,0,0.75,0.031304127687039295,True,1962,5.920299969147891
2,cost_guard,15,edge,0,1.0,0.0,True,1451,15.651299967430532
2,cost_guard,16,node,0,0.5,0.06106778916337302,True,2206,5.3456000168807805
2,cost_guard,16,edge,0,1.0,0.0,True,3766,26.2617000262253
2,cost_guard,17,node,0,0.25,0.16373548691400633,True,222,4.341499996371567
2,cost_guard,17,edge,0,0.75,0.19402341337637727,True,214,6.918099999893457
2,cost_guard,18,node,0,0.75,0.03330825083243172,True,1733,6.579599983524531
2,cost_guard,18,edge,0,1.0,0.0,True,1836,12.347400013823062
2,cost_guard,19,node,0,0.5,0.06305720346554716,True,2069,5.190399999264628
2,cost_guard,19,edge,0,1.0,0.0,True,3557,20.15860000392422
2,cost_guard,20,node,0,0.25,0.0990204640610761,True,607,4.53959999140352
2,cost_guard,20,edge,0,0.75,0.10689723425078383,True,705,10.974899982102215
2,cost_guard,21,node,0,0.75,0.060286944307055036,False,529,5.125199968460947
2,cost_guard,21,node,1,1.0,0.0,True,741,4.618800012394786
2,cost_guard,21,edge,0,1.0,0.0,True,374,7.25250004325062
2,cost_guard,22,node,0,0.5,0.14147967080763238,False,411,4.966700042132288
2,cost_guard,22,node,1,0.75,0.05541967074601519,True,626,4.85369999660179
2,cost_guard,22,edge,0,1.0,0.0,True,383,7.406799995806068
2,cost_guard,23,node,0,0.25,0.12259470414520786,True,396,4.071299976203591
2,cost_guard,23,edge,0,0.75,0.1127240018553678,True,634,10.034700040705502
2,cost_guard,24,node,0,0.75,0.030647297668375074,True,2047,4.990899993572384
2,cost_guard,24,edge,0,1.0,0.0,True,1552,17.67700002528727
2,cost_guard,25,node,0,0.5,0.09746664242839179,True,866,4.727100022137165
2,cost_guard,25,edge,0,1.0,0.0,True,906,11.921800032723695
2,cost_guard,26,node,0,0.25,0.08814646862982894,True,766,4.489799961447716
2,cost_guard,26,edge,0,0.75,0.07791580570257384,True,1327,14.539700001478195
2,cost_guard,27,node,0,0.75,0.030722432122068682,True,2037,5.58860000455752
2,cost_guard,27,edge,0,1.0,0.0,True,1501,16.263000026810914
2,cost_guard,28,node,0,0.5,0.06253052627332749,True,2104,5.138700013048947
2,cost_guard,28,edge,0,1.0,0.0,True,3588,19.848500029183924
2,cost_guard,29,node,0,0.25,0.13230609282847522,True,340,4.188199993222952
2,cost_guard,29,edge,0,0.75,0.15043054480781998,True,356,9.174600010737777
2,cost_guard,30,node,0,0.75,0.032404620205332746,True,1831,4.975899995770305
2,cost_guard,30,edge,0,1.0,0.0,True,1370,15.22629999089986
2,cost_guard,31,node,0,0.5,0.09395220894113723,True,932,5.184800014831126
2,cost_guard,31,edge,0,1.0,0.0,True,1496,10.707699984777719
2,cost_guard,32,node,0,0.25,0.1264875652420713,True,372,4.3676000204868615
2,cost_guard,32,edge,0,0.75,0.1485643458838231,True,365,8.579100016504526
2,cost_guard,33,node,0,0.75,0.03168594898998785,True,1915,6.232400017324835
2,cost_guard,33,edge,0,1.0,0.0,True,1388,17.084799997974187
2,cost_guard,34,node,0,0.5,0.08727765597189645,True,1080,5.14560000738129
2,cost_guard,34,edge,0,1.0,0.0,True,1144,13.603099971078336
2,cost_guard,35,node,0,0.25,0.09348582111030297,True,681,4.66109998524189
2,cost_guard,35,edge,0,0.75,0.10123944469077602,True,786,10.476000024937093
2,cost_guard,36,node,0,0.75,0.03386991453080914,True,1676,5.705500021576881
2,cost_guard,36,edge,0,1.0,0.0,True,1206,14.408899995032698
2,cost_guard,37,node,0,0.5,0.11015395749484767,False,678,5.0938999629579484
2,cost_guard,37,node,1,0.75,0.044203184560713385,True,984,5.441499990411103
2,cost_guard,37,edge,0,1.0,0.0,True,632,10.331999976187944
2,cost_guard,38,node,0,0.25,0.14765153943770648,True,273,4.810799960978329
2,cost_guard,38,edge,0,0.75,0.13915998140611405,True,416,9.375699970405549
2,cost_guard,39,node,0,0.75,0.03838361301152896,True,1305,5.713899969123304
2,cost_guard,39,edge,0,1.0,0.0,True,903,13.258599967230111
2,adaptive,0,node,0,0.75,0.03305177395960797,True,1760,6.295599974691868
2,adaptive,0,edge,0,1.0,0.0,True,1303,15.352100017480552
2,adaptive,1,node,0,0.5,0.11293670018574278,False,645,5.58709999313578
2,adaptive,1,node,1,0.75,0.0441807406981034,True,985,5.7289000251330435
2,adaptive,1,edge,0,1.0,0.0,True,1033,9.284100029617548
2,adaptive,2,node,0,0.25,0.074441850801088,True,1074,5.063600023277104
2,adaptive,2,edge,0,0.75,0.06385097851939478,True,1976,16.673600010108203
2,adaptive,3,node,0,0.75,0.045201858990760194,True,941,5.879100004676729
2,adaptive,3,edge,0,1.0,0.0,True,797,8.957000041846186
2,adaptive,4,node,0,0.5,0.07161644673507604,True,1604,5.182900000363588
2,adaptive,4,edge,0,1.0,0.0,True,2641,17.04910001717508
2,adaptive,5,node,0,0.25,0.1332897947951947,True,335,4.384000028949231
2,adaptive,5,edge,0,0.75,0.1457945945190498,True,379,8.097500016447157
2,adaptive,6,node,0,0.75,0.037421038799956466,True,1373,6.599000014830381
2,adaptive,6,edge,0,1.0,0.0,True,1460,11.297100048977882
2,adaptive,7,node,0,0.5,0.0958745710544015,True,895,5.023100005928427
2,adaptive,7,edge,0,1.0,0.0,True,1356,12.873999949079007
2,adaptive,8,node,0,0.25,0.10698370425733263,True,520,4.922499996609986
2,adaptive,8,edge,0,0.75,0.09524771034099354,True,888,11.306100001093
2,adaptive,9,node,0,0.75,0.03439730562707183,True,1625,5.281699995975941
2,adaptive,9,edge,0,1.0,0.0,True,1150,13.807700015604496
2,adaptive,10,node,0,0.5,0.07933725273406167,True,1307,4.625700006727129
2,adaptive,10,edge,0,1.0,0.0,True,1471,16.00740000139922
2,adaptive,11,node,0,0.25,0.09214256419658996,True,701,4.178500035777688
2,adaptive,11,edge,0,0.75,0.09905797572095472,True,821,11.606300016865134
2,adaptive,12,node,0,0.75,0.04561578176938786,True,924,5.229800008237362
2,adaptive,12,edge,0,1.0,0.0,True,673,9.463399997912347
2,adaptive,13,node,0,0.5,0.06344165528650314,True,2044,4.976500000339001
2,adaptive,13,edge,0,1.0,0.0,True,3385,23.68799998657778
2,adaptive,14,node,0,0.25,0.08427471520405087,True,838,4.99149999814108
2,adaptive,14,edge,0,0.75,0.073163214332168,True,1505,13.711899984627962
2,adaptive,15,node,0,0.75,0.031304127687039295,True,1962,5.452899960801005
2,adaptive,15,edge,0,1.0,0.0,True,1451,16.834800015203655
2,adaptive,16,node,0,0.5,0.06106778916337302,True,2206,5.553999973926693
2,adaptive,16,edge,0,1.0,0.0,True,3766,21.36909996625036
2,adaptive,17,node,0,0.25,0.16373548691400633,True,222,3.9911000058054924
2,adaptive,17,edge,0,0.75,0.19402341337637727,True,214,6.676600023638457
2,adaptive,18,node,0,0.75,0.03330825083243172,True,1733,5.870499997399747
2,adaptive,18,edge,0,1.0,0.0,True,1836,14.397999970242381
2,adaptive,19,node,0,0.5,0.06305720346554716,True,2069,5.322699958924204
2,adaptive,19,edge,0,1.0,0.0,True,3557,23.170500004198402
2,adaptive,20,node,0,0.25,0.0990204640610761,True,607,4.5674999710172415
2,adaptive,20,edge,0,0.75,0.10689723425078383,True,705,11.179199966136366
2,adaptive,21,node,0,0.75,0.060286944307055036,False,529,5.491899966727942
2,adaptive,21,node,1,1.0,0.0,True,741,5.257999990135431
2,adaptive,21,edge,0,1.0,0.0,True,374,7.316699950024486
2,adaptive,22,node,0,0.5,0.14147967080763238,False,411,5.507600028067827
2,adaptive,22,node,1,0.75,0.05541967074601519,True,626,4.894000012427568
2,adaptive,22,edge,0,1.0,0.0,True,383,8.541599963791668
2,adaptive,23,node,0,0.25,0.12259470414520786,True,396,4.525099997408688
2,adaptive,23,edge,0,0.75,0.1127240018553678,True,634,11.000600003171712
2,adaptive,24,node,0,0.75,0.030647297668375074,True,2047,5.775500030722469
2,adaptive,24,edge,0,1.0,0.0,True,1552,17.586200032383204
2,adaptive,25,node,0,0.5,0.09746664242839179,True,866,4.929599992465228
2,adaptive,25,edge,0,1.0,0.0,True,906,12.7832000143826
2,adaptive,26,node,0,0.25,0.08814646862982894,True,766,4.7417000168934464
2,adaptive,26,edge,0,0.75,0.07791580570257384,True,1327,15.47830004710704
2,adaptive,27,node,0,0.75,0.030722432122068682,True,2037,5.988999968394637
2,adaptive,27,edge,0,1.0,0.0,True,1501,25.578100001439452
2,adaptive,28,node,0,0.5,0.06253052627332749,True,2104,9.433800005353987
2,adaptive,28,edge,0,1.0,0.0,True,3588,33.66940002888441
2,adaptive,29,node,0,0.25,0.13230609282847522,True,340,7.242300023790449
2,adaptive,29,edge,0,0.75,0.15043054480781998,True,356,9.172899997793138
2,adaptive,30,node,0,0.75,0.032404620205332746,True,1831,6.005699979141355
2,adaptive,30,edge,0,1.0,0.0,True,1370,17.40279997466132
2,adaptive,31,node,0,0.5,0.09395220894113723,True,932,6.030299991834909
2,adaptive,31,edge,0,1.0,0.0,True,1496,12.447800021618605
2,adaptive,32,node,0,0.25,0.1264875652420713,True,372,4.888699972070754
2,adaptive,32,edge,0,0.75,0.1485643458838231,True,365,10.811000014655292
2,adaptive,33,node,0,0.75,0.03168594898998785,True,1915,6.460900011006743
2,adaptive,33,edge,0,1.0,0.0,True,1388,18.880599993281066
2,adaptive,34,node,0,0.5,0.08727765597189645,True,1080,5.9083999949507415
2,adaptive,34,edge,0,1.0,0.0,True,1144,14.894400024786592
2,adaptive,35,node,0,0.25,0.09348582111030297,True,681,4.119299992453307
2,adaptive,35,edge,0,0.75,0.10123944469077602,True,786,11.558800004422665
2,adaptive,36,node,0,0.75,0.03386991453080914,True,1676,4.851199977565557
2,adaptive,36,edge,0,1.0,0.0,True,1206,14.972900040447712
2,adaptive,37,node,0,0.5,0.11015395749484767,False,678,5.154400016181171
2,adaptive,37,node,1,0.75,0.044203184560713385,True,984,4.963599960319698
2,adaptive,37,edge,0,1.0,0.0,True,632,10.461399971973151
2,adaptive,38,node,0,0.25,0.14765153943770648,True,273,4.487400001380593
2,adaptive,38,edge,0,0.75,0.13915998140611405,True,416,9.993000014219433
2,adaptive,39,node,0,0.75,0.03838361301152896,True,1305,5.986600008327514
2,adaptive,39,edge,0,1.0,0.0,True,903,12.47499999590218
3,adaptive,0,node,0,0.75,0.04279139634156063,True,1050,5.947600002400577
3,adaptive,0,edge,0,1.0,0.0,True,694,8.90590000199154
3,adaptive,1,node,0,0.5,0.07555843623948752,True,1441,4.651900031603873
3,adaptive,1,edge,0,1.0,0.0,True,1568,15.217099979054183
3,adaptive,2,node,0,0.25,0.07668828870401535,True,1012,5.381800001487136
3,adaptive,2,edge,0,0.75,0.06467447112545908,True,1926,16.502899990882725
3,adaptive,3,node,0,0.75,0.035185633930563995,True,1553,7.143199967686087
3,adaptive,3,edge,0,1.0,0.0,True,1564,14.671999961137772
3,adaptive,4,node,0,0.5,0.06219152504748024,True,2127,5.389600002672523
3,adaptive,4,edge,0,1.0,0.0,True,3707,24.168999982066453
3,adaptive,5,node,0,0.25,0.14711364497424942,True,275,4.214800021145493
3,adaptive,5,edge,0,0.75,0.16842317779820296,True,284,6.888100004289299
3,adaptive,6,node,0,0.75,0.03581379071911849,True,1499,4.996999981813133
3,adaptive,6,edge,0,1.0,0.0,True,1062,12.259099981747568
3,adaptive,7,node,0,0.5,0.14395266128643602,False,397,4.528300021775067
3,adaptive,7,node,1,0.75,0.056049971589661726,True,612,4.436400020495057
3,adaptive,7,edge,0,1.0,0.0,True,346,6.6466000280343
3,adaptive,8,node,0,0.25,0.1275201339277333,True,366,4.443699959665537
3,adaptive,8,edge,0,0.75,0.15106841570351676,True,353,7.802000036463141
3,adaptive,9,node,0,0.75,0.03511786057596169,True,1559,5.5884000030346215
3,adaptive,9,edge,0,1.0,0.0,True,1087,16.519500000867993
3,adaptive,10,node,0,0.5,0.1132885287644657,False,641,5.478499981109053
3,adaptive,10,node,1,0.75,0.04472902319555696,True,961,6.609200034290552
3,adaptive,10,edge,0,1.0,0.0,True,910,9.490500029642135
3,adaptive,11,node,0,0.25,0.08866890864573768,True,757,4.3611000292003155
3,adaptive,11,edge,0,0.75,0.07673932568007585,True,1368,13.58480000635609
3,adaptive,12,node,0,0.75,0.055552944695773564,False,623,5.810700007714331
3,adaptive,12,node,1,1.0,0.0,True,825,5.217200028710067
3,adaptive,12,edge,0,1.0,0.0,True,323,7.14130001142621
3,adaptive,13,node,0,0.5,0.07458145721047561,True,1479,4.786000004969537
3,adaptive,13,edge,0,1.0,0.0,True,2357,16.504100000020117
3,adaptive,14,node,0,0.25,0.1663795988701686,True,215,4.941100021824241
3,adaptive,14,edge,0,0.75,0.1972767273000012,True,207,7.648699975106865
3,adaptive,15,node,0,0.75,0.031216741295379685,True,1973,6.181899982038885
3,adaptive,15,edge,0,1.0,0.0,True,2088,15.304600005038083
3,adaptive,16,node,0,0.5,0.12725741451183664,False,508,4.8519999836571515
3,adaptive,16,node,1,0.75,0.0496164389359072,True,781,4.9026000197045505
3,adaptive,16,edge,0,1.0,0.0,True,494,8.274299965705723
3,adaptive,17,node,0,0.25,0.12417256448834818,True,386,4.050799994729459
3,adaptive,17,edge,0,0.75,0.11755111421916309,True,583,10.982299980241805
3,adaptive,18,node,0,0.75,0.03528803372843832,True,1544,6.265300035011023
3,adaptive,18,edge,0,1.0,0.0,True,1074,13.63810000475496
3,adaptive,19,node,0,0.5,0.09837969882943394,True,850,6.084499997086823
3,adaptive,19,edge,0,1.0,0.0,True,1201,11.75810000859201
3,adaptive,20,node,0,0.25,0.19787799849512894,True,152,4.876199993304908
3,adaptive,20,edge,0,0.75,0.24519331661625204,False,134,6.995899952016771
3,adaptive,20,edge,1,1.0,0.0,True,240,7.061699987389147
3,adaptive,21,node,0,0.75,0.04522589614161661,True,940,6.640999985393137
3,adaptive,21,edge,0,1.0,0.0,True,797,9.143400005996227
3,adaptive,22,node,0,0.5,0.11064462343107001,False,672,5.318599985912442
3,adaptive,22,node,1,0.75,0.043162963920054295,True,1032,6.572999991476536
3,adaptive,22,edge,0,1.0,0.0,True,880,9.65710001764819
3,adaptive,23,node,0,0.25,0.10617012815918744,True,528,4.942300030961633
3,adaptive,23,edge,0,0.75,0.11558523792064802,True,603,11.195600032806396
3,adaptive,24,node,0,0.75,0.028175007379510817,True,2422,6.991299975197762
3,adaptive,24,edge,0,1.0,0.0,True,2688,19.520499976351857
3,adaptive,25,node,0,0.5,0.10452434710370745,False,753,4.699499986600131
3,adaptive,25,node,1,0.75,0.04145110043592354,True,1119,5.288999993354082
3,adaptive,25,edge,0,1.0,0.0,True,699,11.213699996005744
3,adaptive,26,node,0,0.25,0.0910452055509778,True,718,4.584499984048307
3,adaptive,26,edge,0,0.75,0.09503391049710257,True,892,12.935599952470511
3,adaptive,27,node,0,0.75,0.03422920538757347,True,1641,6.97990000480786
3,adaptive,27,edge,0,1.0,0.0,True,1787,14.363399997819215
3,adaptive,28,node,0,0.5,0.0684662262925135,True,1755,5.8259000070393085
3,adaptive,28,edge,0,1.0,0.0,True,2813,19.90519999526441
3,adaptive,29,node,0,0.25,0.14132245421937006,True,298,4.933199961669743
3,adaptive,29,edge,0,0.75,0.1672494828174532,True,288,8.88059998396784
3,adaptive,30,node,0,0.75,0.0481295788734371,True,830,5.951299972366542
3,adaptive,30,edge,0,1.0,0.0,True,506,9.191099961753935
3,adaptive,31,node,0,0.5,0.07630339658332308,True,1413,5.391100014094263
3,adaptive,31,edge,0,1.0,0.0,True,1511,18.656899977941066
3,adaptive,32,node,0,0.25,0.10976296459390361,True,494,4.887000017333776
3,adaptive,32,edge,0,0.75,0.11539402978654853,True,605,10.910999961197376
3,adaptive,33,node,0,0.75,0.042669656702724545,True,1056,5.966100026853383
3,adaptive,33,edge,0,1.0,0.0,True,702,10.566200013272464
3,adaptive,34,node,0,0.5,0.06513674421067177,True,1939,5.988300021272153
3,adaptive,34,edge,0,1.0,0.0,True,3231,22.454900026787072
3,adaptive,35,node,0,0.25,0.1221329522063687,True,399,8.472000015899539
3,adaptive,35,edge,0,0.75,0.13205049684106568,True,462,10.674200020730495
3,adaptive,36,node,0,0.75,0.041212398869589946,True,1132,6.275799998547882
3,adaptive,36,edge,0,1.0,0.0,True,708,11.175999999977648
3,adaptive,37,node,0,0.5,0.06351939291557517,True,2039,5.84940001135692
3,adaptive,37,edge,0,1.0,0.0,True,3389,22.18379999976605
3,adaptive,38,node,0,0.25,0.0928741297799371,True,690,5.023500008974224
3,adaptive,38,edge,0,0.75,0.07999229597922515,True,1259,14.52409999910742
3,adaptive,39,node,0,0.75,0.035837706441796555,True,1497,5.454500031191856
3,adaptive,39,edge,0,1.0,0.0,True,1046,14.074300008360296
3,cost_guard,0,node,0,0.75,0.04279139634156063,True,1050,5.612000008113682
3,cost_guard,0,edge,0,1.0,0.0,True,694,10.876899992581457
3,cost_guard,1,node,0,0.5,0.07555843623948752,True,1441,5.4552999790757895
3,cost_guard,1,edge,0,1.0,0.0,True,1568,18.203799962066114
3,cost_guard,2,node,0,0.25,0.07668828870401535,True,1012,5.233399977441877
3,cost_guard,2,edge,0,0.75,0.06467447112545908,True,1926,16.70949999243021
3,cost_guard,3,node,0,0.75,0.035185633930563995,True,1553,6.510599981993437
3,cost_guard,3,edge,0,1.0,0.0,True,1564,13.283099979162216
3,cost_guard,4,node,0,0.5,0.06219152504748024,True,2127,5.799599981401116
3,cost_guard,4,edge,0,1.0,0.0,True,3707,23.457399976905435
3,cost_guard,5,node,0,0.25,0.14711364497424942,True,275,4.429499967955053
3,cost_guard,5,edge,0,0.75,0.16842317779820296,True,284,9.33410000288859
3,cost_guard,6,node,0,0.75,0.03581379071911849,True,1499,6.135899981018156
3,cost_guard,6,edge,0,1.0,0.0,True,1062,13.597199984360486
3,cost_guard,7,node,0,0.5,0.14395266128643602,False,397,4.949499969370663
3,cost_guard,7,node,1,0.75,0.056049971589661726,True,612,5.073399981483817
3,cost_guard,7,edge,0,1.0,0.0,True,346,7.694299973081797
3,cost_guard,8,node,0,0.25,0.1275201339277333,True,366,4.175799957010895
3,cost_guard,8,edge,0,0.75,0.15106841570351676,True,353,8.76939995214343
3,cost_guard,9,node,0,0.75,0.03511786057596169,True,1559,5.959300033282489
3,cost_guard,9,edge,0,1.0,0.0,True,1087,14.095200051087886
3,cost_guard,10,node,0,0.5,0.1132885287644657,False,641,5.781800020486116
3,cost_guard,10,node,1,0.75,0.04472902319555696,True,961,5.723299982491881
3,cost_guard,10,edge,0,1.0,0.0,True,910,9.349699947051704
3,cost_guard,11,node,0,0.25,0.08866890864573768,True,757,3.980299981776625
3,cost_guard,11,edge,0,0.75,0.07673932568007585,True,1368,13.788899988867342
3,cost_guard,12,node,0,0.75,0.055552944695773564,False,623,6.417200027499348
3,cost_guard,12,node,1,1.0,0.0,True,825,4.931200004648417
3,cost_guard,12,edge,0,1.0,0.0,True,323,7.433599967043847
3,cost_guard,13,node,0,0.5,0.07458145721047561,True,1479,5.690600024536252
3,cost_guard,13,edge,0,1.0,0.0,True,2357,15.373900008853525
3,cost_guard,14,node,0,0.25,0.1663795988701686,True,215,4.397800017613918
3,cost_guard,14,edge,0,0.75,0.1972767273000012,True,207,8.027200005017221
3,cost_guard,15,node,0,0.75,0.031216741295379685,True,1973,5.763699999079108
3,cost_guard,15,edge,0,1.0,0.0,True,2088,14.060300018172711
3,cost_guard,16,node,0,0.5,0.12725741451183664,False,508,5.024299956858158
3,cost_guard,16,node,1,0.75,0.0496164389359072,True,781,4.338699975050986
3,cost_guard,16,edge,0,1.0,0.0,True,494,9.02599998516962
3,cost_guard,17,node,0,0.25,0.12417256448834818,True,386,4.335600009653717
3,cost_guard,17,edge,0,0.75,0.11755111421916309,True,583,9.704300027806312
3,cost_guard,18,node,0,0.75,0.03528803372843832,True,1544,5.688400007784367
3,cost_guard,18,edge,0,1.0,0.0,True,1074,12.474399991333485
3,cost_guard,19,node,0,0.5,0.09837969882943394,True,850,5.010299966670573
3,cost_guard,19,edge,0,1.0,0.0,True,1201,10.358699946664274
3,cost_guard,20,node,0,0.25,0.19787799849512894,True,152,3.7693000049330294
3,cost_guard,20,edge,0,0.75,0.24519331661625204,False,134,6.350299983751029
3,cost_guard,20,edge,1,1.0,0.0,True,240,5.3736999980174005
3,cost_guard,21,node,0,0.75,0.04522589614161661,True,940,5.939199996646494
3,cost_guard,21,edge,0,1.0,0.0,True,797,8.285599993541837
3,cost_guard,22,node,0,0.5,0.11064462343107001,False,672,4.873099969699979
3,cost_guard,22,node,1,0.75,0.043162963920054295,True,1032,4.568000033032149
3,cost_guard,22,edge,0,1.0,0.0,True,880,14.814199996180832
3,cost_guard,23,node,0,0.25,0.10617012815918744,True,528,4.608599992934614
3,cost_guard,23,edge,0,0.75,0.11558523792064802,True,603,15.825399954337627
3,cost_guard,24,node,0,0.75,0.028175007379510817,True,2422,7.457999978214502
3,cost_guard,24,edge,0,1.0,0.0,True,2688,24.722600006498396
3,cost_guard,25,node,0,0.5,0.10452434710370745,False,753,4.851600038819015
3,cost_guard,25,node,1,0.75,0.04145110043592354,True,1119,6.054099998436868
3,cost_guard,25,edge,0,1.0,0.0,True,699,12.329299992416054
3,cost_guard,26,node,0,0.25,0.0910452055509778,True,718,4.500300041399896
3,cost_guard,26,edge,0,0.75,0.09503391049710257,True,892,12.679400038905442
3,cost_guard,27,node,0,0.75,0.03422920538757347,True,1641,7.59910000488162
3,cost_guard,27,edge,0,1.0,0.0,True,1787,15.273700002580881
3,cost_guard,28,node,0,0.5,0.0684662262925135,True,1755,6.412300048395991
3,cost_guard,28,edge,0,1.0,0.0,True,2813,22.37080002669245
3,cost_guard,29,node,0,0.25,0.14132245421937006,True,298,5.303400044795126
3,cost_guard,29,edge,0,0.75,0.1672494828174532,True,288,10.610800003632903
3,cost_guard,30,node,0,0.75,0.0481295788734371,True,830,6.129099987447262
3,cost_guard,30,edge,0,1.0,0.0,True,506,10.103600041475147
3,cost_guard,31,node,0,0.5,0.07630339658332308,True,1413,5.952299979981035
3,cost_guard,31,edge,0,1.0,0.0,True,1511,25.76509997015819
3,cost_guard,32,node,0,0.25,0.10976296459390361,True,494,4.969499947037548
3,cost_guard,32,edge,0,0.75,0.11539402978654853,True,605,10.985300003085285
3,cost_guard,33,node,0,0.75,0.042669656702724545,True,1056,6.312300043646246
3,cost_guard,33,edge,0,1.0,0.0,True,702,10.401099978480488
3,cost_guard,34,node,0,0.5,0.06513674421067177,True,1939,5.6659000110812485
3,cost_guard,34,edge,0,1.0,0.0,True,3231,21.917599951848388
3,cost_guard,35,node,0,0.25,0.1221329522063687,True,399,4.564100003335625
3,cost_guard,35,edge,0,0.75,0.13205049684106568,True,462,9.68519999878481
3,cost_guard,36,node,0,0.75,0.041212398869589946,True,1132,6.145799998193979
3,cost_guard,36,edge,0,1.0,0.0,True,708,11.82319998042658
3,cost_guard,37,node,0,0.5,0.06351939291557517,True,2039,6.374300050083548
3,cost_guard,37,edge,0,1.0,0.0,True,3389,23.50579999620095
3,cost_guard,38,node,0,0.25,0.0928741297799371,True,690,5.0271000363864005
3,cost_guard,38,edge,0,0.75,0.07999229597922515,True,1259,14.114599965978414
3,cost_guard,39,node,0,0.75,0.035837706441796555,True,1497,7.516400015447289
3,cost_guard,39,edge,0,1.0,0.0,True,1046,13.534800033085048
4,cost_guard,0,node,0,0.75,0.039961139562943705,True,1204,6.942100008018315
4,cost_guard,0,edge,0,1.0,0.0,True,1154,12.868400022853166
4,cost_guard,1,node,0,0.5,0.09991975160257917,True,824,5.480699997860938
4,cost_guard,1,edge,0,1.0,0.0,True,1192,11.572399991564453
4,cost_guard,2,node,0,0.25,0.09561561187787945,True,651,4.1674000094644725
4,cost_guard,2,edge,0,0.75,0.0815959009705109,True,1210,11.976199981290847
4,cost_guard,3,node,0,0.75,0.047282657975590704,True,860,5.011200031731278
4,cost_guard,3,edge,0,1.0,0.0,True,576,8.294800005387515
4,cost_guard,4,node,0,0.5,0.09092920859317712,True,995,4.2489999905228615
4,cost_guard,4,edge,0,1.0,0.0,True,1005,11.777999985497445
4,cost_guard,5,node,0,0.25,0.08896319723659142,True,752,4.202700045425445
4,cost_guard,5,edge,0,0.75,0.07654373996981526,True,1375,14.019499998539686
4,cost_guard,6,node,0,0.75,0.059232604408437806,False,548,5.227699992246926
4,cost_guard,6,node,1,1.0,0.0,True,723,4.409699991811067
4,cost_guard,6,edge,0,1.0,0.0,True,252,6.722299964167178
4,cost_guard,7,node,0,0.5,0.10787113409400993,False,707,3.764399967622012
4,cost_guard,7,node,1,0.75,0.042955348652228456,True,1042,4.347899986896664
4,cost_guard,7,edge,0,1.0,0.0,True,679,10.042799985967577
4,cost_guard,8,node,0,0.25,0.0757948024155163,True,1036,4.1262999875471
4,cost_guard,8,edge,0,0.75,0.06262688454924376,True,2054,14.302299998234957
4,cost_guard,9,node,0,0.75,0.04452103384401295,True,970,5.250899994280189
4,cost_guard,9,edge,0,1.0,0.0,True,551,8.67479998851195
4,cost_guard,10,node,0,0.5,0.07646591731395273,True,1407,4.6993999858386815
4,cost_guard,10,edge,0,1.0,0.0,True,2236,14.653499994892627
4,cost_guard,11,node,0,0.25,0.07616327713191137,True,1026,4.0982000064104795
4,cost_guard,11,edge,0,0.75,0.0638995036525692,True,1973,13.764999981503934
4,cost_guard,12,node,0,0.75,0.03292109713178641,True,1774,5.577000032644719
4,cost_guard,12,edge,0,1.0,0.0,True,1932,14.107600029092282
4,cost_guard,13,node,0,0.5,0.07646591731395273,True,1407,5.341699987184256
4,cost_guard,13,edge,0,1.0,0.0,True,2295,13.99519998813048
4,cost_guard,14,node,0,0.25,0.08920074958800693,True,748,3.819199977442622
4,cost_guard,14,edge,0,0.75,0.09440104722764525,True,904,10.37699996959418
4,cost_guard,15,node,0,0.75,0.03164466434836371,True,1920,5.19890000578016
4,cost_guard,15,edge,0,1.0,0.0,True,1335,15.075500006787479
4,cost_guard,16,node,0,0.5,0.12878761876432493,False,496,5.262900027446449
4,cost_guard,16,node,1,0.75,0.05069910689263307,True,748,5.426099989563227
4,cost_guard,16,edge,0,1.0,0.0,True,581,6.712100002914667
4,cost_guard,17,node,0,0.25,0.09390039441279226,True,675,3.88329999987036
4,cost_guard,17,edge,0,0.75,0.099666819657003,True,811,11.01870002457872
4,cost_guard,18,node,0,0.75,0.05225944321070163,False,704,5.901700002141297
4,cost_guard,18,node,1,1.0,0.0,True,951,3.6939000128768384
4,cost_guard,18,edge,0,1.0,0.0,True,624,8.299299981445074
4,cost_guard,19,node,0,0.5,0.06437758723569466,True,1985,4.975999996531755
4,cost_guard,19,edge,0,1.0,0.0,True,3284,21.088599984068424
4,cost_guard,20,node,0,0.25,0.0767262062780029,True,1011,4.740600008517504
4,cost_guard,20,edge,0,0.75,0.06472489957064563,True,1923,16.765099950134754
4,cost_guard,21,node,0,0.75,0.04857046971891477,True,815,6.293500016909093
4,cost_guard,21,edge,0,1.0,0.0,True,801,7.7931999694556
4,cost_guard,22,node,0,0.5,0.10711625334248744,False,717,5.707700038328767
4,cost_guard,22,node,1,0.75,0.043142066816955794,True,1033,5.965799966361374
4,cost_guard,22,edge,0,1.0,0.0,True,955,11.11209997907281
4,cost_guard,23,node,0,0.25,0.17840149917601386,True,187,4.093499970622361
4,cost_guard,23,edge,0,0.75,0.21768904126514152,False,170,6.85539998812601
4,cost_guard,23,edge,1,1.0,0.0,True,275,6.417600030545145
4,cost_guard,24,node,0,0.75,0.03225522861825985,True,1848,6.591199955437332
4,cost_guard,24,edge,0,1.0,0.0,True,1816,14.018399990163743
4,cost_guard,25,node,0,0.5,0.10991105982881791,False,681,4.213300009723753
4,cost_guard,25,node,1,0.75,0.04376069910045442,True,1004,4.210999992210418
4,cost_guard,25,edge,0,1.0,0.0,True,670,9.658800030592829
4,cost_guard,26,node,0,0.25,0.1594818901360863,True,234,4.329200019128621
4,cost_guard,26,edge,0,0.75,0.17273452309701323,True,270,7.561699952930212
4,cost_guard,27,node,0,0.75,0.04851098351200252,True,817,5.568400025367737
4,cost_guard,27,edge,0,1.0,0.0,True,566,8.275500033050776
4,cost_guard,28,node,0,0.5,0.09148253545619517,True,983,4.289100004825741
4,cost_guard,28,edge,0,1.0,0.0,True,1006,13.264899956993759
4,cost_guard,29,node,0,0.25,0.07500262596437918,True,1058,4.061200015712529
4,cost_guard,29,edge,0,0.75,0.06177559125137716,True,2111,15.101099968887866
4,cost_guard,30,node,0,0.75,0.06238607075054018,False,494,5.429200013168156
4,cost_guard,30,node,1,1.0,0.0,True,638,4.248100041877478
4,cost_guard,30,edge,0,1.0,0.0,True,279,6.580499990377575
4,cost_guard,31,node,0,0.5,0.07912564604397017,True,1314,4.523599985986948
4,cost_guard,31,edge,0,1.0,0.0,True,2120,14.375099970493466
4,cost_guard,32,node,0,0.25,0.17337509327727005,True,198,4.206799960229546
4,cost_guard,32,edge,0,0.75,0.20377934519913865,False,194,5.91320003150031
4,cost_guard,32,edge,1,1.0,0.0,True,321,6.242899980861694
4,cost_guard,33,node,0,0.75,0.024159576127726012,True,3294,11.166599986609071
4,cost_guard,33,edge,0,1.0,0.0,True,3790,20.305899961385876
4,cost_guard,34,node,0,0.5,0.0941544744259298,True,928,4.636900033801794
4,cost_guard,34,edge,0,1.0,0.0,True,1334,10.038500011432916
4,cost_guard,35,node,0,0.25,0.08338394158811041,True,856,4.450600012205541
4,cost_guard,35,edge,0,0.75,0.07106907839515582,True,1595,13.699400005862117
4,cost_guard,36,node,0,0.75,0.03331786499075935,True,1732,4.77820000378415
4,cost_guard,36,edge,0,1.0,0.0,True,1210,12.465599982533604
4,cost_guard,37,node,0,0.5,0.06266469611085403,True,2095,4.836999985855073
4,cost_guard,37,edge,0,1.0,0.0,True,3541,20.633800013456494
4,cost_guard,38,node,0,0.25,0.1067785579434378,True,522,3.219400008674711
4,cost_guard,38,edge,0,0.75,0.11846909781561601,True,574,9.608599997591227
4,cost_guard,39,node,0,0.75,0.03113793091643549,True,1983,5.156400031410158
4,cost_guard,39,edge,0,1.0,0.0,True,2129,12.791000015567988
4,adaptive,0,node,0,0.75,0.039961139562943705,True,1204,5.594099988229573
4,adaptive,0,edge,0,1.0,0.0,True,1154,8.803799981251359
4,adaptive,1,node,0,0.5,0.09991975160257917,True,824,5.467600014526397
4,adaptive,1,edge,0,1.0,0.0,True,1192,10.100700019393116
4,adaptive,2,node,0,0.25,0.09561561187787945,True,651,3.993100021034479
4,adaptive,2,edge,0,0.75,0.0815959009705109,True,1210,12.631200021132827
4,adaptive,3,node,0,0.75,0.047282657975590704,True,860,5.061800009571016
4,adaptive,3,edge,0,1.0,0.0,True,576,8.052000019233674
4,adaptive,4,node,0,0.5,0.09092920859317712,True,995,4.197900008875877
4,adaptive,4,edge,0,1.0,0.0,True,1005,16.087700030766428
4,adaptive,5,node,0,0.25,0.08896319723659142,True,752,4.229600017424673
4,adaptive,5,edge,0,0.75,0.07654373996981526,True,1375,13.096299953758717
4,adaptive,6,node,0,0.75,0.059232604408437806,False,548,4.96340001700446
4,adaptive,6,node,1,1.0,0.0,True,723,4.4716999982483685
4,adaptive,6,edge,0,1.0,0.0,True,252,6.1147999949753284
4,adaptive,7,node,0,0.5,0.10787113409400993,False,707,4.970100009813905
4,adaptive,7,node,1,0.75,0.042955348652228456,True,1042,4.156099981628358
4,adaptive,7,edge,0,1.0,0.0,True,679,8.73409997439012
4,adaptive,8,node,0,0.25,0.0757948024155163,True,1036,4.175800015218556
4,adaptive,8,edge,0,0.75,0.06262688454924376,True,2054,15.437099966220558
4,adaptive,9,node,0,0.75,0.04452103384401295,True,970,5.485299974679947
4,adaptive,9,edge,0,1.0,0.0,True,551,8.738200005609542
4,adaptive,10,node,0,0.5,0.07646591731395273,True,1407,5.078199959825724
4,adaptive,10,edge,0,1.0,0.0,True,2236,13.077199982944876
4,adaptive,11,node,0,0.25,0.07616327713191137,True,1026,4.830599995329976
4,adaptive,11,edge,0,0.75,0.0638995036525692,True,1973,20.741300017107278
4,adaptive,12,node,0,0.75,0.03292109713178641,True,1774,6.092099996749312
4,adaptive,12,edge,0,1.0,0.0,True,1932,14.581000024918467
4,adaptive,13,node,0,0.5,0.07646591731395273,True,1407,4.71000000834465
4,adaptive,13,edge,0,1.0,0.0,True,2295,25.30899998964742
4,adaptive,14,node,0,0.25,0.08920074958800693,True,748,6.760200019925833
4,adaptive,14,edge,0,0.75,0.09440104722764525,True,904,12.610499979928136
4,adaptive,15,node,0,0.75,0.03164466434836371,True,1920,13.514799997210503
4,adaptive,15,edge,0,1.0,0.0,True,1335,15.549800009466708
4,adaptive,16,node,0,0.5,0.12878761876432493,False,496,5.5100999888964
4,adaptive,16,node,1,0.75,0.05069910689263307,True,748,5.3860999760217965
4,adaptive,16,edge,0,1.0,0.0,True,581,8.632399956695735
4,adaptive,17,node,0,0.25,0.09390039441279226,True,675,4.570399993099272
4,adaptive,17,edge,0,0.75,0.099666819657003,True,811,11.414600012358278
4,adaptive,18,node,0,0.75,0.05225944321070163,False,704,6.390399998053908
4,adaptive,18,node,1,1.0,0.0,True,951,4.222300020046532
4,adaptive,18,edge,0,1.0,0.0,True,624,6.328699993900955
4,adaptive,19,node,0,0.5,0.06437758723569466,True,1985,5.623100034426898
4,adaptive,19,edge,0,1.0,0.0,True,3284,22.383499948773533
4,adaptive,20,node,0,0.25,0.0767262062780029,True,1011,4.114099952857941
4,adaptive,20,edge,0,0.75,0.06472489957064563,True,1923,19.282400025986135
4,adaptive,21,node,0,0.75,0.04857046971891477,True,815,5.7898000231944025
4,adaptive,21,edge,0,1.0,0.0,True,801,9.08819999312982
4,adaptive,22,node,0,0.5,0.10711625334248744,False,717,5.253000010270625
4,adaptive,22,node,1,0.75,0.043142066816955794,True,1033,5.515499971807003
4,adaptive,22,edge,0,1.0,0.0,True,955,8.866099989973009
4,adaptive,23,node,0,0.25,0.17840149917601386,True,187,4.305000009480864
4,adaptive,23,edge,0,0.75,0.21768904126514152,False,170,6.2698000110685825
4,adaptive,23,edge,1,1.0,0.0,True,275,5.749200005084276
4,adaptive,24,node,0,0.75,0.03225522861825985,True,1848,5.707899981644005
4,adaptive,24,edge,0,1.0,0.0,True,1816,14.807400002609938
4,adaptive,25,node,0,0.5,0.10991105982881791,False,681,4.740100004710257
4,adaptive,25,node,1,0.75,0.04376069910045442,True,1004,5.431900033727288
4,adaptive,25,edge,0,1.0,0.0,True,670,10.343900008592755
4,adaptive,26,node,0,0.25,0.1594818901360863,True,234,4.3110999977216125
4,adaptive,26,edge,0,0.75,0.17273452309701323,True,270,7.7315999660640955
4,adaptive,27,node,0,0.75,0.04851098351200252,True,817,6.331200012937188
4,adaptive,27,edge,0,1.0,0.0,True,566,8.706299995537847
4,adaptive,28,node,0,0.5,0.09148253545619517,True,983,4.724400001578033
4,adaptive,28,edge,0,1.0,0.0,True,1006,12.582900002598763
4,adaptive,29,node,0,0.25,0.07500262596437918,True,1058,4.234499996528029
4,adaptive,29,edge,0,0.75,0.06177559125137716,True,2111,15.693900000769645
4,adaptive,30,node,0,0.75,0.06238607075054018,False,494,5.320700001902878
4,adaptive,30,node,1,1.0,0.0,True,638,4.527200013399124
4,adaptive,30,edge,0,1.0,0.0,True,279,7.180299959145486
4,adaptive,31,node,0,0.5,0.07912564604397017,True,1314,4.694500006735325
4,adaptive,31,edge,0,1.0,0.0,True,2120,15.24719997541979
4,adaptive,32,node,0,0.25,0.17337509327727005,True,198,3.598800045438111
4,adaptive,32,edge,0,0.75,0.20377934519913865,False,194,6.954299984499812
4,adaptive,32,edge,1,1.0,0.0,True,321,5.97679999191314
4,adaptive,33,node,0,0.75,0.024159576127726012,True,3294,6.956299999728799
4,adaptive,33,edge,0,1.0,0.0,True,3790,21.283999958541244
4,adaptive,34,node,0,0.5,0.0941544744259298,True,928,5.289499997161329
4,adaptive,34,edge,0,1.0,0.0,True,1334,11.424099968280643
4,adaptive,35,node,0,0.25,0.08338394158811041,True,856,5.370700033381581
4,adaptive,35,edge,0,0.75,0.07106907839515582,True,1595,14.97620000736788
4,adaptive,36,node,0,0.75,0.03331786499075935,True,1732,4.741299955639988
4,adaptive,36,edge,0,1.0,0.0,True,1210,12.532399967312813
4,adaptive,37,node,0,0.5,0.06266469611085403,True,2095,4.703000013250858
4,adaptive,37,edge,0,1.0,0.0,True,3541,20.771700015757233
4,adaptive,38,node,0,0.25,0.1067785579434378,True,522,4.0580999921076
4,adaptive,38,edge,0,0.75,0.11846909781561601,True,574,10.715299984440207
4,adaptive,39,node,0,0.75,0.03113793091643549,True,1983,5.691700032912195
4,adaptive,39,edge,0,1.0,0.0,True,2129,13.79659998929128
5,adaptive,0,node,0,0.75,0.04642679252105644,True,892,7.515100005548447
5,adaptive,0,edge,0,1.0,0.0,True,871,9.994600026402622
5,adaptive,1,node,0,0.5,0.09360135924270323,True,939,6.1379000544548035
5,adaptive,1,edge,0,1.0,0.0,True,1337,12.474899995140731
5,adaptive,2,node,0,0.25,0.08457804449375593,True,832,4.092000017408282
5,adaptive,2,edge,0,0.75,0.07321187626926207,True,1503,13.411200023256242
5,adaptive,3,node,0,0.75,0.03225522861825985,True,1848,6.004000024404377
5,adaptive,3,edge,0,1.0,0.0,True,1812,13.769200013484806
5,adaptive,4,node,0,0.5,0.07823756352994156,True,1344,5.092500010505319
5,adaptive,4,edge,0,1.0,0.0,True,1509,21.006700000725687
5,adaptive,5,node,0,0.25,0.07765344483846978,True,987,4.591899982187897
5,adaptive,5,edge,0,0.75,0.06598954944608174,True,1850,15.225200040731579
5,adaptive,6,node,0,0.75,0.031005312294053376,True,2000,5.349199986085296
5,adaptive,6,edge,0,1.0,0.0,True,2024,15.066099993418902
5,adaptive,7,node,0,0.5,0.0820165927137911,True,1223,5.27750002220273
5,adaptive,7,edge,0,1.0,0.0,True,1898,17.914600030053407
5,adaptive,8,node,0,0.25,0.14228058352580744,True,294,4.481800016947091
5,adaptive,8,edge,0,0.75,0.15530584252015703,True,334,7.972799998242408
5,adaptive,9,node,0,0.75,0.025294661369773243,True,3005,6.129099987447262
5,adaptive,9,edge,0,1.0,0.0,True,3245,19.81640001758933
5,adaptive,10,node,0,0.5,0.10431675137325541,False,756,4.444999969564378
5,adaptive,10,node,1,0.75,0.04064195753302805,True,1164,4.237700020894408
5,adaptive,10,edge,0,1.0,0.0,True,774,12.22620002226904
5,adaptive,11,node,0,0.25,0.09711909420571493,True,631,3.891000000294298
5,adaptive,11,edge,0,0.75,0.1025525922312108,True,766,10.174800001550466
5,adaptive,12,node,0,0.75,0.032682468804676325,True,1800,5.397000000812113
5,adaptive,12,edge,0,1.0,0.0,True,1303,15.642200014553964
5,adaptive,13,node,0,0.5,0.08513674085620376,True,1135,4.703500017058104
5,adaptive,13,edge,0,1.0,0.0,True,1261,18.386200012173504
5,adaptive,14,node,0,0.25,0.08902240735777961,True,751,4.325499990954995
5,adaptive,14,edge,0,0.75,0.07704972686714438,True,1357,17.563400033395737
5,adaptive,15,node,0,0.75,0.05069910689263307,False,748,5.037599999923259
5,adaptive,15,node,1,1.0,0.0,True,1032,5.632299988064915
5,adaptive,15,edge,0,1.0,0.0,True,472,8.12660000519827
5,adaptive,16,node,0,0.5,0.07951998753137776,True,1301,5.216200021095574
5,adaptive,16,edge,0,1.0,0.0,True,1984,14.444599975831807
5,adaptive,17,node,0,0.25,0.11437039065682497,True,455,3.826900036074221
5,adaptive,17,edge,0,0.75,0.12236857130441632,True,538,9.222500026226044
5,adaptive,18,node,0,0.75,0.03872639717890512,True,1282,5.780400009825826
5,adaptive,18,edge,0,1.0,0.0,True,1326,11.191500001586974
5,adaptive,19,node,0,0.5,0.06585386759267325,True,1897,4.850400029681623
5,adaptive,19,edge,0,1.0,0.0,True,3142,24.366900033783168
5,adaptive,20,node,0,0.25,0.08992498948280067,True,736,4.2215000139549375
5,adaptive,20,edge,0,0.75,0.07794518018267588,True,1326,12.87219999358058
5,adaptive,21,node,0,0.75,0.03887832556609851,True,1272,6.409300025552511
5,adaptive,21,edge,0,1.0,0.0,True,1139,17.94400002108887
5,adaptive,22,node,0,0.5,0.06554364089583598,True,1915,5.879899952560663
5,adaptive,22,edge,0,1.0,0.0,True,3223,20.178699982352555
5,adaptive,23,node,0,0.25,0.18992289899504616,True,165,4.04469994828105
5,adaptive,23,edge,0,0.75,0.210390116144543,False,182,6.082799984142184
5,adaptive,23,edge,1,1.0,0.0,True,296,6.292900012340397
5,adaptive,24,node,0,0.75,0.038651097871463216,True,1287,4.632900003343821
5,adaptive,24,edge,0,1.0,0.0,True,852,10.280699993018061
5,adaptive,25,node,0,0.5,0.08007586217240267,True,1283,4.28169994847849
5,adaptive,25,edge,0,1.0,0.0,True,1393,16.50800002971664
5,adaptive,26,node,0,0.25,0.11181905728049191,True,476,3.91740002669394
5,adaptive,26,edge,0,0.75,0.12015557550100231,True,558,9.22429998172447
5,adaptive,27,node,0,0.75,0.025779642534425287,True,2893,7.3988999938592315
5,adaptive,27,edge,0,1.0,0.0,True,3119,20.39720001630485
5,adaptive,28,node,0,0.5,0.0708692771139053,True,1638,5.324199970345944
5,adaptive,28,edge,0,1.0,0.0,True,2648,17.445600009523332
5,adaptive,29,node,0,0.25,0.08304507946564986,True,863,4.103800049051642
5,adaptive,29,edge,0,0.75,0.07089151639780172,True,1603,14.498200034722686
5,adaptive,30,node,0,0.75,0.05006721402618301,False,767,6.162200006656349
5,adaptive,30,node,1,1.0,0.0,True,1026,4.107600019779056
5,adaptive,30,edge,0,1.0,0.0,True,719,6.991199974436313
5,adaptive,31,node,0,0.5,0.08941435831993322,True,1029,5.212799995206296
5,adaptive,31,edge,0,1.0,0.0,True,1044,14.918399974703789
5,adaptive,32,node,0,0.25,0.11946791255027006,True,417,4.46259998716414
5,adaptive,32,edge,0,0.75,0.12555978902467207,True,511,10.537999973166734
5,adaptive,33,node,0,0.75,0.0248082194679536,True,3124,5.893199995625764
5,adaptive,33,edge,0,1.0,0.0,True,3459,22.321199998259544
5,adaptive,34,node,0,0.5,0.08809718245823654,True,1060,4.810100013855845
5,adaptive,34,edge,0,1.0,0.0,True,1161,13.529399991966784
5,adaptive,35,node,0,0.25,0.08034407264077474,True,922,4.857200023252517
5,adaptive,35,edge,0,0.75,0.06892044983979584,True,1696,14.455299999099225
5,adaptive,36,node,0,0.75,0.0338094504875962,True,1682,5.101300019305199
5,adaptive,36,edge,0,1.0,0.0,True,1217,14.132699987385422
5,adaptive,37,node,0,0.5,0.07595479375657281,True,1426,5.508999980520457
5,adaptive,37,edge,0,1.0,0.0,True,2212,16.08699996722862
5,adaptive,38,node,0,0.25,0.07413189032588863,True,1083,4.905699985101819
5,adaptive,38,edge,0,0.75,0.06332439642089205,True,2009,19.647899956908077
5,adaptive,39,node,0,0.75,0.04621999063540886,True,900,6.433699978515506
5,adaptive,39,edge,0,1.0,0.0,True,580,9.127600002102554
5,cost_guard,0,node,0,0.75,0.04642679252105644,True,892,6.412800052203238
5,cost_guard,0,edge,0,1.0,0.0,True,871,8.676099998410791
5,cost_guard,1,node,0,0.5,0.09360135924270323,True,939,5.454700032714754
5,cost_guard,1,edge,0,1.0,0.0,True,1337,11.66180003201589
5,cost_guard,2,node,0,0.25,0.08457804449375593,True,832,5.251399998087436
5,cost_guard,2,edge,0,0.75,0.07321187626926207,True,1503,16.747299989219755
5,cost_guard,3,node,0,0.75,0.03225522861825985,True,1848,6.331700016744435
5,cost_guard,3,edge,0,1.0,0.0,True,1812,15.971999964676797
5,cost_guard,4,node,0,0.5,0.07823756352994156,True,1344,6.330600008368492
5,cost_guard,4,edge,0,1.0,0.0,True,1509,17.745899967849255
5,cost_guard,5,node,0,0.25,0.07765344483846978,True,987,4.497500020079315
5,cost_guard,5,edge,0,0.75,0.06598954944608174,True,1850,16.209300025366247
5,cost_guard,6,node,0,0.75,0.031005312294053376,True,2000,6.403999985195696
5,cost_guard,6,edge,0,1.0,0.0,True,2024,17.085500003304332
5,cost_guard,7,node,0,0.5,0.0820165927137911,True,1223,7.215799996629357
5,cost_guard,7,edge,0,1.0,0.0,True,1898,15.690899977926165
5,cost_guard,8,node,0,0.25,0.14228058352580744,True,294,4.083900013938546
5,cost_guard,8,edge,0,0.75,0.15530584252015703,True,334,8.403200015891343
5,cost_guard,9,node,0,0.75,0.025294661369773243,True,3005,5.641199997626245
5,cost_guard,9,edge,0,1.0,0.0,True,3245,20.65970003604889
5,cost_guard,10,node,0,0.5,0.10431675137325541,False,756,5.2375000086613
5,cost_guard,10,node,1,0.75,0.04064195753302805,True,1164,4.576799983624369
5,cost_guard,10,edge,0,1.0,0.0,True,774,11.030800000298768
5,cost_guard,11,node,0,0.25,0.09711909420571493,True,631,3.9775000186637044
5,cost_guard,11,edge,0,0.75,0.1025525922312108,True,766,10.73869998799637
5,cost_guard,12,node,0,0.75,0.032682468804676325,True,1800,5.155299964826554
5,cost_guard,12,edge,0,1.0,0.0,True,1303,14.65149997966364
5,cost_guard,13,node,0,0.5,0.08513674085620376,True,1135,4.0062000043690205
5,cost_guard,13,edge,0,1.0,0.0,True,1261,17.92290003504604
5,cost_guard,14,node,0,0.25,0.08902240735777961,True,751,4.572400008328259
5,cost_guard,14,edge,0,0.75,0.07704972686714438,True,1357,13.685899961274117
5,cost_guard,15,node,0,0.75,0.05069910689263307,False,748,5.134099978022277
5,cost_guard,15,node,1,1.0,0.0,True,1032,5.183800007216632
5,cost_guard,15,edge,0,1.0,0.0,True,472,9.213200013618916
5,cost_guard,16,node,0,0.5,0.07951998753137776,True,1301,4.253699968103319
5,cost_guard,16,edge,0,1.0,0.0,True,1984,13.994200038723648
5,cost_guard,17,node,0,0.25,0.11437039065682497,True,455,4.514699976425618
5,cost_guard,17,edge,0,0.75,0.12236857130441632,True,538,9.205399954225868
5,cost_guard,18,node,0,0.75,0.03872639717890512,True,1282,6.931799987796694
5,cost_guard,18,edge,0,1.0,0.0,True,1326,11.709999991580844
5,cost_guard,19,node,0,0.5,0.06585386759267325,True,1897,5.431400029920042
5,cost_guard,19,edge,0,1.0,0.0,True,3142,20.368600031360984
5,cost_guard,20,node,0,0.25,0.08992498948280067,True,736,4.8649999662302434
5,cost_guard,20,edge,0,0.75,0.07794518018267588,True,1326,14.315399981569499
5,cost_guard,21,node,0,0.75,0.03887832556609851,True,1272,6.029499985743314
5,cost_guard,21,edge,0,1.0,0.0,True,1139,11.429900012444705
5,cost_guard,22,node,0,0.5,0.06554364089583598,True,1915,6.080299965105951
5,cost_guard,22,edge,0,1.0,0.0,True,3223,28.698000009171665
5,cost_guard,23,node,0,0.25,0.18992289899504616,True,165,7.203100016340613
5,cost_guard,23,edge,0,0.75,0.210390116144543,False,182,8.69109999621287
5,cost_guard,23,edge,1,1.0,0.0,True,296,16.459500009659678
5,cost_guard,24,node,0,0.75,0.038651097871463216,True,1287,9.205600013956428
5,cost_guard,24,edge,0,1.0,0.0,True,852,12.766500003635883
5,cost_guard,25,node,0,0.5,0.08007586217240267,True,1283,4.728800035081804
5,cost_guard,25,edge,0,1.0,0.0,True,1393,17.265700036659837
5,cost_guard,26,node,0,0.25,0.11181905728049191,True,476,4.253699968103319
5,cost_guard,26,edge,0,0.75,0.12015557550100231,True,558,11.051399982534349
5,cost_guard,27,node,0,0.75,0.025779642534425287,True,2893,6.407800014130771
5,cost_guard,27,edge,0,1.0,0.0,True,3119,22.51149999210611
5,cost_guard,28,node,0,0.5,0.0708692771139053,True,1638,5.4064999567344785
5,cost_guard,28,edge,0,1.0,0.0,True,2648,18.232999951578677
5,cost_guard,29,node,0,0.25,0.08304507946564986,True,863,4.332499986048788
5,cost_guard,29,edge,0,0.75,0.07089151639780172,True,1603,15.211399993859231
5,cost_guard,30,node,0,0.75,0.05006721402618301,False,767,7.214599987491965
5,cost_guard,30,node,1,1.0,0.0,True,1026,4.5273000141605735
5,cost_guard,30,edge,0,1.0,0.0,True,719,7.676100009121001
5,cost_guard,31,node,0,0.5,0.08941435831993322,True,1029,4.367799963802099
5,cost_guard,31,edge,0,1.0,0.0,True,1044,13.805800001136959
5,cost_guard,32,node,0,0.25,0.11946791255027006,True,417,5.156799976248294
5,cost_guard,32,edge,0,0.75,0.12555978902467207,True,511,9.565800020936877
5,cost_guard,33,node,0,0.75,0.0248082194679536,True,3124,6.340199965052307
5,cost_guard,33,edge,0,1.0,0.0,True,3459,22.646699973847717
5,cost_guard,34,node,0,0.5,0.08809718245823654,True,1060,5.140099965501577
5,cost_guard,34,edge,0,1.0,0.0,True,1161,13.30340001732111
5,cost_guard,35,node,0,0.25,0.08034407264077474,True,922,4.481700016185641
5,cost_guard,35,edge,0,0.75,0.06892044983979584,True,1696,14.360999979544431
5,cost_guard,36,node,0,0.75,0.0338094504875962,True,1682,5.744100024458021
5,cost_guard,36,edge,0,1.0,0.0,True,1217,15.08109999122098
5,cost_guard,37,node,0,0.5,0.07595479375657281,True,1426,4.988000029698014
5,cost_guard,37,edge,0,1.0,0.0,True,2212,15.632099995855242
5,cost_guard,38,node,0,0.25,0.07413189032588863,True,1083,4.35289996676147
5,cost_guard,38,edge,0,0.75,0.06332439642089205,True,2009,15.664800012018532
5,cost_guard,39,node,0,0.75,0.04621999063540886,True,900,5.097499990370125
5,cost_guard,39,edge,0,1.0,0.0,True,580,8.710599970072508
