operation_type|scheduled_start_time|actual_start_time|execution_duration_MILLISECONDS|result_code|original_start_time
LdbcUpdate7AddComment|1791329080103|1791329080103|416|0|1347529090363
LdbcUpdate5AddForumMembership|1791329080192|1791329080519|56|0|1347529099239
LdbcQuery1|1791329080589|1791329080589|408|1|1347529138970
LdbcShortQuery1PersonProfile|1791329080997|1791329080997|89|1|-1
LdbcUpdate2AddPostLike|1791329081390|1791329081390|52|0|1347529219074
LdbcUpdate2AddPostLike|1791329081478|1791329081478|8|0|1347529227881
LdbcUpdate3AddCommentLike|1791329081693|1791329081693|34|0|1347529249368
LdbcQuery14|1791329080589|1791329081086|981|5|1347529138970
LdbcQuery2|1791329080589|1791329082069|125|20|1347529138970
LdbcShortQuery1PersonProfile|1791329082194|1791329082194|4|1|-1
LdbcShortQuery2PersonPosts|1791329082198|1791329082198|236|10|-1
LdbcShortQuery3PersonFriends|1791329082434|1791329082434|232|269|-1
LdbcShortQuery4MessageContent|1791329082666|1791329082667|47|1|-1
LdbcShortQuery5MessageCreator|1791329082714|1791329082715|49|1|-1
LdbcUpdate6AddPost|1791329082697|1791329082697|124|0|1347529349776
LdbcShortQuery6MessageForum|1791329082764|1791329082765|110|1|-1
LdbcShortQuery7MessageReplies|1791329082875|1791329082876|150|0|-1
LdbcShortQuery1PersonProfile|1791329083026|1791329083027|11|1|-1
LdbcShortQuery2PersonPosts|1791329083038|1791329083039|3|0|-1
LdbcShortQuery3PersonFriends|1791329083042|1791329083042|12|149|-1
LdbcQuery4|1791329080589|1791329083054|267|3|1347529138970
LdbcShortQuery4MessageContent|1791329083321|1791329083322|3|1|-1
LdbcShortQuery5MessageCreator|1791329083325|1791329083326|2|1|-1
LdbcShortQuery6MessageForum|1791329083328|1791329083329|4|1|-1
LdbcShortQuery7MessageReplies|1791329083333|1791329083334|3|0|-1
LdbcShortQuery1PersonProfile|1791329083337|1791329083337|3|1|-1
LdbcShortQuery2PersonPosts|1791329083340|1791329083341|6|10|-1
LdbcShortQuery3PersonFriends|1791329083347|1791329083348|5|5|-1
LdbcUpdate2AddPostLike|1791329083384|1791329083384|41|0|1347529418459
LdbcQuery8|1791329080589|1791329083353|293|20|1347529138970
LdbcShortQuery1PersonProfile|1791329083646|1791329083646|6|1|-1
LdbcShortQuery2PersonPosts|1791329083652|1791329083654|14|10|-1
LdbcUpdate7AddComment|1791329083659|1791329083660|10|0|1347529445946
LdbcShortQuery3PersonFriends|1791329083668|1791329083670|5|4|-1
LdbcShortQuery4MessageContent|1791329083675|1791329083675|3|1|-1
LdbcShortQuery5MessageCreator|1791329083678|1791329083679|4|1|-1
LdbcShortQuery6MessageForum|1791329083683|1791329083683|2|1|-1
LdbcShortQuery7MessageReplies|1791329083685|1791329083686|4|0|-1
LdbcShortQuery1PersonProfile|1791329083690|1791329083691|4|1|-1
LdbcShortQuery2PersonPosts|1791329083695|1791329083696|9|10|-1
LdbcShortQuery3PersonFriends|1791329083705|1791329083706|13|96|-1
LdbcUpdate3AddCommentLike|1791329083809|1791329083809|24|0|1347529460971
LdbcQuery9|1791329080589|1791329083719|357|20|1347529138970
LdbcShortQuery4MessageContent|1791329084076|1791329084079|4|1|-1
LdbcShortQuery5MessageCreator|1791329084083|1791329084083|34|1|-1
LdbcShortQuery6MessageForum|1791329084117|1791329084117|10|1|-1
LdbcShortQuery7MessageReplies|1791329084127|1791329084127|17|0|-1
LdbcShortQuery1PersonProfile|1791329084144|1791329084146|22|1|-1
LdbcShortQuery2PersonPosts|1791329084168|1791329084170|3|0|-1
LdbcShortQuery3PersonFriends|1791329084173|1791329084174|6|149|-1
LdbcShortQuery4MessageContent|1791329084180|1791329084181|3|1|-1
LdbcShortQuery5MessageCreator|1791329084184|1791329084185|3|1|-1
LdbcShortQuery6MessageForum|1791329084188|1791329084188|4|1|-1
LdbcShortQuery7MessageReplies|1791329084192|1791329084193|3|0|-1
LdbcQuery5|1791329080589|1791329084197|537|20|1347529138970
LdbcShortQuery1PersonProfile|1791329084734|1791329084735|3|1|-1
LdbcShortQuery2PersonPosts|1791329084738|1791329084739|4|10|-1
LdbcShortQuery3PersonFriends|1791329084743|1791329084743|9|256|-1
LdbcQuery10|1791329080589|1791329084753|300|10|1347529138970
LdbcShortQuery4MessageContent|1791329085053|1791329085053|3|1|-1
LdbcShortQuery5MessageCreator|1791329085056|1791329085056|3|1|-1
LdbcShortQuery6MessageForum|1791329085059|1791329085060|11|1|-1
LdbcShortQuery7MessageReplies|1791329085071|1791329085072|9|2|-1
LdbcShortQuery1PersonProfile|1791329085081|1791329085081|8|1|-1
LdbcShortQuery2PersonPosts|1791329085089|1791329085089|26|10|-1
LdbcShortQuery3PersonFriends|1791329085115|1791329085116|3|8|-1
LdbcShortQuery4MessageContent|1791329085119|1791329085120|3|1|-1
LdbcShortQuery5MessageCreator|1791329085123|1791329085123|3|1|-1
LdbcShortQuery6MessageForum|1791329085126|1791329085128|4|1|-1
LdbcShortQuery7MessageReplies|1791329085132|1791329085134|9|8|-1
LdbcQuery11|1791329080589|1791329085142|199|0|1347529138970
LdbcShortQuery1PersonProfile|1791329085341|1791329085343|46|1|-1
LdbcShortQuery2PersonPosts|1791329085389|1791329085389|18|10|-1
LdbcShortQuery3PersonFriends|1791329085407|1791329085408|6|16|-1
LdbcQuery3|1791329080589|1791329085415|484|0|1347529138970
LdbcShortQuery4MessageContent|1791329085899|1791329085901|4|1|-1
LdbcShortQuery5MessageCreator|1791329085905|1791329085905|3|1|-1
LdbcShortQuery6MessageForum|1791329085908|1791329085908|2|1|-1
LdbcShortQuery7MessageReplies|1791329085910|1791329085912|5|9|-1
LdbcQuery6|1791329080589|1791329085918|212|10|1347529138970
LdbcShortQuery1PersonProfile|1791329086130|1791329086130|206|1|-1
LdbcShortQuery2PersonPosts|1791329086336|1791329086336|3|10|-1
LdbcShortQuery3PersonFriends|1791329086339|1791329086340|38|7|-1
LdbcShortQuery4MessageContent|1791329086378|1791329086380|3|1|-1
LdbcShortQuery5MessageCreator|1791329086383|1791329086383|117|1|-1
LdbcShortQuery6MessageForum|1791329086500|1791329086500|2|1|-1
LdbcShortQuery7MessageReplies|1791329086502|1791329086504|41|10|-1
LdbcShortQuery1PersonProfile|1791329086545|1791329086545|4|1|-1
LdbcShortQuery2PersonPosts|1791329086549|1791329086550|192|10|-1
LdbcShortQuery3PersonFriends|1791329086742|1791329086743|105|15|-1
LdbcQuery12|1791329080589|1791329086848|385|1|1347529138970
LdbcShortQuery4MessageContent|1791329087233|1791329087234|5|1|-1
LdbcShortQuery5MessageCreator|1791329087239|1791329087240|18|1|-1
LdbcShortQuery6MessageForum|1791329087258|1791329087258|1|1|-1
LdbcShortQuery7MessageReplies|1791329087259|1791329087262|2|9|-1
LdbcQuery13|1791329080589|1791329087264|60|1|1347529138970
LdbcShortQuery1PersonProfile|1791329087324|1791329087324|8|1|-1
LdbcShortQuery2PersonPosts|1791329087332|1791329087335|14|10|-1
LdbcShortQuery3PersonFriends|1791329087349|1791329087349|4|14|-1
LdbcShortQuery4MessageContent|1791329087353|1791329087353|12|1|-1
LdbcShortQuery5MessageCreator|1791329087365|1791329087367|14|1|-1
LdbcShortQuery6MessageForum|1791329087381|1791329087381|25|1|-1
LdbcShortQuery7MessageReplies|1791329087406|1791329087407|36|9|-1
LdbcShortQuery1PersonProfile|1791329087443|1791329087445|4|1|-1
LdbcShortQuery2PersonPosts|1791329087449|1791329087450|5|10|-1
LdbcShortQuery3PersonFriends|1791329087455|1791329087456|5|7|-1
LdbcQuery7|1791329080589|1791329087461|368|20|1347529138970
LdbcShortQuery4MessageContent|1791329087829|1791329087830|16|1|-1
LdbcShortQuery5MessageCreator|1791329087846|1791329087846|6|1|-1
LdbcShortQuery6MessageForum|1791329087852|1791329087852|4|1|-1
LdbcShortQuery7MessageReplies|1791329087856|1791329087857|6|6|-1
LdbcShortQuery1PersonProfile|1791329087863|1791329087863|4|1|-1
LdbcShortQuery2PersonPosts|1791329087867|1791329087867|11|10|-1
LdbcShortQuery3PersonFriends|1791329087878|1791329087880|4|10|-1
LdbcShortQuery4MessageContent|1791329087884|1791329087884|4|1|-1
LdbcShortQuery5MessageCreator|1791329087888|1791329087888|3|1|-1
LdbcShortQuery6MessageForum|1791329087891|1791329087891|2|1|-1
LdbcShortQuery7MessageReplies|1791329087893|1791329087894|4|4|-1
LdbcQuery13|1791329081075|1791329087897|4|1|1347529187577
LdbcShortQuery1PersonProfile|1791329087901|1791329087904|2|1|-1
LdbcShortQuery2PersonPosts|1791329087906|1791329087907|4|10|-1
LdbcShortQuery3PersonFriends|1791329087911|1791329087913|4|3|-1
LdbcQuery7|1791329081075|1791329087917|12|20|1347529187577
LdbcShortQuery4MessageContent|1791329087929|1791329087930|4|1|-1
LdbcShortQuery5MessageCreator|1791329087934|1791329087934|4|1|-1
LdbcShortQuery6MessageForum|1791329087938|1791329087938|4|1|-1
LdbcShortQuery7MessageReplies|1791329087942|1791329087942|5|3|-1
LdbcShortQuery1PersonProfile|1791329087947|1791329087949|3|1|-1
LdbcShortQuery2PersonPosts|1791329087952|1791329087953|3|10|-1
LdbcShortQuery3PersonFriends|1791329087956|1791329087956|4|49|-1
LdbcShortQuery4MessageContent|1791329087960|1791329087961|2|1|-1
LdbcShortQuery5MessageCreator|1791329087963|1791329087963|2|1|-1
LdbcShortQuery6MessageForum|1791329087965|1791329087966|1|1|-1
LdbcShortQuery7MessageReplies|1791329087967|1791329087969|2|3|-1
LdbcQuery5|1791329081075|1791329087972|32|20|1347529187577
LdbcShortQuery1PersonProfile|1791329088004|1791329088005|2|1|-1
LdbcShortQuery2PersonPosts|1791329088007|1791329088009|4|10|-1
LdbcShortQuery3PersonFriends|1791329088013|1791329088013|4|70|-1
LdbcShortQuery4MessageContent|1791329088017|1791329088017|1|1|-1
LdbcShortQuery5MessageCreator|1791329088018|1791329088019|1|1|-1
LdbcShortQuery6MessageForum|1791329088020|1791329088021|1|1|-1
LdbcShortQuery7MessageReplies|1791329088022|1791329088022|1|0|-1
LdbcShortQuery1PersonProfile|1791329088023|1791329088024|1|1|-1
LdbcShortQuery2PersonPosts|1791329088025|1791329088026|2|10|-1
LdbcShortQuery3PersonFriends|1791329088028|1791329088029|1|10|-1
LdbcQuery2|1791329081075|1791329088030|22|20|1347529187577
LdbcShortQuery4MessageContent|1791329088052|1791329088053|2|1|-1
LdbcShortQuery5MessageCreator|1791329088055|1791329088055|1|1|-1
LdbcShortQuery6MessageForum|1791329088056|1791329088057|1|1|-1
LdbcShortQuery7MessageReplies|1791329088058|1791329088059|8|0|-1
LdbcShortQuery1PersonProfile|1791329088067|1791329088067|2|1|-1
LdbcShortQuery2PersonPosts|1791329088069|1791329088071|3|10|-1
LdbcShortQuery3PersonFriends|1791329088074|1791329088076|9|149|-1
LdbcShortQuery4MessageContent|1791329088085|1791329088085|10|1|-1
LdbcShortQuery5MessageCreator|1791329088095|1791329088095|2|1|-1
LdbcShortQuery6MessageForum|1791329088097|1791329088097|2|1|-1
LdbcShortQuery7MessageReplies|1791329088099|1791329088100|11|0|-1
LdbcQuery1|1791329081075|1791329088108|15|20|1347529187577
LdbcShortQuery1PersonProfile|1791329088123|1791329088128|2|1|-1
LdbcShortQuery2PersonPosts|1791329088130|1791329088130|8|10|-1
LdbcShortQuery3PersonFriends|1791329088138|1791329088138|2|40|-1
LdbcShortQuery4MessageContent|1791329088140|1791329088142|10|1|-1
LdbcShortQuery5MessageCreator|1791329088152|1791329088152|2|1|-1
LdbcShortQuery6MessageForum|1791329088154|1791329088154|3|1|-1
LdbcShortQuery7MessageReplies|1791329088157|1791329088158|2|0|-1
LdbcShortQuery1PersonProfile|1791329088160|1791329088161|6|1|-1
LdbcShortQuery2PersonPosts|1791329088167|1791329088169|8|10|-1
LdbcShortQuery3PersonFriends|1791329088177|1791329088178|3|4|-1
LdbcShortQuery4MessageContent|1791329088181|1791329088181|2|1|-1
LdbcShortQuery5MessageCreator|1791329088183|1791329088184|6|1|-1
LdbcShortQuery6MessageForum|1791329088190|1791329088190|2|1|-1
LdbcShortQuery7MessageReplies|1791329088192|1791329088193|6|0|-1
LdbcQuery14|1791329081075|1791329088197|139|8|1347529187577
LdbcShortQuery4MessageContent|1791329088336|1791329088338|4|1|-1
LdbcShortQuery5MessageCreator|1791329088342|1791329088342|29|1|-1
LdbcShortQuery6MessageForum|1791329088371|1791329088371|3|1|-1
LdbcShortQuery7MessageReplies|1791329088374|1791329088375|3|6|-1
LdbcShortQuery1PersonProfile|1791329088378|1791329088379|18|1|-1
LdbcShortQuery2PersonPosts|1791329088397|1791329088398|3|10|-1
LdbcShortQuery3PersonFriends|1791329088401|1791329088401|2|16|-1
LdbcShortQuery4MessageContent|1791329088403|1791329088403|3|1|-1
LdbcShortQuery5MessageCreator|1791329088406|1791329088406|1|1|-1
LdbcShortQuery6MessageForum|1791329088407|1791329088408|1|1|-1
LdbcShortQuery7MessageReplies|1791329088409|1791329088410|2|3|-1
LdbcQuery9|1791329081075|1791329088412|249|20|1347529187577
LdbcShortQuery1PersonProfile|1791329088661|1791329088662|43|1|-1
LdbcShortQuery2PersonPosts|1791329088705|1791329088706|2|10|-1
LdbcShortQuery3PersonFriends|1791329088708|1791329088711|24|6|-1
LdbcShortQuery4MessageContent|1791329088735|1791329088736|31|1|-1
LdbcShortQuery5MessageCreator|1791329088767|1791329088769|5|1|-1
LdbcShortQuery6MessageForum|1791329088774|1791329088775|16|1|-1
LdbcShortQuery7MessageReplies|1791329088791|1791329088792|5|6|-1
LdbcQuery4|1791329081075|1791329088797|15|1|1347529187577
LdbcShortQuery4MessageContent|1791329088812|1791329088813|2|1|-1
LdbcShortQuery5MessageCreator|1791329088815|1791329088815|2|1|-1
LdbcShortQuery6MessageForum|1791329088817|1791329088818|2|1|-1
LdbcShortQuery7MessageReplies|1791329088820|1791329088820|5|4|-1
LdbcQuery8|1791329081075|1791329088826|21|20|1347529187577
LdbcShortQuery1PersonProfile|1791329088847|1791329088847|5|1|-1
LdbcShortQuery2PersonPosts|1791329088852|1791329088852|4|10|-1
LdbcShortQuery3PersonFriends|1791329088856|1791329088857|3|45|-1
LdbcQuery12|1791329081075|1791329088861|180|2|1347529187577
LdbcShortQuery4MessageContent|1791329089041|1791329089043|3|1|-1
LdbcShortQuery5MessageCreator|1791329089046|1791329089046|2|1|-1
LdbcShortQuery6MessageForum|1791329089048|1791329089048|1|1|-1
LdbcShortQuery7MessageReplies|1791329089049|1791329089050|3|8|-1
LdbcQuery3|1791329081075|1791329089054|257|0|1347529187577
LdbcShortQuery1PersonProfile|1791329089311|1791329089313|4|1|-1
LdbcShortQuery2PersonPosts|1791329089317|1791329089317|2|10|-1
LdbcShortQuery3PersonFriends|1791329089319|1791329089320|2|18|-1
LdbcQuery10|1791329081075|1791329089322|140|10|1347529187577
LdbcShortQuery4MessageContent|1791329089462|1791329089463|11|1|-1
LdbcShortQuery5MessageCreator|1791329089474|1791329089474|17|1|-1
LdbcShortQuery6MessageForum|1791329089491|1791329089492|1|1|-1
LdbcShortQuery7MessageReplies|1791329089493|1791329089494|1|7|-1
LdbcShortQuery1PersonProfile|1791329089495|1791329089496|2|1|-1
LdbcShortQuery2PersonPosts|1791329089498|1791329089500|9|10|-1
LdbcShortQuery3PersonFriends|1791329089509|1791329089510|26|2|-1
LdbcQuery11|1791329081075|1791329089533|45|1|1347529187577
LdbcShortQuery1PersonProfile|1791329089578|1791329089582|3|1|-1
LdbcShortQuery2PersonPosts|1791329089585|1791329089586|32|10|-1
LdbcShortQuery3PersonFriends|1791329089618|1791329089618|53|3|-1
LdbcShortQuery4MessageContent|1791329089671|1791329089671|9|1|-1
LdbcShortQuery5MessageCreator|1791329089680|1791329089682|34|1|-1
LdbcShortQuery6MessageForum|1791329089716|1791329089716|2|1|-1
LdbcShortQuery7MessageReplies|1791329089718|1791329089719|2|7|-1
LdbcShortQuery1PersonProfile|1791329089721|1791329089721|1|1|-1
LdbcShortQuery2PersonPosts|1791329089722|1791329089722|30|10|-1
LdbcShortQuery3PersonFriends|1791329089752|1791329089752|2|7|-1
LdbcQuery6|1791329081075|1791329089755|124|1|1347529187577
LdbcShortQuery4MessageContent|1791329089879|1791329089880|3|1|-1
LdbcShortQuery5MessageCreator|1791329089883|1791329089885|6|1|-1
LdbcShortQuery6MessageForum|1791329089891|1791329089893|2|1|-1
LdbcShortQuery7MessageReplies|1791329089895|1791329089897|3|6|-1
LdbcShortQuery1PersonProfile|1791329089900|1791329089901|14|1|-1
LdbcShortQuery2PersonPosts|1791329089915|1791329089915|6|10|-1
LdbcShortQuery3PersonFriends|1791329089921|1791329089922|5|32|-1
LdbcQuery11|1791329081561|1791329089927|66|0|1347529236184
LdbcShortQuery1PersonProfile|1791329089993|1791329089994|3|1|-1
LdbcShortQuery2PersonPosts|1791329089997|1791329089997|4|10|-1
LdbcShortQuery3PersonFriends|1791329090001|1791329090002|7|19|-1
LdbcShortQuery4MessageContent|1791329090009|1791329090009|2|1|-1
LdbcShortQuery5MessageCreator|1791329090011|1791329090012|9|1|-1
LdbcShortQuery6MessageForum|1791329090021|1791329090021|6|1|-1
LdbcShortQuery7MessageReplies|1791329090027|1791329090027|3|0|-1
LdbcQuery6|1791329081561|1791329090030|49|10|1347529236184
LdbcShortQuery4MessageContent|1791329090079|1791329090082|4|1|-1
LdbcShortQuery5MessageCreator|1791329090086|1791329090087|5|1|-1
LdbcShortQuery6MessageForum|1791329090092|1791329090092|2|1|-1
LdbcShortQuery7MessageReplies|1791329090094|1791329090095|2|8|-1
LdbcShortQuery1PersonProfile|1791329090097|1791329090097|2|1|-1
LdbcShortQuery2PersonPosts|1791329090099|1791329090100|4|10|-1
LdbcShortQuery3PersonFriends|1791329090104|1791329090104|3|44|-1
LdbcQuery9|1791329081561|1791329090108|103|20|1347529236184
LdbcShortQuery1PersonProfile|1791329090211|1791329090212|11|1|-1
LdbcShortQuery2PersonPosts|1791329090223|1791329090224|4|10|-1
LdbcShortQuery3PersonFriends|1791329090228|1791329090228|26|74|-1
LdbcShortQuery4MessageContent|1791329090254|1791329090254|9|1|-1
LdbcShortQuery5MessageCreator|1791329090263|1791329090263|48|1|-1
LdbcShortQuery6MessageForum|1791329090311|1791329090313|20|1|-1
LdbcShortQuery7MessageReplies|1791329090333|1791329090333|24|0|-1
LdbcShortQuery1PersonProfile|1791329090357|1791329090358|3|1|-1
LdbcShortQuery2PersonPosts|1791329090361|1791329090361|6|10|-1
LdbcShortQuery3PersonFriends|1791329090367|1791329090367|1|4|-1
LdbcShortQuery4MessageContent|1791329090368|1791329090371|3|1|-1
LdbcShortQuery5MessageCreator|1791329090374|1791329090375|25|1|-1
LdbcShortQuery6MessageForum|1791329090400|1791329090402|3|1|-1
LdbcShortQuery7MessageReplies|1791329090405|1791329090406|2|0|-1
LdbcQuery5|1791329081561|1791329090406|159|20|1347529236184
LdbcShortQuery4MessageContent|1791329090565|1791329090569|3|1|-1
LdbcShortQuery5MessageCreator|1791329090572|1791329090573|21|1|-1
LdbcShortQuery6MessageForum|1791329090594|1791329090594|12|1|-1
LdbcShortQuery7MessageReplies|1791329090606|1791329090608|18|0|-1
LdbcShortQuery1PersonProfile|1791329090626|1791329090626|3|1|-1
LdbcShortQuery2PersonPosts|1791329090629|1791329090630|4|4|-1
LdbcShortQuery3PersonFriends|1791329090634|1791329090637|4|8|-1
LdbcQuery13|1791329081561|1791329090641|4|1|1347529236184
LdbcShortQuery1PersonProfile|1791329090645|1791329090646|32|1|-1
LdbcShortQuery2PersonPosts|1791329090678|1791329090679|8|10|-1
LdbcShortQuery3PersonFriends|1791329090687|1791329090688|5|47|-1
LdbcShortQuery4MessageContent|1791329090693|1791329090694|18|1|-1
LdbcShortQuery5MessageCreator|1791329090712|1791329090713|25|1|-1
LdbcShortQuery6MessageForum|1791329090738|1791329090740|9|1|-1
LdbcShortQuery7MessageReplies|1791329090749|1791329090750|2|0|-1
LdbcShortQuery1PersonProfile|1791329090752|1791329090754|5|1|-1
LdbcShortQuery2PersonPosts|1791329090759|1791329090759|5|10|-1
LdbcShortQuery3PersonFriends|1791329090764|1791329090768|12|9|-1
LdbcQuery7|1791329081561|1791329090780|18|20|1347529236184
LdbcShortQuery4MessageContent|1791329090798|1791329090800|6|1|-1
LdbcShortQuery5MessageCreator|1791329090806|1791329090808|3|1|-1
LdbcShortQuery6MessageForum|1791329090811|1791329090812|3|1|-1
LdbcShortQuery7MessageReplies|1791329090815|1791329090815|3|0|-1
LdbcShortQuery1PersonProfile|1791329090818|1791329090820|4|1|-1
LdbcShortQuery2PersonPosts|1791329090824|1791329090825|7|10|-1
LdbcShortQuery3PersonFriends|1791329090832|1791329090834|3|27|-1
LdbcQuery14|1791329081561|1791329090838|54|10|1347529236184
LdbcShortQuery1PersonProfile|1791329090892|1791329090892|3|1|-1
LdbcShortQuery2PersonPosts|1791329090895|1791329090896|16|10|-1
LdbcShortQuery3PersonFriends|1791329090912|1791329090917|4|96|-1
LdbcShortQuery4MessageContent|1791329090921|1791329090921|3|1|-1
LdbcShortQuery5MessageCreator|1791329090924|1791329090925|3|1|-1
LdbcShortQuery6MessageForum|1791329090928|1791329090928|3|1|-1
LdbcShortQuery7MessageReplies|1791329090931|1791329090933|5|9|-1
LdbcShortQuery1PersonProfile|1791329090938|1791329090939|3|1|-1
LdbcShortQuery2PersonPosts|1791329090942|1791329090943|4|10|-1
LdbcShortQuery3PersonFriends|1791329090947|1791329090948|3|40|-1
LdbcShortQuery4MessageContent|1791329090951|1791329090953|3|1|-1
LdbcShortQuery5MessageCreator|1791329090956|1791329090957|2|1|-1
LdbcShortQuery6MessageForum|1791329090959|1791329090961|2|1|-1
LdbcShortQuery7MessageReplies|1791329090963|1791329090963|3|6|-1
LdbcQuery2|1791329081561|1791329090966|12|20|1347529236184
LdbcShortQuery4MessageContent|1791329090978|1791329090979|10|1|-1
LdbcShortQuery5MessageCreator|1791329090989|1791329090989|2|1|-1
LdbcShortQuery6MessageForum|1791329090991|1791329090992|3|1|-1
LdbcShortQuery7MessageReplies|1791329090995|1791329090995|3|4|-1
LdbcShortQuery1PersonProfile|1791329090998|1791329090999|4|1|-1
LdbcShortQuery2PersonPosts|1791329091003|1791329091004|9|6|-1
LdbcShortQuery3PersonFriends|1791329091013|1791329091015|2|31|-1
LdbcQuery1|1791329081561|1791329091017|26|19|1347529236184
LdbcShortQuery1PersonProfile|1791329091043|1791329091045|2|1|-1
LdbcShortQuery2PersonPosts|1791329091047|1791329091047|7|10|-1
LdbcShortQuery3PersonFriends|1791329091054|1791329091055|2|9|-1
LdbcShortQuery4MessageContent|1791329091057|1791329091057|6|1|-1
LdbcShortQuery5MessageCreator|1791329091063|1791329091063|3|1|-1
LdbcShortQuery6MessageForum|1791329091066|1791329091067|3|1|-1
LdbcShortQuery7MessageReplies|1791329091070|1791329091071|3|3|-1
LdbcShortQuery1PersonProfile|1791329091074|1791329091075|2|1|-1
LdbcShortQuery2PersonPosts|1791329091077|1791329091079|2|10|-1
LdbcShortQuery3PersonFriends|1791329091081|1791329091082|2|0|-1
LdbcQuery10|1791329081561|1791329091084|59|10|1347529236184
LdbcShortQuery4MessageContent|1791329091143|1791329091145|2|1|-1
LdbcShortQuery5MessageCreator|1791329091147|1791329091147|2|1|-1
LdbcShortQuery6MessageForum|1791329091149|1791329091149|4|1|-1
LdbcShortQuery7MessageReplies|1791329091153|1791329091153|9|3|-1
LdbcShortQuery1PersonProfile|1791329091162|1791329091163|3|1|-1
LdbcShortQuery2PersonPosts|1791329091166|1791329091166|2|10|-1
LdbcShortQuery3PersonFriends|1791329091168|1791329091171|11|45|-1
LdbcShortQuery4MessageContent|1791329091182|1791329091182|2|1|-1
LdbcShortQuery5MessageCreator|1791329091184|1791329091184|1|1|-1
LdbcShortQuery6MessageForum|1791329091185|1791329091186|1|1|-1
LdbcShortQuery7MessageReplies|1791329091187|1791329091188|8|0|-1
LdbcShortQuery1PersonProfile|1791329091196|1791329091196|8|1|-1
LdbcShortQuery2PersonPosts|1791329091204|1791329091204|28|10|-1
LdbcShortQuery3PersonFriends|1791329091232|1791329091233|8|7|-1
LdbcQuery12|1791329081561|1791329091242|120|1|1347529236184
LdbcShortQuery1PersonProfile|1791329091362|1791329091363|2|1|-1
LdbcShortQuery2PersonPosts|1791329091365|1791329091367|3|10|-1
LdbcShortQuery3PersonFriends|1791329091370|1791329091372|3|53|-1
LdbcShortQuery4MessageContent|1791329091375|1791329091377|3|1|-1
LdbcShortQuery5MessageCreator|1791329091380|1791329091380|1|1|-1
LdbcShortQuery6MessageForum|1791329091381|1791329091382|2|1|-1
LdbcShortQuery7MessageReplies|1791329091384|1791329091384|1|0|-1
LdbcQuery4|1791329081561|1791329091386|3|0|1347529236184
LdbcShortQuery4MessageContent|1791329091389|1791329091389|1|1|-1
LdbcShortQuery5MessageCreator|1791329091390|1791329091391|2|1|-1
LdbcShortQuery6MessageForum|1791329091393|1791329091394|4|1|-1
LdbcShortQuery7MessageReplies|1791329091398|1791329091400|10|0|-1
LdbcShortQuery1PersonProfile|1791329091410|1791329091411|1|1|-1
LdbcShortQuery2PersonPosts|1791329091412|1791329091412|11|10|-1
LdbcShortQuery3PersonFriends|1791329091423|1791329091425|9|7|-1
LdbcShortQuery4MessageContent|1791329091434|1791329091436|37|1|-1
LdbcShortQuery5MessageCreator|1791329091473|1791329091473|2|1|-1
LdbcShortQuery6MessageForum|1791329091475|1791329091476|2|1|-1
LdbcShortQuery7MessageReplies|1791329091478|1791329091478|2|0|-1
LdbcQuery8|1791329081561|1791329091481|5|20|1347529236184
LdbcShortQuery1PersonProfile|1791329091486|1791329091487|5|1|-1
LdbcShortQuery2PersonPosts|1791329091492|1791329091493|7|10|-1
LdbcShortQuery3PersonFriends|1791329091500|1791329091500|14|3|-1
LdbcShortQuery4MessageContent|1791329091514|1791329091514|29|1|-1
LdbcShortQuery5MessageCreator|1791329091543|1791329091543|2|1|-1
LdbcShortQuery6MessageForum|1791329091545|1791329091547|3|1|-1
LdbcShortQuery7MessageReplies|1791329091550|1791329091551|2|0|-1
LdbcShortQuery1PersonProfile|1791329091553|1791329091554|10|1|-1
LdbcShortQuery2PersonPosts|1791329091564|1791329091564|7|10|-1
LdbcShortQuery3PersonFriends|1791329091571|1791329091573|4|149|-1
LdbcQuery3|1791329081561|1791329091578|152|0|1347529236184
LdbcShortQuery4MessageContent|1791329091730|1791329091730|40|1|-1
LdbcShortQuery5MessageCreator|1791329091770|1791329091770|3|1|-1
LdbcShortQuery6MessageForum|1791329091773|1791329091775|2|1|-1
LdbcShortQuery7MessageReplies|1791329091777|1791329091778|2|0|-1
LdbcShortQuery1PersonProfile|1791329091780|1791329091781|35|1|-1
LdbcShortQuery2PersonPosts|1791329091816|1791329091817|17|10|-1
LdbcShortQuery3PersonFriends|1791329091834|1791329091836|5|46|-1
LdbcShortQuery4MessageContent|1791329091841|1791329091843|3|1|-1
LdbcShortQuery5MessageCreator|1791329091846|1791329091846|2|1|-1
LdbcShortQuery6MessageForum|1791329091848|1791329091849|2|1|-1
LdbcShortQuery7MessageReplies|1791329091851|1791329091851|2|0|-1
LdbcQuery8|1791329082047|1791329091854|7|20|1347529284791
LdbcShortQuery1PersonProfile|1791329091861|1791329091861|2|1|-1
LdbcShortQuery2PersonPosts|1791329091863|1791329091863|2|10|-1
LdbcShortQuery3PersonFriends|1791329091865|1791329091866|3|100|-1
LdbcShortQuery4MessageContent|1791329091869|1791329091870|2|1|-1
LdbcShortQuery5MessageCreator|1791329091872|1791329091874|2|1|-1
LdbcShortQuery6MessageForum|1791329091876|1791329091878|2|1|-1
LdbcShortQuery7MessageReplies|1791329091880|1791329091880|3|7|-1
LdbcQuery3|1791329082047|1791329091884|92|0|1347529284791
LdbcShortQuery4MessageContent|1791329091976|1791329091976|3|1|-1
LdbcShortQuery5MessageCreator|1791329091979|1791329091979|5|1|-1
LdbcShortQuery6MessageForum|1791329091984|1791329091985|10|1|-1
LdbcShortQuery7MessageReplies|1791329091995|1791329091995|17|2|-1
LdbcShortQuery1PersonProfile|1791329092012|1791329092013|3|1|-1
LdbcShortQuery2PersonPosts|1791329092016|1791329092016|4|10|-1
LdbcShortQuery3PersonFriends|1791329092020|1791329092021|6|69|-1
LdbcShortQuery4MessageContent|1791329092027|1791329092028|9|1|-1
LdbcShortQuery5MessageCreator|1791329092037|1791329092037|4|1|-1
LdbcShortQuery6MessageForum|1791329092041|1791329092041|4|1|-1
LdbcShortQuery7MessageReplies|1791329092045|1791329092046|3|0|-1
LdbcQuery14|1791329082047|1791329092050|5|1|1347529284791
LdbcShortQuery1PersonProfile|1791329092055|1791329092055|1|1|-1
LdbcShortQuery2PersonPosts|1791329092056|1791329092057|2|10|-1
LdbcShortQuery3PersonFriends|1791329092059|1791329092059|2|38|-1
LdbcShortQuery4MessageContent|1791329092061|1791329092062|5|1|-1
LdbcShortQuery5MessageCreator|1791329092067|1791329092069|1|1|-1
LdbcShortQuery6MessageForum|1791329092070|1791329092072|1|1|-1
LdbcShortQuery7MessageReplies|1791329092073|1791329092075|1|0|-1
LdbcQuery9|1791329082047|1791329092075|77|20|1347529284791
LdbcShortQuery4MessageContent|1791329092152|1791329092154|2|1|-1
LdbcShortQuery5MessageCreator|1791329092156|1791329092156|2|1|-1
LdbcShortQuery6MessageForum|1791329092158|1791329092158|2|1|-1
LdbcShortQuery7MessageReplies|1791329092160|1791329092160|1|0|-1
LdbcShortQuery1PersonProfile|1791329092161|1791329092162|1|1|-1
LdbcShortQuery2PersonPosts|1791329092163|1791329092166|2|10|-1
LdbcShortQuery3PersonFriends|1791329092168|1791329092169|2|63|-1
LdbcQuery11|1791329082047|1791329092169|3|0|1347529284791
LdbcShortQuery1PersonProfile|1791329092172|1791329092173|1|1|-1
LdbcShortQuery2PersonPosts|1791329092174|1791329092177|1|10|-1
LdbcShortQuery3PersonFriends|1791329092178|1791329092179|0|10|-1
LdbcShortQuery4MessageContent|1791329092179|1791329092179|0|1|-1
LdbcShortQuery5MessageCreator|1791329092179|1791329092180|0|1|-1
LdbcShortQuery6MessageForum|1791329092180|1791329092181|0|1|-1
LdbcShortQuery7MessageReplies|1791329092181|1791329092182|0|2|-1
LdbcQuery6|1791329082047|1791329092183|42|10|1347529284791
LdbcShortQuery4MessageContent|1791329092225|1791329092225|3|1|-1
LdbcShortQuery5MessageCreator|1791329092228|1791329092229|2|1|-1
LdbcShortQuery6MessageForum|1791329092231|1791329092233|5|1|-1
LdbcShortQuery7MessageReplies|1791329092238|1791329092238|2|3|-1
LdbcShortQuery1PersonProfile|1791329092240|1791329092242|1|1|-1
LdbcShortQuery2PersonPosts|1791329092243|1791329092245|2|10|-1
LdbcShortQuery3PersonFriends|1791329092247|1791329092248|1|3|-1
LdbcQuery7|1791329082047|1791329092250|96|20|1347529284791
LdbcShortQuery1PersonProfile|1791329092346|1791329092346|8|1|-1
LdbcShortQuery2PersonPosts|1791329092354|1791329092354|8|10|-1
LdbcShortQuery3PersonFriends|1791329092362|1791329092362|1|6|-1
LdbcQuery5|1791329082047|1791329092366|41|20|1347529284791
LdbcShortQuery4MessageContent|1791329092407|1791329092409|2|1|-1
LdbcShortQuery5MessageCreator|1791329092411|1791329092413|54|1|-1
LdbcShortQuery6MessageForum|1791329092467|1791329092467|3|1|-1
LdbcShortQuery7MessageReplies|1791329092470|1791329092471|22|0|-1
LdbcQuery13|1791329082047|1791329092493|2|1|1347529284791
LdbcShortQuery1PersonProfile|1791329092495|1791329092496|2|1|-1
LdbcShortQuery2PersonPosts|1791329092498|1791329092498|5|10|-1
LdbcShortQuery3PersonFriends|1791329092503|1791329092504|36|96|-1
LdbcQuery4|1791329082047|1791329092539|3|3|1347529284791
LdbcShortQuery4MessageContent|1791329092542|1791329092544|1|1|-1
LdbcShortQuery5MessageCreator|1791329092545|1791329092545|0|1|-1
LdbcShortQuery6MessageForum|1791329092545|1791329092547|0|1|-1
LdbcShortQuery7MessageReplies|1791329092547|1791329092548|1|9|-1
LdbcShortQuery1PersonProfile|1791329092549|1791329092549|2|1|-1
LdbcShortQuery2PersonPosts|1791329092551|1791329092551|2|10|-1
LdbcShortQuery3PersonFriends|1791329092553|1791329092553|1|5|-1
LdbcQuery10|1791329082047|1791329092555|102|10|1347529284791
LdbcShortQuery1PersonProfile|1791329092657|1791329092658|2|1|-1
LdbcShortQuery2PersonPosts|1791329092660|1791329092660|6|0|-1
LdbcShortQuery3PersonFriends|1791329092666|1791329092666|13|12|-1
LdbcShortQuery4MessageContent|1791329092679|1791329092680|34|1|-1
LdbcShortQuery5MessageCreator|1791329092714|1791329092715|39|1|-1
LdbcShortQuery6MessageForum|1791329092754|1791329092754|2|1|-1
LdbcShortQuery7MessageReplies|1791329092756|1791329092756|30|0|-1
LdbcShortQuery1PersonProfile|1791329092786|1791329092786|13|1|-1
LdbcShortQuery2PersonPosts|1791329092799|1791329092799|3|10|-1
LdbcShortQuery3PersonFriends|1791329092802|1791329092803|5|41|-1
LdbcQuery2|1791329082047|1791329092807|5|20|1347529284791
LdbcShortQuery4MessageContent|1791329092812|1791329092815|1|1|-1
LdbcShortQuery5MessageCreator|1791329092816|1791329092817|1|1|-1
LdbcShortQuery6MessageForum|1791329092818|1791329092818|0|1|-1
LdbcShortQuery7MessageReplies|1791329092818|1791329092818|0|0|-1
LdbcQuery1|1791329082047|1791329092819|27|20|1347529284791
LdbcShortQuery1PersonProfile|1791329092846|1791329092847|2|1|-1
LdbcShortQuery2PersonPosts|1791329092849|1791329092849|12|10|-1
LdbcShortQuery3PersonFriends|1791329092861|1791329092862|4|45|-1
LdbcShortQuery4MessageContent|1791329092866|1791329092868|3|1|-1
LdbcShortQuery5MessageCreator|1791329092871|1791329092872|2|1|-1
LdbcShortQuery6MessageForum|1791329092874|1791329092876|2|1|-1
LdbcShortQuery7MessageReplies|1791329092878|1791329092879|4|0|-1
LdbcShortQuery1PersonProfile|1791329092883|1791329092883|9|1|-1
LdbcShortQuery2PersonPosts|1791329092892|1791329092892|5|10|-1
LdbcShortQuery3PersonFriends|1791329092897|1791329092900|11|44|-1
LdbcQuery12|1791329082047|1791329092908|65|1|1347529284791
LdbcShortQuery4MessageContent|1791329092973|1791329092974|2|1|-1
LdbcShortQuery5MessageCreator|1791329092976|1791329092979|5|1|-1
LdbcShortQuery6MessageForum|1791329092984|1791329092985|1|1|-1
LdbcShortQuery7MessageReplies|1791329092986|1791329092986|4|6|-1
LdbcQuery1|1791329082533|1791329092991|6|2|1347529333398
LdbcShortQuery1PersonProfile|1791329092997|1791329093000|2|1|-1
LdbcShortQuery2PersonPosts|1791329093002|1791329093003|3|10|-1
LdbcShortQuery3PersonFriends|1791329093006|1791329093008|8|8|-1
LdbcShortQuery4MessageContent|1791329093016|1791329093016|7|1|-1
LdbcShortQuery5MessageCreator|1791329093023|1791329093024|6|1|-1
LdbcShortQuery6MessageForum|1791329093030|1791329093031|13|1|-1
LdbcShortQuery7MessageReplies|1791329093044|1791329093046|2|0|-1
LdbcQuery12|1791329082533|1791329093048|49|1|1347529333398
LdbcShortQuery4MessageContent|1791329093097|1791329093099|2|1|-1
LdbcShortQuery5MessageCreator|1791329093101|1791329093102|3|1|-1
LdbcShortQuery6MessageForum|1791329093105|1791329093105|5|1|-1
LdbcShortQuery7MessageReplies|1791329093110|1791329093111|4|0|-1
LdbcQuery7|1791329082533|1791329093115|13|20|1347529333398
LdbcShortQuery1PersonProfile|1791329093128|1791329093129|3|1|-1
LdbcShortQuery2PersonPosts|1791329093132|1791329093134|3|10|-1
LdbcShortQuery3PersonFriends|1791329093137|1791329093138|2|40|-1
LdbcQuery14|1791329082533|1791329093138|16|1|1347529333398
LdbcShortQuery4MessageContent|1791329093154|1791329093157|3|1|-1
LdbcShortQuery5MessageCreator|1791329093160|1791329093160|3|1|-1
LdbcShortQuery6MessageForum|1791329093163|1791329093165|1|1|-1
LdbcShortQuery7MessageReplies|1791329093166|1791329093168|1|0|-1
LdbcQuery8|1791329082533|1791329093168|2|20|1347529333398
LdbcShortQuery1PersonProfile|1791329093170|1791329093172|0|1|-1
LdbcShortQuery2PersonPosts|1791329093172|1791329093172|1|10|-1
LdbcShortQuery3PersonFriends|1791329093173|1791329093176|9|64|-1
LdbcShortQuery4MessageContent|1791329093185|1791329093186|3|1|-1
LdbcShortQuery5MessageCreator|1791329093189|1791329093189|2|1|-1
LdbcShortQuery6MessageForum|1791329093191|1791329093191|3|1|-1
LdbcShortQuery7MessageReplies|1791329093194|1791329093194|2|1|-1
LdbcShortQuery1PersonProfile|1791329093196|1791329093196|2|1|-1
LdbcShortQuery2PersonPosts|1791329093198|1791329093199|2|10|-1
LdbcShortQuery3PersonFriends|1791329093201|1791329093203|2|29|-1
LdbcQuery3|1791329082533|1791329093203|92|0|1347529333398
LdbcShortQuery4MessageContent|1791329093295|1791329093297|3|1|-1
LdbcShortQuery5MessageCreator|1791329093300|1791329093300|3|1|-1
LdbcShortQuery6MessageForum|1791329093303|1791329093304|4|1|-1
LdbcShortQuery7MessageReplies|1791329093308|1791329093308|1|0|-1
LdbcQuery6|1791329082533|1791329093308|41|10|1347529333398
LdbcShortQuery1PersonProfile|1791329093349|1791329093352|1|1|-1
LdbcShortQuery2PersonPosts|1791329093353|1791329093354|1|10|-1
LdbcShortQuery3PersonFriends|1791329093355|1791329093355|1|81|-1
LdbcQuery9|1791329082533|1791329093357|98|20|1347529333398
LdbcShortQuery4MessageContent|1791329093455|1791329093455|3|1|-1
LdbcShortQuery5MessageCreator|1791329093458|1791329093458|3|1|-1
LdbcShortQuery6MessageForum|1791329093461|1791329093462|2|1|-1
LdbcShortQuery7MessageReplies|1791329093464|1791329093466|1|0|-1
LdbcShortQuery1PersonProfile|1791329093467|1791329093469|9|1|-1
LdbcShortQuery2PersonPosts|1791329093478|1791329093479|2|10|-1
LdbcShortQuery3PersonFriends|1791329093481|1791329093482|3|39|-1
LdbcShortQuery4MessageContent|1791329093485|1791329093485|4|1|-1
LdbcShortQuery5MessageCreator|1791329093489|1791329093489|3|1|-1
LdbcShortQuery6MessageForum|1791329093492|1791329093493|3|1|-1
LdbcShortQuery7MessageReplies|1791329093496|1791329093497|3|0|-1
LdbcQuery11|1791329082533|1791329093500|6|0|1347529333398
LdbcShortQuery1PersonProfile|1791329093506|1791329093507|2|1|-1
LdbcShortQuery2PersonPosts|1791329093509|1791329093509|2|10|-1
LdbcShortQuery3PersonFriends|1791329093511|1791329093512|3|86|-1
LdbcQuery2|1791329082533|1791329093515|11|20|1347529333398
LdbcShortQuery4MessageContent|1791329093526|1791329093526|2|1|-1
LdbcShortQuery5MessageCreator|1791329093528|1791329093529|2|1|-1
LdbcShortQuery6MessageForum|1791329093531|1791329093532|2|1|-1
LdbcShortQuery7MessageReplies|1791329093534|1791329093536|1|0|-1
LdbcShortQuery1PersonProfile|1791329093537|1791329093540|2|1|-1
LdbcShortQuery2PersonPosts|1791329093542|1791329093543|2|10|-1
LdbcShortQuery3PersonFriends|1791329093545|1791329093545|1|9|-1
LdbcQuery4|1791329082533|1791329093546|1|0|1347529333398
LdbcShortQuery1PersonProfile|1791329093547|1791329093548|1|1|-1
LdbcShortQuery2PersonPosts|1791329093549|1791329093550|1|10|-1
LdbcShortQuery3PersonFriends|1791329093551|1791329093551|1|12|-1
LdbcShortQuery4MessageContent|1791329093552|1791329093553|1|1|-1
LdbcShortQuery5MessageCreator|1791329093554|1791329093554|1|1|-1
LdbcShortQuery6MessageForum|1791329093555|1791329093556|1|1|-1
LdbcShortQuery7MessageReplies|1791329093557|1791329093558|1|0|-1
LdbcQuery5|1791329082533|1791329093560|108|20|1347529333398
LdbcShortQuery4MessageContent|1791329093668|1791329093668|5|1|-1
LdbcShortQuery5MessageCreator|1791329093673|1791329093675|2|1|-1
LdbcShortQuery6MessageForum|1791329093677|1791329093679|3|1|-1
LdbcShortQuery7MessageReplies|1791329093682|1791329093682|2|0|-1
LdbcShortQuery1PersonProfile|1791329093684|1791329093684|2|1|-1
LdbcShortQuery2PersonPosts|1791329093686|1791329093687|3|10|-1
LdbcShortQuery3PersonFriends|1791329093690|1791329093690|2|53|-1
LdbcQuery13|1791329082533|1791329093693|3|1|1347529333398
LdbcShortQuery1PersonProfile|1791329093696|1791329093696|2|1|-1
LdbcShortQuery2PersonPosts|1791329093698|1791329093699|15|10|-1
LdbcShortQuery3PersonFriends|1791329093714|1791329093714|2|26|-1
LdbcShortQuery4MessageContent|1791329093716|1791329093718|3|1|-1
LdbcShortQuery5MessageCreator|1791329093721|1791329093722|2|1|-1
LdbcShortQuery6MessageForum|1791329093724|1791329093724|0|1|-1
LdbcShortQuery7MessageReplies|1791329093724|1791329093724|0|0|-1
LdbcQuery10|1791329082533|1791329093725|53|10|1347529333398
LdbcShortQuery4MessageContent|1791329093778|1791329093779|11|1|-1
LdbcShortQuery5MessageCreator|1791329093790|1791329093791|2|1|-1
LdbcShortQuery6MessageForum|1791329093793|1791329093794|3|1|-1
LdbcShortQuery7MessageReplies|1791329093797|1791329093799|3|0|-1
LdbcShortQuery1PersonProfile|1791329093802|1791329093803|3|1|-1
LdbcShortQuery2PersonPosts|1791329093806|1791329093807|3|10|-1
LdbcShortQuery3PersonFriends|1791329093810|1791329093812|2|10|-1
LdbcQuery13|1791329083019|1791329093814|2|1|1347529382005
LdbcShortQuery1PersonProfile|1791329093816|1791329093817|2|1|-1
LdbcShortQuery2PersonPosts|1791329093819|1791329093819|2|10|-1
LdbcShortQuery3PersonFriends|1791329093821|1791329093822|2|44|-1
LdbcQuery10|1791329083019|1791329093825|18|10|1347529382005
LdbcShortQuery4MessageContent|1791329093843|1791329093844|2|1|-1
LdbcShortQuery5MessageCreator|1791329093846|1791329093847|3|1|-1
LdbcShortQuery6MessageForum|1791329093850|1791329093850|2|1|-1
LdbcShortQuery7MessageReplies|1791329093852|1791329093852|3|1|-1
LdbcShortQuery1PersonProfile|1791329093855|1791329093855|3|1|-1
LdbcShortQuery2PersonPosts|1791329093858|1791329093859|3|10|-1
LdbcShortQuery3PersonFriends|1791329093862|1791329093863|3|44|-1
LdbcShortQuery4MessageContent|1791329093866|1791329093866|2|1|-1
LdbcShortQuery5MessageCreator|1791329093868|1791329093871|2|1|-1
LdbcShortQuery6MessageForum|1791329093873|1791329093874|1|1|-1
LdbcShortQuery7MessageReplies|1791329093875|1791329093877|3|0|-1
LdbcQuery6|1791329083019|1791329093880|73|10|1347529382005
LdbcShortQuery1PersonProfile|1791329093953|1791329093954|5|1|-1
LdbcShortQuery2PersonPosts|1791329093959|1791329093959|3|10|-1
LdbcShortQuery3PersonFriends|1791329093962|1791329093963|3|5|-1
LdbcShortQuery4MessageContent|1791329093966|1791329093966|5|1|-1
LdbcShortQuery5MessageCreator|1791329093971|1791329093973|2|1|-1
LdbcShortQuery6MessageForum|1791329093975|1791329093977|2|1|-1
LdbcShortQuery7MessageReplies|1791329093979|1791329093980|2|7|-1
LdbcQuery7|1791329083019|1791329093983|4|20|1347529382005
LdbcShortQuery4MessageContent|1791329093987|1791329093987|1|1|-1
LdbcShortQuery5MessageCreator|1791329093988|1791329093989|10|1|-1
LdbcShortQuery6MessageForum|1791329093999|1791329093999|2|1|-1
LdbcShortQuery7MessageReplies|1791329094001|1791329094003|3|0|-1
LdbcShortQuery1PersonProfile|1791329094006|1791329094006|3|1|-1
LdbcShortQuery2PersonPosts|1791329094009|1791329094011|2|10|-1
LdbcShortQuery3PersonFriends|1791329094013|1791329094013|4|256|-1
LdbcShortQuery4MessageContent|1791329094017|1791329094018|4|1|-1
LdbcShortQuery5MessageCreator|1791329094022|1791329094023|1|1|-1
LdbcShortQuery6MessageForum|1791329094024|1791329094024|3|1|-1
LdbcShortQuery7MessageReplies|1791329094027|1791329094028|21|0|-1
LdbcShortQuery1PersonProfile|1791329094049|1791329094050|2|1|-1
LdbcShortQuery2PersonPosts|1791329094052|1791329094052|4|10|-1
LdbcShortQuery3PersonFriends|1791329094056|1791329094058|4|0|-1
LdbcQuery1|1791329083019|1791329094063|5|0|1347529382005
LdbcShortQuery1PersonProfile|1791329094068|1791329094069|2|1|-1
LdbcShortQuery2PersonPosts|1791329094071|1791329094073|6|10|-1
LdbcShortQuery3PersonFriends|1791329094079|1791329094079|2|91|-1
LdbcShortQuery4MessageContent|1791329094081|1791329094081|1|1|-1
LdbcShortQuery5MessageCreator|1791329094082|1791329094083|1|1|-1
LdbcShortQuery6MessageForum|1791329094084|1791329094084|8|1|-1
LdbcShortQuery7MessageReplies|1791329094092|1791329094093|2|7|-1
LdbcQuery12|1791329083019|1791329094096|45|1|1347529382005
LdbcShortQuery4MessageContent|1791329094141|1791329094141|3|1|-1
LdbcShortQuery5MessageCreator|1791329094144|1791329094145|4|1|-1
LdbcShortQuery6MessageForum|1791329094149|1791329094150|3|1|-1
LdbcShortQuery7MessageReplies|1791329094153|1791329094153|2|0|-1
LdbcQuery3|1791329083019|1791329094155|46|0|1347529382005
LdbcShortQuery1PersonProfile|1791329094201|1791329094202|3|1|-1
LdbcShortQuery2PersonPosts|1791329094205|1791329094207|2|10|-1
LdbcShortQuery3PersonFriends|1791329094209|1791329094211|1|21|-1
LdbcShortQuery4MessageContent|1791329094212|1791329094212|4|1|-1
LdbcShortQuery5MessageCreator|1791329094216|1791329094217|2|1|-1
LdbcShortQuery6MessageForum|1791329094219|1791329094221|3|1|-1
LdbcShortQuery7MessageReplies|1791329094224|1791329094224|4|4|-1
LdbcShortQuery1PersonProfile|1791329094228|1791329094229|2|1|-1
LdbcShortQuery2PersonPosts|1791329094231|1791329094233|3|10|-1
LdbcShortQuery3PersonFriends|1791329094236|1791329094238|2|6|-1
LdbcShortQuery4MessageContent|1791329094240|1791329094242|3|1|-1
LdbcShortQuery5MessageCreator|1791329094245|1791329094245|3|1|-1
LdbcShortQuery6MessageForum|1791329094248|1791329094248|4|1|-1
LdbcShortQuery7MessageReplies|1791329094252|1791329094254|3|0|-1
LdbcQuery14|1791329083019|1791329094257|30|2|1347529382005
LdbcShortQuery4MessageContent|1791329094287|1791329094287|6|1|-1
LdbcShortQuery5MessageCreator|1791329094293|1791329094294|1|1|-1
LdbcShortQuery6MessageForum|1791329094295|1791329094296|4|1|-1
LdbcShortQuery7MessageReplies|1791329094300|1791329094302|2|0|-1
LdbcShortQuery1PersonProfile|1791329094304|1791329094305|2|1|-1
LdbcShortQuery2PersonPosts|1791329094307|1791329094308|3|10|-1
LdbcShortQuery3PersonFriends|1791329094311|1791329094312|3|30|-1
LdbcQuery8|1791329083019|1791329094315|7|20|1347529382005
LdbcShortQuery1PersonProfile|1791329094322|1791329094323|5|1|-1
LdbcShortQuery2PersonPosts|1791329094328|1791329094328|3|10|-1
LdbcShortQuery3PersonFriends|1791329094331|1791329094333|3|30|-1
LdbcShortQuery4MessageContent|1791329094336|1791329094337|2|1|-1
LdbcShortQuery5MessageCreator|1791329094339|1791329094340|2|1|-1
LdbcShortQuery6MessageForum|1791329094342|1791329094344|2|1|-1
LdbcShortQuery7MessageReplies|1791329094346|1791329094346|19|2|-1
LdbcQuery5|1791329083019|1791329094365|44|0|1347529382005
LdbcShortQuery4MessageContent|1791329094409|1791329094411|3|1|-1
LdbcShortQuery5MessageCreator|1791329094414|1791329094414|2|1|-1
LdbcShortQuery6MessageForum|1791329094416|1791329094416|2|1|-1
LdbcShortQuery7MessageReplies|1791329094418|1791329094418|2|0|-1
LdbcShortQuery1PersonProfile|1791329094420|1791329094421|2|1|-1
LdbcShortQuery2PersonPosts|1791329094423|1791329094423|2|10|-1
LdbcShortQuery3PersonFriends|1791329094425|1791329094426|2|41|-1
LdbcShortQuery4MessageContent|1791329094428|1791329094429|1|1|-1
LdbcShortQuery5MessageCreator|1791329094430|1791329094433|1|1|-1
LdbcShortQuery6MessageForum|1791329094434|1791329094436|2|1|-1
LdbcShortQuery7MessageReplies|1791329094438|1791329094439|2|0|-1
LdbcQuery2|1791329083019|1791329094439|9|20|1347529382005
LdbcShortQuery1PersonProfile|1791329094448|1791329094450|1|1|-1
LdbcShortQuery2PersonPosts|1791329094451|1791329094452|2|10|-1
LdbcShortQuery3PersonFriends|1791329094454|1791329094454|1|7|-1
LdbcShortQuery4MessageContent|1791329094455|1791329094456|1|1|-1
LdbcShortQuery5MessageCreator|1791329094457|1791329094458|1|1|-1
LdbcShortQuery6MessageForum|1791329094459|1791329094459|2|1|-1
LdbcShortQuery7MessageReplies|1791329094461|1791329094462|5|0|-1
LdbcQuery9|1791329083019|1791329094468|96|20|1347529382005
LdbcShortQuery4MessageContent|1791329094564|1791329094564|1|1|-1
LdbcShortQuery5MessageCreator|1791329094565|1791329094566|1|1|-1
LdbcShortQuery6MessageForum|1791329094567|1791329094567|2|1|-1
LdbcShortQuery7MessageReplies|1791329094569|1791329094570|1|0|-1
LdbcShortQuery1PersonProfile|1791329094571|1791329094571|0|1|-1
LdbcShortQuery2PersonPosts|1791329094571|1791329094572|1|10|-1
LdbcShortQuery3PersonFriends|1791329094573|1791329094573|1|49|-1
LdbcQuery11|1791329083019|1791329094575|4|0|1347529382005
LdbcShortQuery1PersonProfile|1791329094579|1791329094579|1|1|-1
LdbcShortQuery2PersonPosts|1791329094580|1791329094583|29|10|-1
LdbcShortQuery3PersonFriends|1791329094612|1791329094612|6|26|-1
LdbcQuery4|1791329083019|1791329094618|3|3|1347529382005
LdbcShortQuery4MessageContent|1791329094621|1791329094622|2|1|-1
LdbcShortQuery5MessageCreator|1791329094624|1791329094624|2|1|-1
LdbcShortQuery6MessageForum|1791329094626|1791329094627|1|1|-1
LdbcShortQuery7MessageReplies|1791329094628|1791329094629|1|0|-1
LdbcShortQuery1PersonProfile|1791329094630|1791329094632|1|1|-1
LdbcShortQuery2PersonPosts|1791329094633|1791329094635|1|10|-1
LdbcShortQuery3PersonFriends|1791329094636|1791329094638|1|52|-1
LdbcShortQuery4MessageContent|1791329094639|1791329094641|1|1|-1
LdbcShortQuery5MessageCreator|1791329094642|1791329094644|1|1|-1
LdbcShortQuery6MessageForum|1791329094645|1791329094645|1|1|-1
LdbcShortQuery7MessageReplies|1791329094646|1791329094649|2|1|-1
LdbcShortQuery1PersonProfile|1791329094651|1791329094652|1|1|-1
LdbcShortQuery2PersonPosts|1791329094653|1791329094655|2|10|-1
LdbcShortQuery3PersonFriends|1791329094657|1791329094659|4|100|-1
LdbcQuery11|1791329083505|1791329094663|6|0|1347529430612
LdbcShortQuery1PersonProfile|1791329094669|1791329094671|2|1|-1
LdbcShortQuery2PersonPosts|1791329094673|1791329094675|2|10|-1
LdbcShortQuery3PersonFriends|1791329094677|1791329094679|3|5|-1
LdbcQuery4|1791329083505|1791329094679|3|3|1347529430612
LdbcShortQuery4MessageContent|1791329094682|1791329094683|1|1|-1
LdbcShortQuery5MessageCreator|1791329094684|1791329094688|2|1|-1
LdbcShortQuery6MessageForum|1791329094690|1791329094691|1|1|-1
LdbcShortQuery7MessageReplies|1791329094692|1791329094695|2|0|-1
LdbcShortQuery1PersonProfile|1791329094697|1791329094698|2|1|-1
LdbcShortQuery2PersonPosts|1791329094700|1791329094701|2|10|-1
LdbcShortQuery3PersonFriends|1791329094703|1791329094705|2|25|-1
LdbcShortQuery4MessageContent|1791329094707|1791329094709|2|1|-1
LdbcShortQuery5MessageCreator|1791329094711|1791329094712|2|1|-1
LdbcShortQuery6MessageForum|1791329094714|1791329094716|1|1|-1
LdbcShortQuery7MessageReplies|1791329094717|1791329094719|2|4|-1
LdbcQuery3|1791329083505|1791329094719|95|0|1347529430612
LdbcShortQuery1PersonProfile|1791329094814|1791329094816|2|1|-1
LdbcShortQuery2PersonPosts|1791329094818|1791329094819|1|10|-1
LdbcShortQuery3PersonFriends|1791329094820|1791329094820|0|63|-1
LdbcShortQuery4MessageContent|1791329094820|1791329094820|0|1|-1
LdbcShortQuery5MessageCreator|1791329094820|1791329094820|0|1|-1
LdbcShortQuery6MessageForum|1791329094820|1791329094820|1|1|-1
LdbcShortQuery7MessageReplies|1791329094821|1791329094825|1|0|-1
LdbcShortQuery1PersonProfile|1791329094826|1791329094828|1|1|-1
LdbcShortQuery2PersonPosts|1791329094829|1791329094829|1|10|-1
LdbcShortQuery3PersonFriends|1791329094830|1791329094831|1|11|-1
LdbcShortQuery4MessageContent|1791329094832|1791329094832|1|1|-1
LdbcShortQuery5MessageCreator|1791329094833|1791329094834|1|1|-1
LdbcShortQuery6MessageForum|1791329094835|1791329094837|1|1|-1
LdbcShortQuery7MessageReplies|1791329094838|1791329094839|1|6|-1
LdbcShortQuery1PersonProfile|1791329094840|1791329094841|4|1|-1
LdbcShortQuery2PersonPosts|1791329094845|1791329094845|4|10|-1
LdbcShortQuery3PersonFriends|1791329094849|1791329094849|5|6|-1
LdbcQuery6|1791329083505|1791329094856|42|10|1347529430612
LdbcShortQuery4MessageContent|1791329094898|1791329094900|4|1|-1
LdbcShortQuery5MessageCreator|1791329094904|1791329094904|3|1|-1
LdbcShortQuery6MessageForum|1791329094907|1791329094908|11|1|-1
LdbcShortQuery7MessageReplies|1791329094919|1791329094920|3|6|-1
LdbcShortQuery1PersonProfile|1791329094923|1791329094923|2|1|-1
LdbcShortQuery2PersonPosts|1791329094925|1791329094926|11|10|-1
LdbcShortQuery3PersonFriends|1791329094937|1791329094937|15|11|-1
LdbcShortQuery4MessageContent|1791329094952|1791329094953|3|1|-1
LdbcShortQuery5MessageCreator|1791329094956|1791329094956|18|1|-1
LdbcShortQuery6MessageForum|1791329094974|1791329094974|3|1|-1
LdbcShortQuery7MessageReplies|1791329094977|1791329094978|3|0|-1
LdbcShortQuery1PersonProfile|1791329094981|1791329094982|15|1|-1
LdbcShortQuery2PersonPosts|1791329094997|1791329094999|3|10|-1
LdbcShortQuery3PersonFriends|1791329095002|1791329095003|3|20|-1
LdbcQuery13|1791329083505|1791329095003|8|1|1347529430612
LdbcShortQuery1PersonProfile|1791329095011|1791329095014|1|1|-1
LdbcShortQuery2PersonPosts|1791329095015|1791329095016|2|10|-1
LdbcShortQuery3PersonFriends|1791329095018|1791329095018|2|3|-1
LdbcShortQuery4MessageContent|1791329095020|1791329095021|1|1|-1
LdbcShortQuery5MessageCreator|1791329095022|1791329095023|1|1|-1
LdbcShortQuery6MessageForum|1791329095024|1791329095024|1|1|-1
LdbcShortQuery7MessageReplies|1791329095025|1791329095026|1|0|-1
LdbcShortQuery1PersonProfile|1791329095027|1791329095028|2|1|-1
LdbcShortQuery2PersonPosts|1791329095030|1791329095031|1|10|-1
LdbcShortQuery3PersonFriends|1791329095032|1791329095035|1|18|-1
LdbcQuery10|1791329083505|1791329095035|52|10|1347529430612
LdbcShortQuery4MessageContent|1791329095087|1791329095089|3|1|-1
LdbcShortQuery5MessageCreator|1791329095092|1791329095092|3|1|-1
LdbcShortQuery6MessageForum|1791329095095|1791329095095|5|1|-1
LdbcShortQuery7MessageReplies|1791329095100|1791329095100|9|6|-1
LdbcShortQuery1PersonProfile|1791329095109|1791329095111|3|1|-1
LdbcShortQuery2PersonPosts|1791329095114|1791329095114|3|10|-1
LdbcShortQuery3PersonFriends|1791329095117|1791329095118|5|44|-1
LdbcShortQuery4MessageContent|1791329095123|1791329095123|1|1|-1
LdbcShortQuery5MessageCreator|1791329095124|1791329095125|11|1|-1
LdbcShortQuery6MessageForum|1791329095136|1791329095136|3|1|-1
LdbcShortQuery7MessageReplies|1791329095139|1791329095141|2|0|-1
LdbcShortQuery1PersonProfile|1791329095143|1791329095143|4|1|-1
LdbcShortQuery2PersonPosts|1791329095147|1791329095148|4|10|-1
LdbcShortQuery3PersonFriends|1791329095152|1791329095152|2|38|-1
LdbcShortQuery4MessageContent|1791329095154|1791329095155|9|1|-1
LdbcShortQuery5MessageCreator|1791329095164|1791329095166|4|1|-1
LdbcShortQuery6MessageForum|1791329095170|1791329095170|2|1|-1
LdbcShortQuery7MessageReplies|1791329095172|1791329095174|2|0|-1
LdbcQuery12|1791329083505|1791329095176|44|0|1347529430612
LdbcShortQuery1PersonProfile|1791329095220|1791329095220|5|1|-1
LdbcShortQuery2PersonPosts|1791329095225|1791329095226|3|10|-1
LdbcShortQuery3PersonFriends|1791329095229|1791329095229|1|21|-1
LdbcShortQuery4MessageContent|1791329095230|1791329095230|1|1|-1
LdbcShortQuery5MessageCreator|1791329095231|1791329095232|1|1|-1
LdbcShortQuery6MessageForum|1791329095233|1791329095235|1|1|-1
LdbcShortQuery7MessageReplies|1791329095236|1791329095238|1|0|-1
LdbcQuery7|1791329083505|1791329095238|2|20|1347529430612
LdbcShortQuery4MessageContent|1791329095240|1791329095243|1|1|-1
LdbcShortQuery5MessageCreator|1791329095244|1791329095244|3|1|-1
LdbcShortQuery6MessageForum|1791329095247|1791329095247|5|1|-1
LdbcShortQuery7MessageReplies|1791329095252|1791329095252|5|0|-1
LdbcShortQuery1PersonProfile|1791329095257|1791329095258|1|1|-1
LdbcShortQuery2PersonPosts|1791329095259|1791329095260|6|10|-1
LdbcShortQuery3PersonFriends|1791329095266|1791329095266|3|67|-1
LdbcQuery1|1791329083505|1791329095270|153|1|1347529430612
LdbcShortQuery1PersonProfile|1791329095423|1791329095424|9|1|-1
LdbcShortQuery2PersonPosts|1791329095433|1791329095435|24|10|-1
LdbcShortQuery3PersonFriends|1791329095459|1791329095460|2|18|-1
LdbcShortQuery4MessageContent|1791329095462|1791329095462|2|1|-1
LdbcShortQuery5MessageCreator|1791329095464|1791329095466|1|1|-1
LdbcShortQuery6MessageForum|1791329095467|1791329095469|9|1|-1
LdbcShortQuery7MessageReplies|1791329095478|1791329095479|1|0|-1
LdbcShortQuery1PersonProfile|1791329095480|1791329095480|1|1|-1
LdbcShortQuery2PersonPosts|1791329095481|1791329095482|40|10|-1
LdbcShortQuery3PersonFriends|1791329095522|1791329095523|2|49|-1
LdbcShortQuery4MessageContent|1791329095525|1791329095526|1|1|-1
LdbcShortQuery5MessageCreator|1791329095527|1791329095528|1|1|-1
LdbcShortQuery6MessageForum|1791329095529|1791329095530|1|1|-1
LdbcShortQuery7MessageReplies|1791329095531|1791329095531|1|0|-1
LdbcQuery9|1791329083505|1791329095533|54|20|1347529430612
LdbcShortQuery4MessageContent|1791329095587|1791329095587|2|1|-1
LdbcShortQuery5MessageCreator|1791329095589|1791329095589|1|1|-1
LdbcShortQuery6MessageForum|1791329095590|1791329095591|1|1|-1
LdbcShortQuery7MessageReplies|1791329095592|1791329095593|1|2|-1
LdbcShortQuery1PersonProfile|1791329095594|1791329095595|1|1|-1
LdbcShortQuery2PersonPosts|1791329095596|1791329095598|1|3|-1
LdbcShortQuery3PersonFriends|1791329095599|1791329095600|5|230|-1
LdbcQuery5|1791329083505|1791329095605|85|20|1347529430612
LdbcShortQuery1PersonProfile|1791329095690|1791329095690|2|1|-1
LdbcShortQuery2PersonPosts|1791329095692|1791329095693|2|10|-1
LdbcShortQuery3PersonFriends|1791329095695|1791329095695|2|17|-1
LdbcShortQuery4MessageContent|1791329095697|1791329095699|2|1|-1
LdbcShortQuery5MessageCreator|1791329095701|1791329095702|1|1|-1
LdbcShortQuery6MessageForum|1791329095703|1791329095705|1|1|-1
LdbcShortQuery7MessageReplies|1791329095706|1791329095713|2|7|-1
LdbcQuery14|1791329083505|1791329095714|4|1|1347529430612
LdbcShortQuery4MessageContent|1791329095718|1791329095721|1|1|-1
LdbcShortQuery5MessageCreator|1791329095722|1791329095724|2|1|-1
LdbcShortQuery6MessageForum|1791329095726|1791329095728|3|1|-1
LdbcShortQuery7MessageReplies|1791329095731|1791329095733|2|6|-1
LdbcShortQuery1PersonProfile|1791329095735|1791329095736|1|1|-1
LdbcShortQuery2PersonPosts|1791329095737|1791329095740|2|10|-1
LdbcShortQuery3PersonFriends|1791329095742|1791329095744|2|29|-1
LdbcQuery8|1791329083505|1791329095746|4|20|1347529430612
LdbcShortQuery1PersonProfile|1791329095750|1791329095750|1|1|-1
LdbcShortQuery2PersonPosts|1791329095751|1791329095751|1|10|-1
LdbcShortQuery3PersonFriends|1791329095752|1791329095753|2|41|-1
LdbcShortQuery4MessageContent|1791329095755|1791329095755|1|1|-1
LdbcShortQuery5MessageCreator|1791329095756|1791329095757|1|1|-1
LdbcShortQuery6MessageForum|1791329095758|1791329095758|1|1|-1
LdbcShortQuery7MessageReplies|1791329095759|1791329095760|1|0|-1
LdbcShortQuery1PersonProfile|1791329095761|1791329095762|1|1|-1
LdbcShortQuery2PersonPosts|1791329095763|1791329095766|2|10|-1
LdbcShortQuery3PersonFriends|1791329095768|1791329095770|2|33|-1
LdbcQuery2|1791329083505|1791329095770|12|20|1347529430612
LdbcShortQuery4MessageContent|1791329095782|1791329095784|2|1|-1
LdbcShortQuery5MessageCreator|1791329095786|1791329095787|2|1|-1
LdbcShortQuery6MessageForum|1791329095789|1791329095790|1|1|-1
LdbcShortQuery7MessageReplies|1791329095791|1791329095791|1|0|-1
LdbcShortQuery1PersonProfile|1791329095792|1791329095793|2|1|-1
LdbcShortQuery2PersonPosts|1791329095795|1791329095795|2|10|-1
LdbcShortQuery3PersonFriends|1791329095797|1791329095799|10|269|-1
LdbcQuery8|1791329083991|1791329095807|6|20|1347529479219
LdbcShortQuery1PersonProfile|1791329095813|1791329095815|1|1|-1
LdbcShortQuery2PersonPosts|1791329095816|1791329095817|5|10|-1
LdbcShortQuery3PersonFriends|1791329095822|1791329095823|6|16|-1
LdbcShortQuery4MessageContent|1791329095829|1791329095829|2|1|-1
LdbcShortQuery5MessageCreator|1791329095831|1791329095832|2|1|-1
LdbcShortQuery6MessageForum|1791329095834|1791329095836|6|1|-1
LdbcShortQuery7MessageReplies|1791329095842|1791329095843|15|0|-1
LdbcShortQuery1PersonProfile|1791329095858|1791329095859|1|1|-1
LdbcShortQuery2PersonPosts|1791329095860|1791329095861|2|10|-1
LdbcShortQuery3PersonFriends|1791329095863|1791329095865|2|96|-1
LdbcShortQuery4MessageContent|1791329095867|1791329095869|1|1|-1
LdbcShortQuery5MessageCreator|1791329095870|1791329095871|1|1|-1
LdbcShortQuery6MessageForum|1791329095872|1791329095874|1|1|-1
LdbcShortQuery7MessageReplies|1791329095875|1791329095877|1|0|-1
LdbcShortQuery1PersonProfile|1791329095878|1791329095878|1|1|-1
LdbcShortQuery2PersonPosts|1791329095879|1791329095879|1|10|-1
LdbcShortQuery3PersonFriends|1791329095880|1791329095881|1|41|-1
LdbcQuery2|1791329083991|1791329095883|14|20|1347529479219
LdbcShortQuery4MessageContent|1791329095897|1791329095897|1|1|-1
LdbcShortQuery5MessageCreator|1791329095898|1791329095900|1|1|-1
LdbcShortQuery6MessageForum|1791329095901|1791329095902|1|1|-1
LdbcShortQuery7MessageReplies|1791329095903|1791329095904|1|5|-1
LdbcShortQuery1PersonProfile|1791329095905|1791329095907|1|1|-1
LdbcShortQuery2PersonPosts|1791329095908|1791329095910|1|10|-1
LdbcShortQuery3PersonFriends|1791329095911|1791329095912|1|33|-1
LdbcShortQuery4MessageContent|1791329095913|1791329095913|0|1|-1
LdbcShortQuery5MessageCreator|1791329095913|1791329095914|1|1|-1
LdbcShortQuery6MessageForum|1791329095915|1791329095915|0|1|-1
LdbcShortQuery7MessageReplies|1791329095915|1791329095916|0|0|-1
LdbcQuery12|1791329083991|1791329095917|67|2|1347529479219
LdbcShortQuery1PersonProfile|1791329095984|1791329095984|3|1|-1
LdbcShortQuery2PersonPosts|1791329095987|1791329095987|3|10|-1
LdbcShortQuery3PersonFriends|1791329095990|1791329095991|2|41|-1
LdbcShortQuery4MessageContent|1791329095993|1791329095993|3|1|-1
LdbcShortQuery5MessageCreator|1791329095996|1791329095998|2|1|-1
LdbcShortQuery6MessageForum|1791329096000|1791329096002|5|1|-1
LdbcShortQuery7MessageReplies|1791329096007|1791329096008|14|0|-1
LdbcQuery3|1791329083991|1791329096021|48|0|1347529479219
LdbcShortQuery4MessageContent|1791329096069|1791329096070|2|1|-1
LdbcShortQuery5MessageCreator|1791329096072|1791329096075|2|1|-1
LdbcShortQuery6MessageForum|1791329096077|1791329096079|2|1|-1
LdbcShortQuery7MessageReplies|1791329096081|1791329096081|2|0|-1
LdbcShortQuery1PersonProfile|1791329096083|1791329096083|1|1|-1
LdbcShortQuery2PersonPosts|1791329096084|1791329096085|3|10|-1
LdbcShortQuery3PersonFriends|1791329096088|1791329096088|2|31|-1
LdbcQuery11|1791329083991|1791329096091|4|0|1347529479219
LdbcShortQuery1PersonProfile|1791329096095|1791329096095|1|1|-1
LdbcShortQuery2PersonPosts|1791329096096|1791329096099|2|10|-1
LdbcShortQuery3PersonFriends|1791329096101|1791329096103|2|3|-1
LdbcShortQuery4MessageContent|1791329096105|1791329096106|1|1|-1
LdbcShortQuery5MessageCreator|1791329096107|1791329096109|2|1|-1
LdbcShortQuery6MessageForum|1791329096111|1791329096112|2|1|-1
LdbcShortQuery7MessageReplies|1791329096114|1791329096114|2|4|-1
LdbcQuery4|1791329083991|1791329096117|3|3|1347529479219
LdbcShortQuery4MessageContent|1791329096120|1791329096121|2|1|-1
LdbcShortQuery5MessageCreator|1791329096123|1791329096123|1|1|-1
LdbcShortQuery6MessageForum|1791329096124|1791329096125|2|1|-1
LdbcShortQuery7MessageReplies|1791329096127|1791329096128|2|7|-1
LdbcShortQuery1PersonProfile|1791329096130|1791329096132|1|1|-1
LdbcShortQuery2PersonPosts|1791329096133|1791329096135|2|10|-1
LdbcShortQuery3PersonFriends|1791329096137|1791329096138|2|15|-1
LdbcQuery10|1791329083991|1791329096140|25|10|1347529479219
LdbcShortQuery1PersonProfile|1791329096165|1791329096166|3|1|-1
LdbcShortQuery2PersonPosts|1791329096169|1791329096170|4|10|-1
LdbcShortQuery3PersonFriends|1791329096174|1791329096174|4|60|-1
LdbcShortQuery4MessageContent|1791329096178|1791329096179|5|1|-1
LdbcShortQuery5MessageCreator|1791329096184|1791329096184|7|1|-1
LdbcShortQuery6MessageForum|1791329096191|1791329096192|1|1|-1
LdbcShortQuery7MessageReplies|1791329096193|1791329096195|8|11|-1
LdbcShortQuery1PersonProfile|1791329096203|1791329096203|15|1|-1
LdbcShortQuery2PersonPosts|1791329096218|1791329096219|3|10|-1
LdbcShortQuery3PersonFriends|1791329096222|1791329096222|1|52|-1
LdbcShortQuery4MessageContent|1791329096223|1791329096224|2|1|-1
LdbcShortQuery5MessageCreator|1791329096226|1791329096226|11|1|-1
LdbcShortQuery6MessageForum|1791329096237|1791329096240|3|1|-1
LdbcShortQuery7MessageReplies|1791329096243|1791329096244|3|0|-1
LdbcShortQuery1PersonProfile|1791329096247|1791329096247|1|1|-1
LdbcShortQuery2PersonPosts|1791329096248|1791329096248|2|10|-1
LdbcShortQuery3PersonFriends|1791329096250|1791329096250|2|25|-1
LdbcQuery6|1791329083991|1791329096250|58|10|1347529479219
LdbcShortQuery4MessageContent|1791329096308|1791329096311|7|1|-1
LdbcShortQuery5MessageCreator|1791329096318|1791329096319|3|1|-1
LdbcShortQuery6MessageForum|1791329096322|1791329096322|2|1|-1
LdbcShortQuery7MessageReplies|1791329096324|1791329096325|2|0|-1
LdbcShortQuery1PersonProfile|1791329096327|1791329096328|2|1|-1
LdbcShortQuery2PersonPosts|1791329096330|1791329096332|2|10|-1
LdbcShortQuery3PersonFriends|1791329096334|1791329096334|3|25|-1
LdbcShortQuery4MessageContent|1791329096337|1791329096337|19|1|-1
LdbcShortQuery5MessageCreator|1791329096356|1791329096358|12|1|-1
LdbcShortQuery6MessageForum|1791329096370|1791329096371|4|1|-1
LdbcShortQuery7MessageReplies|1791329096375|1791329096376|19|0|-1
LdbcQuery13|1791329083991|1791329096395|6|1|1347529479219
LdbcShortQuery1PersonProfile|1791329096401|1791329096402|3|1|-1
LdbcShortQuery2PersonPosts|1791329096405|1791329096408|2|10|-1
LdbcShortQuery3PersonFriends|1791329096410|1791329096411|2|33|-1
LdbcQuery14|1791329083991|1791329096414|16|4|1347529479219
LdbcShortQuery4MessageContent|1791329096430|1791329096432|5|1|-1
LdbcShortQuery5MessageCreator|1791329096437|1791329096439|5|1|-1
LdbcShortQuery6MessageForum|1791329096444|1791329096445|3|1|-1
LdbcShortQuery7MessageReplies|1791329096448|1791329096448|4|1|-1
LdbcShortQuery1PersonProfile|1791329096452|1791329096452|3|1|-1
LdbcShortQuery2PersonPosts|1791329096455|1791329096456|4|10|-1
LdbcShortQuery3PersonFriends|1791329096460|1791329096460|5|340|-1
LdbcShortQuery4MessageContent|1791329096465|1791329096465|4|1|-1
LdbcShortQuery5MessageCreator|1791329096469|1791329096469|3|1|-1
LdbcShortQuery6MessageForum|1791329096472|1791329096473|4|1|-1
LdbcShortQuery7MessageReplies|1791329096477|1791329096477|4|7|-1
LdbcQuery9|1791329083991|1791329096481|101|20|1347529479219
LdbcShortQuery1PersonProfile|1791329096582|1791329096582|2|1|-1
LdbcShortQuery2PersonPosts|1791329096584|1791329096585|2|10|-1
LdbcShortQuery3PersonFriends|1791329096587|1791329096588|2|11|-1
LdbcShortQuery4MessageContent|1791329096590|1791329096590|2|1|-1
LdbcShortQuery5MessageCreator|1791329096592|1791329096592|1|1|-1
LdbcShortQuery6MessageForum|1791329096593|1791329096594|2|1|-1
LdbcShortQuery7MessageReplies|1791329096596|1791329096598|2|1|-1
LdbcQuery7|1791329083991|1791329096598|4|20|1347529479219
LdbcShortQuery4MessageContent|1791329096602|1791329096602|2|1|-1
LdbcShortQuery5MessageCreator|1791329096604|1791329096606|1|1|-1
LdbcShortQuery6MessageForum|1791329096607|1791329096609|1|1|-1
LdbcShortQuery7MessageReplies|1791329096610|1791329096612|1|0|-1
LdbcShortQuery1PersonProfile|1791329096613|1791329096613|1|1|-1
LdbcShortQuery2PersonPosts|1791329096614|1791329096615|2|10|-1
LdbcShortQuery3PersonFriends|1791329096617|1791329096618|3|27|-1
LdbcShortQuery4MessageContent|1791329096621|1791329096621|1|1|-1
LdbcShortQuery5MessageCreator|1791329096622|1791329096623|1|1|-1
LdbcShortQuery6MessageForum|1791329096624|1791329096625|2|1|-1
LdbcShortQuery7MessageReplies|1791329096627|1791329096628|3|0|-1
LdbcQuery1|1791329083991|1791329096629|7|2|1347529479219
LdbcShortQuery1PersonProfile|1791329096636|1791329096638|2|1|-1
LdbcShortQuery2PersonPosts|1791329096640|1791329096641|1|3|-1
LdbcShortQuery3PersonFriends|1791329096642|1791329096645|3|12|-1
LdbcShortQuery4MessageContent|1791329096648|1791329096648|3|1|-1
LdbcShortQuery5MessageCreator|1791329096651|1791329096651|7|1|-1
LdbcShortQuery6MessageForum|1791329096658|1791329096659|3|1|-1
LdbcShortQuery7MessageReplies|1791329096662|1791329096662|3|7|-1
