mode,tier,requests,independent_epochs,request_ms_mean,request_ms_p95,with_build_ms_mean,bootstrap_low,bootstrap_high,node_error_mean,edge_error_mean,violation_rate,count_calls_mean
exact,all,375,5,30.065538399969228,86.85956999252086,30.065538399969228,28.972559199978907,31.0763234666083,0.0,0.0,0,2
exact,performance,150,5,30.95203333340275,95.74595000594846,30.95203333340275,29.405169332943238,32.84936466787864,0.0,0.0,0,2
exact,balanced,75,5,31.966894667323988,85.05238000361713,31.966894667323988,27.664730667408243,35.61772666813341,0.0,0.0,0,2
exact,quality,75,5,29.306093332512926,88.58759999711764,29.306093332512926,24.876714666606862,32.76558399918334,0.0,0.0,0,2
exact,exact,75,5,27.15063733320373,74.67527999979211,27.15063733320373,23.937113332018875,31.115593333767414,0.0,0.0,0,2
fixed10,all,375,5,14.100505600101314,27.216210000915453,19.111894933429237,18.224618666339666,20.0791610670664,0.06810677015225872,0.14853571472298138,0.824,2
fixed10,performance,150,5,13.909331999796754,24.754399993980766,18.920721333124675,17.534561467279367,20.319623466212455,0.06810677015225872,0.14853571472298138,0.6,2
fixed10,balanced,75,5,14.901708000300763,27.373259990417864,19.913097333628684,17.974457867133122,21.711754400942784,0.06810677015225872,0.14853571472298138,0.96,2
fixed10,quality,75,5,13.657537333783694,24.589810006727927,18.668926667111617,16.259276532917283,20.82609733419182,0.06810677015225872,0.14853571472298138,0.96,2
fixed10,exact,75,5,14.12461866682861,26.344049996987447,19.136008000156533,16.7806960013307,21.03905626491178,0.06810677015225872,0.14853571472298138,1,2
fixed25,all,375,5,17.841058400226757,36.588639994442936,22.85244773355468,22.052468533278443,23.61764320052074,0.048678846620571606,0.1278238155054838,0.776,2
fixed25,performance,150,5,18.112116000750877,34.92970499864892,23.1235053340788,21.365940135030538,24.881070533127055,0.048678846620571606,0.1278238155054838,0.52,2
fixed25,balanced,75,5,18.28195200030071,34.2189100003452,23.293341333628632,20.661678399269782,25.700534400336135,0.048678846620571606,0.1278238155054838,0.88,2
fixed25,quality,75,5,18.937197332658496,46.767240001645405,23.948586665986415,19.935151467138592,26.85864506595923,0.048678846620571606,0.1278238155054838,0.96,2
fixed25,exact,75,5,15.761910666672824,31.344739996711716,20.773300000000745,18.221546760858228,23.165085599136848,0.048678846620571606,0.1278238155054838,1,2
fixed50,all,375,5,25.810002933101106,64.42003000120167,30.82139226642903,29.418999199367438,32.46669493343991,0.032276198575378924,0.0819465065828316,0.648,2
fixed50,performance,150,5,26.82562266631673,68.59436000886477,31.83701199964465,30.122801599830076,33.3943125330649,0.032276198575378924,0.0819465065828316,0.2,2
fixed50,balanced,75,5,25.9318080007021,61.28679000248666,30.94319733403002,26.859301601769403,35.22459040116519,0.032276198575378924,0.0819465065828316,0.84,2
fixed50,quality,75,5,25.380726665801678,65.69796999683602,30.3921159991296,25.99458079835555,33.15149919937054,0.032276198575378924,0.0819465065828316,1,2
fixed50,exact,75,5,24.086234666368302,59.495139993668985,29.097623999696225,25.038651320259667,32.988032265333466,0.032276198575378924,0.0819465065828316,1,2
fixed75,all,375,5,31.96742186656532,81.47599999938393,36.978811199893244,35.881954932895795,37.93810906629854,0.01625064114958663,0.035473407095009915,0.44,2
fixed75,performance,150,5,32.00228599976981,78.29146499716443,37.01367533309773,34.87454333319329,38.644861733094636,0.01625064114958663,0.035473407095009915,0,2
fixed75,balanced,75,5,34.46478133322671,92.19919999741249,39.47617066655464,34.749218893950456,43.559524799774714,0.01625064114958663,0.035473407095009915,0.4,2
fixed75,quality,75,5,32.138330666930415,84.61806000123032,37.149720000258334,31.846365866445314,41.14629200027169,0.01625064114958663,0.035473407095009915,0.8,2
fixed75,exact,75,5,29.229425333129864,72.6686700028949,34.24081466645779,30.358021066252455,38.12360826666312,0.01625064114958663,0.035473407095009915,1,2
exhaustive,all,375,5,30.46570586708064,94.79669000720607,30.46570586708064,28.70696776037027,31.738496000257634,0.0,0.0,0,2
exhaustive,performance,150,5,31.471546000781625,96.79436000587881,31.471546000781625,29.04741266713245,33.24163400112108,0.0,0.0,0,2
exhaustive,balanced,75,5,31.431968000057775,89.14025999838486,31.431968000057775,27.30244666726018,33.84463466703892,0.0,0.0,0,2
exhaustive,quality,75,5,29.883559999677043,83.49821000156217,29.88355999967704,25.781859999600176,33.14723743333403,0.0,0.0,0,2
exhaustive,exact,75,5,28.06990933410513,77.77456999756392,28.06990933410513,23.38310933400256,33.13273733404154,0.0,0.0,0,2
nsga2,all,375,5,30.560525866419386,89.58284999389434,30.56052586641939,29.318635466469765,31.819021066146284,0.0,0.0,0,2
nsga2,performance,150,5,31.038792666707497,89.60222999667165,31.0387926667075,29.038818000117317,33.038767333297685,0.0,0.0,0,2
nsga2,balanced,75,5,30.935481332902175,82.84733999898887,30.935481332902178,26.272715999317978,33.498763998892784,0.0,0.0,0,2
nsga2,quality,75,5,30.315866666302707,95.22832999937235,30.315866666302707,24.577114666268855,34.55004800014042,0.0,0.0,0,2
nsga2,exact,75,5,29.47369599947706,82.98601000278721,29.47369599947706,24.85967600058454,34.32736533267113,0.0,0.0,0,2
adaptive,all,375,5,31.205426932972234,88.30911999830279,36.21681626630016,34.565348000032834,37.71601093281061,0.0,0.0,0,2.1333333333333333
adaptive,performance,150,5,32.81238533284826,87.65341000180341,37.82377466617618,35.4995282664507,39.784438666809976,0.0,0.0,0,2.3333333333333335
adaptive,balanced,75,5,33.09731333264305,91.94444999302502,38.10870266597097,32.78310266509652,43.48532106541097,0.0,0.0,0,2
adaptive,quality,75,5,29.000869333588827,89.09495000116291,34.01225866691675,30.266333866980858,37.75818346685264,0.0,0.0,0,2
adaptive,exact,75,5,28.304181332932785,75.4405200044857,33.315570666260705,29.454703199948803,37.81035413166198,0.0,0.0,0,2
