epoch,mode,init_ms,components,online_ms,failures,calls
0,no_history,4.528899997239932,120,1829.4452999252826,0,132
0,exact,0.002100015990436077,120,3167.7510998561047,0,120
0,joint_no_history,4.865700000664219,120,1955.2101001900155,0,140
1,no_history,5.857800017111003,120,1772.2932003380265,0,136
1,exact,0.0018999853637069464,120,2813.9432000753004,0,120
1,joint_no_history,8.488599996780977,120,2337.6725999405608,0,147
2,joint_no_history,6.704900006297976,120,2155.086700251559,0,151
2,no_history,4.224200005410239,120,1593.680999794742,0,138
2,exact,0.0020999868866056204,120,3267.514700011816,0,120
3,no_history,9.966400015400723,120,1956.1035001534037,0,136
3,joint_no_history,5.367499979911372,120,2359.19550008839,0,145
3,exact,0.002200016751885414,120,3367.0879000274,0,120
4,exact,0.0004999747034162283,120,2739.286400086712,0,120
4,joint_no_history,8.883499976946041,120,2647.939099930227,0,151
4,no_history,3.480699990177527,120,1845.2173998812214,0,139
5,joint_no_history,10.165399988181889,120,2487.8648000303656,0,147
5,exact,0.001900014467537403,120,3249.9659998284187,0,120
5,no_history,5.684099975042045,120,1761.9448999757878,0,132
